H|gnd|1|EDDM
M|osm|2026-10-09T12:38:36Z|ODbL|openstreetmap.org/copyright
A|EDDM|48.353800|11.786100|23.0|osm
N|0|48.360152|11.766582||
N|1|48.359854|11.767312|HT|
N|2|48.359912|11.768250||
N|3|48.359969|11.768923|HT|
N|4|48.360042|11.769791||
N|5|48.360091|11.770487||
N|6|48.360095|11.770565|HT|
N|7|48.360682|11.775828|HT|
N|8|48.360686|11.775871||
N|9|48.360745|11.776578||
N|10|48.360779|11.777014||
N|11|48.360796|11.777244|HT|
N|12|48.360823|11.777570||
N|13|48.361240|11.783157||
N|14|48.361309|11.784091|HT|
N|15|48.361321|11.784246||
N|16|48.361360|11.784777||
N|17|48.361408|11.785389||
N|18|48.361413|11.785451|HT|
N|19|48.361444|11.785848||
N|20|48.361883|11.791454|HT|
N|21|48.361921|11.791969||
N|22|48.361944|11.792266||
N|23|48.361999|11.792971||
N|24|48.362059|11.793644|HT|
N|25|48.362097|11.794176||
N|26|48.362184|11.795349||
N|27|48.362331|11.797330||
N|28|48.362353|11.797626|HT|
N|29|48.362404|11.798310||
N|30|48.362452|11.798936||
N|31|48.362457|11.798997|HT|
N|32|48.362522|11.799842||
N|33|48.362895|11.804685||
N|34|48.362920|11.805006|HT|
N|35|48.362972|11.805682||
N|36|48.363024|11.806364|HT|
N|37|48.363091|11.807236||
N|38|48.363431|11.811662||
N|39|48.363456|11.811979|HT|
N|40|48.363461|11.812034||
N|41|48.363504|11.812658||
N|42|48.363551|11.813264||
N|43|48.363557|11.813336|HT|
N|44|48.363622|11.814169||
N|45|48.363983|11.818910|HT|
N|46|48.363951|11.819200||
N|47|48.363894|11.820093||
N|48|48.363917|11.820391||
N|49|48.363946|11.820760||
N|50|48.363949|11.820794|HT|
N|51|48.363952|11.820833||
N|52|48.364001|11.821465||
N|53|48.364051|11.822090|HT|
N|54|48.364078|11.822435||
N|55|48.364193|11.823062||
N|56|48.364357|11.823721|HT|
N|57|48.364474|11.825218||
N|58|48.363057|11.821022||
N|59|48.363574|11.821544|HT|
N|60|48.364422|11.821390||
N|61|48.365073|11.821275|HI|
N|62|48.365811|11.821108|HR|26R A14
N|63|48.366722|11.819193|X|
N|64|48.363136|11.821998||
N|65|48.363857|11.823044|HT|
N|66|48.364719|11.822970||
N|67|48.365195|11.822889|HI|
N|68|48.366017|11.821954|HR|26R A15
N|69|48.366734|11.819348|X|
N|70|48.362402|11.812390||
N|71|48.362893|11.812756|HT|
N|72|48.363098|11.812720||
N|73|48.364177|11.811851|HT|
N|74|48.364574|11.810483|HI|
N|75|48.365009|11.808986|HR|26R A12
N|76|48.365628|11.804942|X|
N|77|48.361865|11.805402||
N|78|48.362364|11.805791|HT|
N|79|48.363649|11.804882|HT|
N|80|48.364049|11.803486|HI|
N|81|48.364419|11.802196|HR|26R A10
N|82|48.365096|11.798004|X|
N|83|48.361299|11.798019||
N|84|48.361799|11.798419|HT|
N|85|48.361985|11.798387||
N|86|48.363080|11.797508|HT|
N|87|48.363458|11.796194|HR|
N|88|48.363701|11.795379||
N|89|48.364423|11.792525||
N|90|48.364519|11.790486|X|
N|91|48.362464|11.792896||
N|92|48.358728|11.764493||
N|93|48.360627|11.765461|HI|
N|94|48.360733|11.765690||
N|95|48.361476|11.766672||
N|96|48.359004|11.768088||
N|97|48.360465|11.766522|HI|
N|98|48.360483|11.766519||
N|99|48.361618|11.766844|HR|08L A1
N|100|48.362887|11.769223|X|
N|101|48.342987|11.749185||
N|102|48.343492|11.750063|HT|
N|103|48.343542|11.750723||
N|104|48.343591|11.751347||
N|105|48.343593|11.751395|HT|
N|106|48.343594|11.751430||
N|107|48.343659|11.752261||
N|108|48.343622|11.753500||
N|109|48.343595|11.753724|HT|
N|110|48.343865|11.757240|HT|
N|111|48.343877|11.757398||
N|112|48.343930|11.758041||
N|113|48.343957|11.758415||
N|114|48.344009|11.759066|HT|
N|115|48.344060|11.759716||
N|116|48.344505|11.765501||
N|117|48.344570|11.766347|HT|
N|118|48.344573|11.766382||
N|119|48.344623|11.767036||
N|120|48.344671|11.767645||
N|121|48.344675|11.767707|HT|
N|122|48.344699|11.768006||
N|123|48.345064|11.772963||
N|124|48.345184|11.774399||
N|125|48.345229|11.774999||
N|126|48.345258|11.775387||
N|127|48.345509|11.778522|HT|
N|128|48.345511|11.778558||
N|129|48.345559|11.779201||
N|130|48.345582|11.779492||
N|131|48.345592|11.779616||
N|132|48.345611|11.779875|HT|
N|133|48.345638|11.780203||
N|134|48.345654|11.780397||
N|135|48.345676|11.780707||
N|136|48.345683|11.780809||
N|137|48.345736|11.781477|HT|
N|138|48.345759|11.781786||
N|139|48.346118|11.786427||
N|140|48.346140|11.786720|HT|
N|141|48.346145|11.786784||
N|142|48.346190|11.787401||
N|143|48.346235|11.787944||
N|144|48.346242|11.788074|HT|
N|145|48.346308|11.788925||
N|146|48.346746|11.794622||
N|147|48.346768|11.794926|HT|
N|148|48.346820|11.795594||
N|149|48.346873|11.796233||
N|150|48.346873|11.796282|HT|
N|151|48.346915|11.796818||
N|152|48.346994|11.797823||
N|153|48.346998|11.797888|HT|
N|154|48.347218|11.800800|HT|
N|155|48.347470|11.801634||
N|156|48.347524|11.802376||
N|157|48.347560|11.803050||
N|158|48.347639|11.803927||
N|159|48.347690|11.804694||
N|160|48.347664|11.805551||
N|161|48.347621|11.806216||
N|162|48.347742|11.807765||
N|163|48.344688|11.803059|X|
N|164|48.345721|11.805064|HR|26L B14
N|165|48.345736|11.805080|HR|26L B15
N|166|48.346704|11.805710|HI|
N|167|48.347150|11.805632||
N|168|48.348182|11.805263|HT|
N|169|48.348560|11.804089||
N|170|48.348313|11.801011||
N|171|48.347928|11.801912|HT|
N|172|48.347760|11.802226||
N|173|48.346875|11.802490||
N|174|48.346463|11.802562|HI|
N|175|48.345591|11.802716|HR|26L B13
N|176|48.344614|11.802097|X|
N|177|48.343623|11.789210|X|
N|178|48.344796|11.792551|HR|26L B12
N|179|48.345451|11.793871|HI|
N|180|48.346044|11.795045|HT|
N|181|48.346074|11.795103||
N|182|48.346701|11.796385|HT|
N|183|48.347377|11.797138||
N|184|48.347566|11.797101|HT|
N|185|48.347599|11.797094||
N|186|48.348006|11.797027||
N|187|48.342964|11.780642|X|
N|188|48.343078|11.781351||
N|189|48.344207|11.784401||
N|190|48.344543|11.785085|HR|26L B10
N|191|48.344961|11.785944|HI|
N|192|48.345409|11.786845|HT|
N|193|48.345464|11.786955||
N|194|48.346075|11.788179|HT|
N|195|48.346948|11.787275||
N|196|48.346812|11.787296|HT|
N|197|48.346620|11.787326||
N|198|48.345024|11.781576||
N|199|48.346077|11.780738||
N|200|48.344525|11.775142||
N|201|48.342332|11.772431|X|
N|202|48.342531|11.773545||
N|203|48.343990|11.777036||
N|204|48.344329|11.777752|HR|26L B14
N|205|48.344786|11.778648|HT|
N|206|48.344800|11.778676||
N|207|48.344829|11.778735|HR|26L B14
N|208|48.345096|11.779268||
N|209|48.345214|11.779512||
N|210|48.345441|11.779979|HT|
N|211|48.345467|11.780029||
N|212|48.345515|11.780123||
N|213|48.345745|11.780547||
N|214|48.346301|11.780699|HT|
N|215|48.346753|11.780621||
N|216|48.347495|11.767167||
N|217|48.347375|11.766839||
N|218|48.346789|11.758038||
N|219|48.346350|11.757496||
N|220|48.344385|11.750056||
N|221|48.343691|11.749135|HT|
N|222|48.360172|11.794910||
N|223|48.360608|11.794839|HT|
N|224|48.360617|11.794837||
N|225|48.360767|11.794817||
N|226|48.361052|11.794767||
N|227|48.360084|11.793300||
N|228|48.360483|11.793228|HT|
N|229|48.360533|11.793221||
N|230|48.360611|11.793211||
N|231|48.360928|11.793155||
N|232|48.358828|11.776892||
N|233|48.359224|11.776832|HT|
N|234|48.359240|11.776830||
N|235|48.359348|11.776812||
N|236|48.359666|11.776758||
N|237|48.359834|11.778913||
N|238|48.359386|11.778438||
N|239|48.359349|11.778444|HT|
N|240|48.358974|11.778507||
N|241|48.347331|11.780527||
N|242|48.347620|11.780477||
N|243|48.347212|11.778918||
N|244|48.347084|11.778940|HT|
N|245|48.347016|11.778952||
N|246|48.346631|11.779011||
N|247|48.347512|11.778866||
N|248|48.360592|11.784906||
N|249|48.360755|11.784878|HT|
N|250|48.360965|11.784847||
N|251|48.361059|11.784830||
N|252|48.362149|11.785335|HT|
N|253|48.362748|11.786543|HI|
N|254|48.363317|11.787692|HR|08L A6
N|255|48.363726|11.788522||
N|256|48.364621|11.791812|X|
N|257|48.361481|11.784002|HT|
N|258|48.361500|11.794695||
N|259|48.361514|11.794692|HT|
N|260|48.361697|11.794662||
N|261|48.362240|11.793673|HT|
N|262|48.362406|11.793092||
N|263|48.362643|11.792277||
N|264|48.362673|11.792171||
N|265|48.362682|11.792143|HT|
N|266|48.363451|11.789475|HR|
N|267|48.364123|11.785330|X|
N|268|48.358877|11.766555|HT|
N|269|48.359030|11.768427|HT|
N|270|48.359121|11.769590||
N|271|48.359245|11.771190||
N|272|48.359251|11.771272|HT|
N|273|48.359613|11.776074|HT|
N|274|48.359617|11.776126||
N|275|48.359627|11.776251||
N|276|48.359701|11.777230||
N|277|48.359710|11.777356||
N|278|48.359716|11.777431|HT|
N|279|48.359738|11.777721||
N|280|48.359843|11.779040|HT|
N|281|48.360087|11.782213||
N|282|48.360246|11.784287|HT|
N|283|48.360329|11.785366||
N|284|48.360350|11.785639|HT|
N|285|48.360876|11.792476|HT|
N|286|48.360975|11.793809||
N|287|48.360977|11.793835|HT|
N|288|48.361005|11.794160||
N|289|48.361088|11.795241||
N|290|48.361098|11.795378||
N|291|48.361103|11.795442|HT|
N|292|48.361283|11.797815|HT|
N|293|48.361387|11.799169|HT|
N|294|48.361849|11.805195|HT|
N|295|48.361958|11.806536|HT|
N|296|48.362384|11.812158|HT|
N|297|48.362488|11.813515|HT|
N|298|48.362886|11.818750|HT|
N|299|48.362890|11.818814||
N|300|48.363251|11.823475|HT|
N|301|48.363391|11.825270||
N|302|48.359451|11.768572||
N|303|48.359491|11.768518||
N|304|48.360349|11.768172||
N|305|48.360977|11.768059|HI|
N|306|48.361703|11.767969|HR|08L A2
N|307|48.362908|11.769490|X|
N|308|48.343072|11.750796||
N|309|48.342485|11.750903|HI|
N|310|48.341741|11.751074|HR|08R B2
N|311|48.340838|11.752996|X|
N|312|48.363441|11.819653|HT|
N|313|48.363734|11.820003||
N|314|48.364422|11.820027||
N|315|48.364967|11.819937|HI|
N|316|48.365815|11.819798|HR|26R A13
N|317|48.366684|11.818697|X|
N|318|48.344672|11.802857|X|
N|319|48.345862|11.804194|HR|26L B14
N|320|48.346583|11.804107|HI|
N|321|48.346995|11.804037||
N|322|48.348041|11.803676||
N|323|48.348077|11.803634|HT|
N|324|48.348264|11.803309||
N|325|48.348425|11.802462||
N|326|48.345824|11.745579||
N|327|48.345830|11.745655||
N|328|48.345874|11.746219||
N|329|48.345891|11.746447||
N|330|48.345915|11.746750||
N|331|48.345942|11.747100|HT|
N|332|48.346046|11.748449|HT|
N|333|48.346120|11.749408||
N|334|48.346142|11.749680||
N|335|48.346163|11.749953||
N|336|48.346204|11.750486||
N|337|48.346225|11.750762||
N|338|48.346246|11.751029||
N|339|48.346288|11.751578||
N|340|48.346309|11.751849||
N|341|48.346330|11.752118||
N|342|48.346372|11.752657||
N|343|48.346393|11.752932||
N|344|48.346414|11.753205||
N|345|48.346455|11.753733||
N|346|48.346477|11.754009||
N|347|48.346498|11.754281||
N|348|48.346540|11.754827||
N|349|48.346561|11.755094||
N|350|48.346581|11.755361||
N|351|48.346624|11.755908||
N|352|48.346645|11.756177||
N|353|48.346666|11.756448||
N|354|48.346689|11.756756|HT|
N|355|48.346695|11.756834||
N|356|48.346794|11.758105|HT|
N|357|48.347106|11.762135||
N|358|48.347199|11.763341||
N|359|48.347291|11.764532||
N|360|48.347382|11.765705||
N|361|48.347395|11.765864|HT|
N|362|48.347402|11.765963||
N|363|48.347447|11.766538||
N|364|48.347500|11.767222|HT|
N|365|48.347511|11.767365||
N|366|48.347525|11.767545||
N|367|48.347599|11.768503||
N|368|48.347613|11.768684||
N|369|48.347687|11.769648||
N|370|48.347691|11.769689||
N|371|48.347777|11.770807||
N|372|48.347779|11.770826||
N|373|48.347857|11.771835||
N|374|48.347865|11.771949||
N|375|48.347945|11.772976||
N|376|48.347953|11.773080||
N|377|48.347961|11.773186||
N|378|48.359559|11.793379|HT|N3
N|379|48.359133|11.793633||
N|380|48.349472|11.796767||
N|381|48.349515|11.796761||
N|382|48.350311|11.796625|HT|
N|383|48.351088|11.791139||
N|384|48.350896|11.791171||
N|385|48.350566|11.791225||
N|386|48.350228|11.791282||
N|387|48.349905|11.791336||
N|388|48.349449|11.792190|HT|
N|389|48.349460|11.793052||
N|390|48.350258|11.795956|HT|
N|391|48.349769|11.796537||
N|392|48.349849|11.796031||
N|393|48.350207|11.795291|HT|
N|394|48.351051|11.795817||
N|395|48.351281|11.795777||
N|396|48.351667|11.795710|HT|
N|397|48.350904|11.795807||
N|398|48.350955|11.796472||
N|399|48.351015|11.797166|HT|
N|400|48.351107|11.798453||
N|401|48.351334|11.796452||
N|402|48.350547|11.796586||
N|403|48.353877|11.796004||
N|404|48.354211|11.795695||
N|405|48.354376|11.795368||
N|406|48.354450|11.795229||
N|407|48.354505|11.795117||
N|408|48.354681|11.794778||
N|409|48.355016|11.794440||
N|410|48.353775|11.794662||
N|411|48.354149|11.794861||
N|412|48.354352|11.795107||
N|413|48.354592|11.795399||
N|414|48.354734|11.795570||
N|415|48.355103|11.795800||
N|416|48.351046|11.801614||
N|417|48.351992|11.801871||
N|418|48.347836|11.773759||
N|419|48.342048|11.749441||
N|420|48.341520|11.750233|HR|08R B1
N|421|48.340809|11.752606|X|
N|422|48.343954|11.767829|HT|
N|423|48.343160|11.770538|HR|08R B6
N|424|48.342514|11.774790|X|
N|425|48.359988|11.776701||
N|426|48.360084|11.776684||
N|427|48.360128|11.776676|HT|
N|428|48.360335|11.776639||
N|429|48.360425|11.776624||
N|430|48.361057|11.776642||
N|431|48.361522|11.777126|HT|
N|432|48.362110|11.778326|HI|
N|433|48.362754|11.779641|HR|08L A4
N|434|48.363963|11.783244|X|
N|435|48.345014|11.781613|HT|
N|436|48.344446|11.783572|HR|
N|437|48.343555|11.788328|X|
N|438|48.347902|11.795552||
N|439|48.347608|11.795504||
N|440|48.347478|11.795486||
N|441|48.347443|11.795492|HT|
N|442|48.347239|11.795528||
N|443|48.343583|11.758558||
N|444|48.343308|11.759533||
N|445|48.342919|11.760891|HI|
N|446|48.342469|11.762406|HR|08R B4
N|447|48.341890|11.766673|X|
N|448|48.348817|11.807438||
N|449|48.344509|11.775199||
N|450|48.344215|11.776238|HR|
N|451|48.343282|11.779547||
N|452|48.343081|11.782167|X|
N|453|48.358462|11.778595|HT|N2
N|454|48.358347|11.776973|HT|N1
N|455|48.359682|11.795002|HT|N4
N|456|48.348022|11.778780|HT|S5
N|457|48.348143|11.780384|HT|S6
N|458|48.348270|11.780361||
N|459|48.359617|11.770252|HT|
N|460|48.359739|11.770022||
N|461|48.360484|11.769703||
N|462|48.361103|11.769598|HI|
N|463|48.361922|11.769460|HR|08L A3
N|464|48.362959|11.770155|X|
N|465|48.344051|11.745838||
N|466|48.344124|11.746730||
N|467|48.343989|11.750643|HT|
N|468|48.344496|11.751309||
N|469|48.358147|11.777017||
N|470|48.357825|11.777077||
N|471|48.357649|11.777107||
N|472|48.357460|11.777140||
N|473|48.357247|11.777177|HT|
N|474|48.340693|11.751109||
N|475|48.340886|11.753614|X|
N|476|48.342885|11.779618|X|
N|477|48.344804|11.804576||
N|478|48.362763|11.767573||
N|479|48.364672|11.792477|X|
N|480|48.365248|11.799986|X|
N|481|48.366870|11.821130||
N|482|48.348210|11.778746||
N|483|48.348640|11.779331||
N|484|48.344190|11.747516||
N|485|48.344621|11.748006||
N|486|48.348717|11.778895||
N|487|48.349027|11.778596||
N|488|48.345551|11.747839||
N|489|48.357751|11.777779||
N|490|48.357605|11.777360||
N|491|48.348658|11.779563||
N|492|48.358275|11.778633||
N|493|48.347035|11.766611||
N|494|48.349822|11.795832||
N|495|48.349707|11.795372||
N|496|48.349626|11.795034||
N|497|48.345685|11.766849||
N|498|48.345354|11.766905||
N|499|48.345246|11.766923|HT|
N|500|48.345046|11.766957||
N|501|48.345581|11.774332||
N|502|48.345809|11.774295|HT|
N|503|48.345935|11.774277||
N|504|48.346262|11.774217||
N|505|48.344286|11.748746|HT|
N|506|48.344733|11.747985|HT|
N|507|48.345439|11.757655|HT|
N|508|48.345304|11.757680||
N|509|48.344991|11.757733||
N|510|48.346145|11.766770|HT|
N|511|48.346092|11.766779||
N|512|48.346697|11.774135||
N|513|48.346716|11.774132|HT|
N|514|48.347587|11.773980||
N|515|48.347173|11.780547||
N|516|48.347210|11.780542|HT|
N|517|48.344646|11.757793||
N|518|48.344571|11.757806||
N|519|48.344538|11.757812|HT|
N|520|48.344282|11.757858||
N|521|48.344182|11.757886||
N|522|48.346227|11.779083||
N|523|48.346180|11.779091|HT|
N|524|48.345981|11.779123||
N|525|48.348765|11.780955|HT|
N|526|48.348909|11.778618||
N|527|48.348798|11.778638||
N|528|48.348639|11.778667||
N|529|48.348402|11.778711||
N|530|48.351996|11.781173|HT|
N|531|48.352128|11.781576||
N|532|48.352410|11.781775||
N|533|48.352495|11.781773||
N|534|48.351583|11.781934||
N|535|48.351921|11.781612||
N|536|48.351812|11.778800|HT|
N|537|48.351729|11.778491||
N|538|48.351297|11.778205|HT|
N|539|48.342364|11.749291|HI|
N|540|48.345502|11.779915|HT|
N|541|48.345572|11.779682||
N|542|48.345709|11.779385||
N|543|48.344868|11.779309||
N|544|48.348650|11.779458||
N|545|48.363341|11.792739|HR|
N|546|48.361348|11.793090||
N|547|48.361393|11.793081|HT|
N|548|48.361576|11.793043||
N|549|48.362782|11.793527|HT|
N|550|48.363343|11.794670|HR|
N|551|48.349390|11.795426||
N|552|48.349674|11.795532||
N|553|48.349869|11.795722||
N|554|48.341741|11.752595|HR|08R B3
N|555|48.342602|11.752440|HI|
N|556|48.343007|11.752367||
N|557|48.344109|11.752176|HT|
N|558|48.344138|11.752170||
N|559|48.344595|11.752612||
N|560|48.350460|11.795246||
N|561|48.351247|11.795106||
N|562|48.348053|11.797632||
N|563|48.348408|11.796950||
N|564|48.347974|11.796443||
N|565|48.349607|11.794951||
N|566|48.349926|11.795337||
N|567|48.347945|11.796062||
N|568|48.347860|11.795003||
N|569|48.348355|11.795606||
N|570|48.347965|11.796319||
N|571|48.347225|11.786706||
N|572|48.347306|11.787791||
N|573|48.345639|11.781495|HT|
N|574|48.346057|11.786735|HT|
N|575|48.348468|11.796939|HT|
N|576|48.357187|11.795431||
N|577|48.357253|11.796245||
N|578|48.356814|11.795498||
N|579|48.356881|11.796310||
N|580|48.356444|11.795563||
N|581|48.356507|11.796375||
N|582|48.356076|11.795629||
N|583|48.356142|11.796438||
N|584|48.355719|11.795692||
N|585|48.355782|11.796501||
N|586|48.355630|11.795707||
N|587|48.355692|11.796517||
N|588|48.355225|11.795779||
N|589|48.355282|11.796588||
N|590|48.355163|11.796609||
N|591|48.354592|11.795886||
N|592|48.354654|11.796697||
N|593|48.354062|11.795973||
N|594|48.354135|11.796788||
N|595|48.353946|11.795993||
N|596|48.354017|11.796806||
N|597|48.353525|11.796066||
N|598|48.353595|11.796880||
N|599|48.353441|11.796081||
N|600|48.353514|11.796894||
N|601|48.353068|11.796146||
N|602|48.353141|11.796960||
N|603|48.352699|11.796210||
N|604|48.352767|11.797025||
N|605|48.352340|11.796271||
N|606|48.352404|11.797089||
N|607|48.351967|11.796340||
N|608|48.352036|11.797153||
N|609|48.358526|11.793839||
N|610|48.358466|11.793047||
N|611|48.354088|11.794606||
N|612|48.354098|11.793805||
N|613|48.348045|11.803489|HT|
N|614|48.352204|11.781824||
N|615|48.352232|11.782184||
N|616|48.352267|11.782627||
N|617|48.350338|11.782146||
N|618|48.350364|11.782505||
N|619|48.350396|11.782965||
N|620|48.352733|11.781733||
N|621|48.352715|11.781475||
N|622|48.352694|11.781178||
N|623|48.352353|11.778017||
N|624|48.352381|11.778378||
N|625|48.352406|11.778710||
N|626|48.350588|11.778328||
N|627|48.350616|11.778684||
N|628|48.350641|11.779014||
N|629|48.349612|11.778495||
N|630|48.349641|11.778853||
N|631|48.349667|11.779182||
N|632|48.349095|11.778947||
N|633|48.349272|11.779252||
N|634|48.357411|11.776550||
N|635|48.357023|11.777214||
N|636|48.357004|11.776950||
N|637|48.356979|11.776620||
N|638|48.356597|11.777286||
N|639|48.356577|11.777024||
N|640|48.356552|11.776694||
N|641|48.356174|11.777358||
N|642|48.356154|11.777096||
N|643|48.356128|11.776768||
N|644|48.355693|11.777441||
N|645|48.355673|11.777179||
N|646|48.355650|11.776857||
N|647|48.355044|11.777552||
N|648|48.355026|11.777291||
N|649|48.355002|11.776965||
N|650|48.354673|11.777615||
N|651|48.354653|11.777355||
N|652|48.354629|11.777029||
N|653|48.353758|11.777775||
N|654|48.353741|11.777512||
N|655|48.353719|11.777192||
N|656|48.353276|11.777859||
N|657|48.353257|11.777596||
N|658|48.353234|11.777274||
N|659|48.354281|11.795258||
N|660|48.354563|11.795208||
N|661|48.346685|11.779673||
N|662|48.346579|11.778360||
N|663|48.346711|11.780024||
N|664|48.346804|11.781266||
N|665|48.346686|11.794941|HT|
N|666|48.348219|11.795603||
N|667|48.344390|11.766311|HT|
N|668|48.344591|11.767723|HT|
N|669|48.345721|11.767328||
N|670|48.345733|11.767495||
N|671|48.345638|11.766248||
N|672|48.346209|11.773537|HT|
N|673|48.346314|11.774890|HT|
N|674|48.346301|11.774749||
N|675|48.344954|11.757275||
N|676|48.345029|11.758176||
N|677|48.345027|11.758237||
N|678|48.344945|11.757128||
N|679|48.349945|11.791642||
N|680|48.350279|11.791586||
N|681|48.350600|11.791531||
N|682|48.350925|11.791476||
N|683|48.350864|11.799231||
N|684|48.350485|11.799298||
N|685|48.350904|11.799760||
N|686|48.350522|11.799833||
N|687|48.350947|11.800323||
N|688|48.350567|11.800386||
N|689|48.350989|11.800873||
N|690|48.350608|11.800935||
N|691|48.351030|11.801406||
N|692|48.350650|11.801467||
N|693|48.351072|11.801948||
N|694|48.350691|11.802010||
N|695|48.351113|11.802484||
N|696|48.350732|11.802549||
N|697|48.358363|11.802943||
N|698|48.358338|11.803001||
N|699|48.358321|11.803159|HT|
N|700|48.358350|11.803546||
N|701|48.358390|11.804093||
N|702|48.358431|11.804628||
N|703|48.358475|11.805172||
N|704|48.348145|11.768586||
N|705|48.348223|11.769592||
N|706|48.348477|11.772875||
N|707|48.346214|11.762308||
N|708|48.361511|11.785426|HT|
N|709|48.362443|11.797613|HT|
N|710|48.362640|11.799023|HT|
N|711|48.363011|11.804993|HT|
N|712|48.363207|11.806398|HT|
N|713|48.363544|11.811959|HT|
N|714|48.363736|11.813374|HT|
N|715|48.360877|11.792541||
N|716|48.348389|11.771735||
N|717|48.348311|11.770732||
N|718|48.348057|11.767445||
N|719|48.347980|11.766450||
N|720|48.351017|11.778253||
N|721|48.351045|11.778610||
N|722|48.351071|11.778943||
N|723|48.350103|11.778411||
N|724|48.350129|11.778768||
N|725|48.350154|11.779097||
N|726|48.348780|11.778421||
N|727|48.348751|11.778049||
N|728|48.349271|11.778553||
N|729|48.349250|11.778287||
N|730|48.349224|11.777968||
N|731|48.349707|11.778479||
N|732|48.349685|11.778211||
N|733|48.349659|11.777894||
N|734|48.350129|11.778406||
N|735|48.350110|11.778138||
N|736|48.350085|11.777819||
N|737|48.350555|11.778333||
N|738|48.350533|11.778065||
N|739|48.350510|11.777746||
N|740|48.350982|11.778261||
N|741|48.350962|11.777992||
N|742|48.350938|11.777671||
N|743|48.351509|11.778169||
N|744|48.351490|11.777900||
N|745|48.351467|11.777584||
N|746|48.352311|11.778024||
N|747|48.352292|11.777762||
N|748|48.352266|11.777444||
N|749|48.352789|11.777943||
N|750|48.352770|11.777680||
N|751|48.352748|11.777357||
N|752|48.354249|11.777691||
N|753|48.354230|11.777428||
N|754|48.354206|11.777104||
N|755|48.348960|11.782124||
N|756|48.348882|11.782347||
N|757|48.348648|11.784175||
N|758|48.349037|11.782216||
N|759|48.348939|11.782496||
N|760|48.348935|11.783221||
N|761|48.349358|11.782316||
N|762|48.349387|11.782672||
N|763|48.349425|11.783134||
N|764|48.349849|11.782231||
N|765|48.349877|11.782588||
N|766|48.349913|11.783048||
N|767|48.350448|11.782127||
N|768|48.350476|11.782486||
N|769|48.350511|11.782946||
N|770|48.350767|11.782072||
N|771|48.350793|11.782431||
N|772|48.350826|11.782890||
N|773|48.351112|11.782012||
N|774|48.351140|11.782371||
N|775|48.351176|11.782836||
N|776|48.351189|11.781999||
N|777|48.351218|11.782358||
N|778|48.351254|11.782823||
N|779|48.352162|11.781831||
N|780|48.352190|11.782191||
N|781|48.352224|11.782635||
N|782|48.352396|11.782156||
N|783|48.352379|11.782608||
N|784|48.352655|11.781747||
N|785|48.352681|11.782107||
N|786|48.352714|11.782551||
N|787|48.353019|11.781684||
N|788|48.353047|11.782044||
N|789|48.353082|11.782488||
N|790|48.353138|11.781664||
N|791|48.353166|11.782023||
N|792|48.353199|11.782468||
N|793|48.353622|11.781581||
N|794|48.353651|11.781940||
N|795|48.353688|11.782384||
N|796|48.348607|11.778863||
N|797|48.348767|11.778431||
N|798|48.349018|11.778327||
N|799|48.348993|11.778960||
N|800|48.349053|11.778954||
N|801|48.351788|11.778481||
N|802|48.351778|11.778339||
N|803|48.351705|11.778132||
N|804|48.351409|11.777914||
N|805|48.351823|11.778945||
N|806|48.351845|11.778793|HT|
N|807|48.352103|11.778427||
N|808|48.351785|11.778807|HT|
N|809|48.351458|11.778538||
N|810|48.357329|11.776894||
N|811|48.357297|11.776899|HT|
N|812|48.352072|11.777800||
N|813|48.351852|11.777838||
N|814|48.355229|11.777522|HT|
N|815|48.354331|11.777677|HT|
N|816|48.352214|11.778039|HT|
N|817|48.351866|11.778104||
N|818|48.351810|11.778113||
N|819|48.351604|11.778151||
N|820|48.349876|11.778450||
N|821|48.349051|11.778592|HT|
N|822|48.357373|11.777515||
N|823|48.357331|11.777523|HT|
N|824|48.354214|11.778061||
N|825|48.353783|11.778135||
N|826|48.351848|11.778471||
N|827|48.349957|11.778798||
N|828|48.357710|11.777290||
N|829|48.358066|11.777052||
N|830|48.357768|11.777949||
N|831|48.357487|11.776927||
N|832|48.351831|11.777517||
N|833|48.348820|11.781669||
N|834|48.349334|11.782317|HT|
N|835|48.349353|11.782678||
N|836|48.351576|11.781671||
N|837|48.352393|11.781531||
N|838|48.352025|11.781594||
N|839|48.352030|11.781671||
N|840|48.352023|11.781856||
N|841|48.351746|11.782267||
N|842|48.352427|11.782150||
N|843|48.352067|11.781848||
N|844|48.354044|11.781509||
N|845|48.354134|11.781857||
N|846|48.349305|11.782063||
N|847|48.354020|11.781251||
N|848|48.354025|11.781250||
N|849|48.349375|11.795428||
N|850|48.349343|11.795434|HT|S7
N|851|48.348903|11.796861||
N|852|48.344598|11.752651|HT|
N|853|48.344939|11.757056|HT|
N|854|48.345038|11.758411|HT|
N|855|48.345632|11.766168|HT|
N|856|48.345735|11.767523|HT|
N|857|48.346578|11.778336|HT|
N|858|48.346686|11.779688|HT|
N|859|48.346806|11.781299|HT|
N|860|48.347211|11.786538|HT|
N|861|48.347315|11.787891|HT|
N|862|48.347842|11.794743|HT|
N|863|48.348287|11.800678|HT|
N|864|48.348673|11.805594|HT|
N|865|48.344182|11.747423|HT|
N|866|48.345338|11.745742||
N|867|48.344706|11.745856||
N|868|48.345429|11.746297||
N|869|48.344748|11.746417||
N|870|48.345447|11.746524||
N|871|48.344762|11.746645||
N|872|48.345470|11.746825||
N|873|48.344789|11.746942||
N|874|48.346294|11.763507||
N|875|48.346400|11.764695||
N|876|48.346475|11.765862||
N|877|48.357355|11.775810||
N|878|48.356925|11.775916||
N|879|48.354240|11.778392||
N|880|48.354302|11.779218||
N|881|48.353810|11.778466||
N|882|48.353872|11.779286||
N|883|48.352467|11.779539||
N|884|48.351134|11.779757||
N|885|48.350707|11.779830||
N|886|48.350218|11.779925||
N|887|48.349733|11.780062||
N|888|48.349793|11.780121||
N|889|48.356498|11.775964||
N|890|48.356075|11.776037||
N|891|48.355593|11.776120||
N|892|48.354954|11.776230||
N|893|48.354582|11.776298||
N|894|48.354154|11.776372||
N|895|48.353667|11.776455||
N|896|48.353180|11.776522||
N|897|48.352689|11.776620||
N|898|48.352210|11.776710||
N|899|48.351773|11.776777||
N|900|48.351413|11.776847||
N|901|48.350885|11.776931||
N|902|48.350458|11.777010||
N|903|48.350032|11.777085||
N|904|48.349599|11.777154||
N|905|48.349169|11.777226||
N|906|48.348694|11.777315||
N|907|48.346450|11.767550||
N|908|48.346540|11.768680||
N|909|48.346624|11.769824||
N|910|48.346714|11.770996||
N|911|48.346805|11.772137||
N|912|48.346891|11.773275||
N|913|48.348648|11.766322||
N|914|48.348730|11.767323||
N|915|48.348818|11.768463||
N|916|48.348897|11.769470||
N|917|48.348983|11.770610||
N|918|48.349059|11.771614||
N|919|48.349146|11.772751||
N|920|48.346224|11.756264||
N|921|48.346139|11.755174||
N|922|48.346055|11.754090||
N|923|48.345971|11.753004||
N|924|48.345887|11.751917||
N|925|48.345804|11.750836||
N|926|48.345719|11.749748||
N|927|48.358066|11.781635||
N|928|48.358133|11.782550||
N|929|48.356108|11.781975||
N|930|48.356180|11.782890||
N|931|48.349495|11.784024||
N|932|48.349007|11.784109||
N|933|48.349984|11.783944||
N|934|48.350464|11.783855||
N|935|48.350578|11.783838||
N|936|48.350892|11.783789||
N|937|48.351323|11.783716||
N|938|48.351245|11.783731||
N|939|48.354663|11.782218||
N|940|48.354738|11.783132||
N|941|48.354289|11.782282||
N|942|48.354357|11.783192||
N|943|48.354170|11.782302||
N|944|48.354244|11.783217||
N|945|48.353761|11.783300||
N|946|48.353267|11.783376||
N|947|48.353150|11.783403||
N|948|48.352779|11.783466||
N|949|48.352342|11.783541||
N|950|48.352338|11.783645||
N|951|48.352292|11.783546||
N|952|48.352634|11.780305||
N|953|48.354427|11.780862||
N|954|48.354369|11.780023||
N|955|48.354001|11.780942||
N|956|48.353932|11.780100||
N|957|48.348796|11.795526||
N|958|48.348374|11.795602|HT|
N|959|48.349446|11.796772|HT|S8
N|960|48.358650|11.795182|HT|
N|961|48.359506|11.795027||
N|962|48.350843|11.796534||
N|963|48.351104|11.796489||
N|964|48.351714|11.796383|HT|
N|965|48.352389|11.801798||
N|966|48.352454|11.802621||
N|967|48.352838|11.801723||
N|968|48.352900|11.802544||
N|969|48.353268|11.801649||
N|970|48.353328|11.802470||
N|971|48.353709|11.801574||
N|972|48.353772|11.802393||
N|973|48.354124|11.801387||
N|974|48.354195|11.802320||
N|975|48.354576|11.801308||
N|976|48.354632|11.802079||
N|977|48.355011|11.801231||
N|978|48.355068|11.802003||
N|979|48.355440|11.801156||
N|980|48.355497|11.801929||
N|981|48.355884|11.801079||
N|982|48.355944|11.801851||
N|983|48.356312|11.801007||
N|984|48.356369|11.801777||
N|985|48.349904|11.799402||
N|986|48.349945|11.799938||
N|987|48.349984|11.800484||
N|988|48.350028|11.801027||
N|989|48.350072|11.801562||
N|990|48.350115|11.802104||
N|991|48.350154|11.802644||
N|992|48.351190|11.803031||
N|993|48.350774|11.803098||
N|994|48.350831|11.803645||
N|995|48.350243|11.803738||
N|996|48.350608|11.795872||
N|997|48.350657|11.796521||
N|998|48.350711|11.797221|HT|
N|999|48.350757|11.797821||
N|1000|48.350781|11.798149||
N|1001|48.350805|11.798466||
N|1002|48.350808|11.798505||
N|1003|48.351197|11.795753||
N|1004|48.351249|11.796415||
N|1005|48.351304|11.797120|HT|
N|1006|48.351402|11.798404||
N|1007|48.351577|11.804342||
N|1008|48.351337|11.804379||
N|1009|48.350893|11.804455||
N|1010|48.351622|11.804927||
N|1011|48.351383|11.804970||
N|1012|48.350936|11.805051||
N|1013|48.351276|11.803572||
N|1014|48.351895|11.811660||
N|1015|48.351873|11.811367||
N|1016|48.351850|11.811069||
N|1017|48.351809|11.810528||
N|1018|48.351788|11.810255||
N|1019|48.351768|11.809987||
N|1020|48.351723|11.809400||
N|1021|48.351702|11.809133||
N|1022|48.351681|11.808860||
N|1023|48.351640|11.808319||
N|1024|48.351619|11.808045||
N|1025|48.351599|11.807772||
N|1026|48.351557|11.807236||
N|1027|48.351536|11.806960||
N|1028|48.351515|11.806686||
N|1029|48.351474|11.806139||
N|1030|48.351451|11.805844||
N|1031|48.351428|11.805546||
N|1032|48.351360|11.804673||
N|1033|48.350257|11.804565||
N|1034|48.350302|11.805161||
N|1035|48.350197|11.803186||
N|1036|48.350822|11.798685||
N|1037|48.350995|11.800952|HT|
N|1038|48.351019|11.801270||
N|1039|48.351120|11.798633||
N|1040|48.351292|11.800900|HT|
N|1041|48.351317|11.801221||
N|1042|48.351416|11.798583||
N|1043|48.351591|11.800849|HT|
N|1044|48.351616|11.801173||
N|1045|48.350973|11.795155||
N|1046|48.351623|11.795041|HT|
N|1047|48.350767|11.795198||
N|1048|48.350748|11.795195||
N|1049|48.349569|11.794466|HT|
N|1050|48.359016|11.793950||
N|1051|48.359030|11.794409||
N|1052|48.358547|11.793835|HT|
N|1053|48.358599|11.794514|HT|
N|1054|48.359195|11.794872||
N|1055|48.351963|11.801518||
N|1056|48.352421|11.801441|HT|
N|1057|48.353726|11.801218||
N|1058|48.354103|11.801069||
N|1059|48.354220|11.801049||
N|1060|48.356972|11.800810||
N|1061|48.354322|11.801352||
N|1062|48.354741|11.801279||
N|1063|48.355156|11.801207||
N|1064|48.355574|11.801133||
N|1065|48.355962|11.801067||
N|1066|48.356394|11.800992||
N|1067|48.356608|11.800954||
N|1068|48.356711|11.800936||
N|1069|48.356767|11.800909||
N|1070|48.357178|11.800772||
N|1071|48.357375|11.800736||
N|1072|48.357540|11.800707||
N|1073|48.357736|11.800671||
N|1074|48.352021|11.802227||
N|1075|48.352480|11.802146|HT|
N|1076|48.351686|11.801929||
N|1077|48.351671|11.801861||
N|1078|48.351644|11.801521||
N|1079|48.351414|11.802330||
N|1080|48.351141|11.802814|HT|
N|1081|48.352356|11.801804||
N|1082|48.352450|11.801787|HT|
N|1083|48.352549|11.801769||
N|1084|48.353124|11.801675||
N|1085|48.353319|11.801640||
N|1086|48.353494|11.801610||
N|1087|48.353935|11.801471||
N|1088|48.351341|11.801568||
N|1089|48.351414|11.802330||
N|1090|48.357860|11.794467||
N|1091|48.357966|11.795810||
N|1092|48.357979|11.795977||
N|1093|48.357652|11.794501||
N|1094|48.357705|11.795171||
N|1095|48.357758|11.795841||
N|1096|48.357771|11.796014||
N|1097|48.357785|11.795330||
N|1098|48.358172|11.795776||
N|1099|48.358506|11.795203||
N|1100|48.357582|11.795365||
N|1101|48.358303|11.795238||
N|1102|48.357376|11.795399||
N|1103|48.358097|11.795275||
N|1104|48.357733|11.794657||
N|1105|48.358119|11.795101||
N|1106|48.358455|11.794532||
N|1107|48.357324|11.794729||
N|1108|48.358044|11.794603||
N|1109|48.357683|11.793982||
N|1110|48.358066|11.794429||
N|1111|48.358408|11.793857||
N|1112|48.357476|11.794017||
N|1113|48.357507|11.794017||
N|1114|48.358200|11.793893||
N|1115|48.357264|11.794054||
N|1116|48.357300|11.794053||
N|1117|48.357921|11.793950||
N|1118|48.357986|11.793930||
N|1119|48.358510|11.800059||
N|1120|48.358149|11.800596||
N|1121|48.358581|11.800995||
N|1122|48.358671|11.802107||
N|1123|48.358682|11.802245||
N|1124|48.358726|11.802798||
N|1125|48.358749|11.803090|HT|
N|1126|48.358769|11.803340||
N|1127|48.358811|11.803878||
N|1128|48.358854|11.804423||
N|1129|48.358898|11.804975||
N|1130|48.358924|11.805338||
N|1131|48.357939|11.800635||
N|1132|48.358598|11.801205|HT|
N|1133|48.358499|11.799909||
N|1134|48.358285|11.799937||
N|1135|48.358085|11.799970||
N|1136|48.358184|11.795924||
N|1137|48.358114|11.797711||
N|1138|48.357906|11.797746||
N|1139|48.358322|11.797675||
N|1140|48.358336|11.797849||
N|1141|48.358128|11.797886||
N|1142|48.358266|11.799690|HT|
N|1143|48.357920|11.797922||
N|1144|48.358065|11.799727|HT|
N|1145|48.358478|11.799651|HT|
N|1146|48.350399|11.797883||
N|1147|48.349857|11.797977||
N|1148|48.350435|11.798208||
N|1149|48.349812|11.798315||
N|1150|48.350461|11.798529||
N|1151|48.349905|11.798631||
N|1152|48.359116|11.804934||
N|1153|48.359075|11.804383||
N|1154|48.359035|11.803839||
N|1155|48.358995|11.803298||
N|1156|48.358955|11.802757||
N|1157|48.358914|11.802206||
N|1158|48.359550|11.804851||
N|1159|48.359510|11.804306||
N|1160|48.359471|11.803768||
N|1161|48.359432|11.803220||
N|1162|48.359393|11.802678||
N|1163|48.359353|11.802137||
N|1164|48.357485|11.799958||
N|1165|48.357324|11.800002||
N|1166|48.357127|11.800042||
N|1167|48.356714|11.800180||
N|1168|48.356554|11.800210||
N|1169|48.356338|11.800246||
N|1170|48.357411|11.798978||
N|1171|48.357259|11.799079||
N|1172|48.357076|11.799318||
N|1173|48.356639|11.799146||
N|1174|48.356481|11.799213||
N|1175|48.356277|11.799448||
N|1176|48.355905|11.800318||
N|1177|48.355858|11.799703||
N|1178|48.355525|11.800382||
N|1179|48.355481|11.799767||
N|1180|48.355097|11.800453||
N|1181|48.355046|11.799838||
N|1182|48.354685|11.800522||
N|1183|48.354633|11.799881||
N|1184|48.354266|11.800591||
N|1185|48.354221|11.799974||
N|1186|48.353870|11.800658||
N|1187|48.353810|11.799898||
N|1188|48.353439|11.800803||
N|1189|48.353263|11.800833||
N|1190|48.353069|11.800866||
N|1191|48.353009|11.800013||
N|1192|48.353359|11.799679||
N|1193|48.353188|11.799804||
N|1194|48.356431|11.802534||
N|1195|48.356000|11.802603||
N|1196|48.355554|11.802687||
N|1197|48.355124|11.802752||
N|1198|48.354688|11.802821||
N|1199|48.353817|11.802977||
N|1200|48.353369|11.803057||
N|1201|48.352943|11.803131||
N|1202|48.352501|11.803195||
N|1203|48.352493|11.800965||
N|1204|48.352421|11.799964||
N|1205|48.352295|11.800998||
N|1206|48.352231|11.800146||
N|1207|48.352116|11.798125||
N|1208|48.357336|11.797310||
N|1209|48.356969|11.797381||
N|1210|48.356589|11.797439||
N|1211|48.356224|11.797500||
N|1212|48.355861|11.797565||
N|1213|48.355772|11.797589||
N|1214|48.355353|11.797650||
N|1215|48.355238|11.797672||
N|1216|48.354735|11.797760||
N|1217|48.354226|11.797842||
N|1218|48.354107|11.797861||
N|1219|48.353605|11.797958||
N|1220|48.353684|11.797941||
N|1221|48.352858|11.798090||
N|1222|48.353231|11.798025||
N|1223|48.352486|11.798147||
N|1224|48.350000|11.792297||
N|1225|48.350325|11.792239||
N|1226|48.350651|11.792185||
N|1227|48.350971|11.792127||
N|1228|48.346245|11.756535||
N|1229|48.346203|11.755998||
N|1230|48.346160|11.755442||
N|1231|48.346119|11.754905||
N|1232|48.346077|11.754361||
N|1233|48.346034|11.753813||
N|1234|48.345993|11.753277||
N|1235|48.345950|11.752730||
N|1236|48.345908|11.752187||
N|1237|48.345866|11.751648||
N|1238|48.345824|11.751104||
N|1239|48.345782|11.750559||
N|1240|48.345740|11.750017||
N|1241|48.345698|11.749479||
N|1242|48.345195|11.749569||
N|1243|48.345078|11.749861||
N|1244|48.345237|11.750103||
N|1245|48.345280|11.750649||
N|1246|48.345164|11.750949||
N|1247|48.345323|11.751193||
N|1248|48.345366|11.751740||
N|1249|48.345250|11.752037||
N|1250|48.345408|11.752280||
N|1251|48.345450|11.752816||
N|1252|48.345334|11.753115||
N|1253|48.345493|11.753363||
N|1254|48.345535|11.753899||
N|1255|48.345420|11.754200||
N|1256|48.345579|11.754447||
N|1257|48.345621|11.754990||
N|1258|48.345505|11.755282||
N|1259|48.345663|11.755526||
N|1260|48.345708|11.756092||
N|1261|48.345591|11.756378||
N|1262|48.345749|11.756622||
N|1263|48.358617|11.793821||
N|1264|48.358558|11.793031||
N|1265|48.359029|11.793728||
N|1266|48.358962|11.792851||
N|1267|48.358267|11.793881||
N|1268|48.358207|11.793092||
N|1269|48.357997|11.793928||
N|1270|48.357938|11.793139||
N|1271|48.357860|11.793152||
N|1272|48.357584|11.793999||
N|1273|48.357524|11.793211||
N|1274|48.357446|11.793225||
N|1275|48.357298|11.793251||
N|1276|48.357235|11.794059||
N|1277|48.357175|11.793272||
N|1278|48.357025|11.794094||
N|1279|48.356966|11.793308||
N|1280|48.356895|11.794117||
N|1281|48.356835|11.793331||
N|1282|48.356670|11.794156||
N|1283|48.356653|11.793363||
N|1284|48.356549|11.794176||
N|1285|48.356489|11.793391||
N|1286|48.356129|11.794248||
N|1287|48.356069|11.793463||
N|1288|48.356062|11.794260||
N|1289|48.356002|11.793475||
N|1290|48.355712|11.794320||
N|1291|48.355652|11.793536||
N|1292|48.355581|11.794343||
N|1293|48.355522|11.793558||
N|1294|48.355374|11.794378||
N|1295|48.355315|11.793594||
N|1296|48.355101|11.794425||
N|1297|48.355041|11.793641||
N|1298|48.355024|11.794438||
N|1299|48.354957|11.793656||
N|1300|48.354679|11.794500||
N|1301|48.354619|11.793715||
N|1302|48.354607|11.794513||
N|1303|48.354548|11.793727||
N|1304|48.353661|11.794682||
N|1305|48.353601|11.793891||
N|1306|48.353594|11.794693||
N|1307|48.353534|11.793902||
N|1308|48.353168|11.794768||
N|1309|48.353108|11.793976||
N|1310|48.352830|11.794828||
N|1311|48.352770|11.794035||
N|1312|48.352688|11.794853||
N|1313|48.352628|11.794059||
N|1314|48.352469|11.794891||
N|1315|48.352409|11.794097||
N|1316|48.352204|11.794938||
N|1317|48.352144|11.794143||
N|1318|48.352143|11.794949||
N|1319|48.352083|11.794154||
N|1320|48.351801|11.795009||
N|1321|48.351740|11.794213||
N|1322|48.351732|11.795021||
N|1323|48.351672|11.794225||
N|1324|48.351451|11.795070||
N|1325|48.351391|11.794273||
N|1326|48.351186|11.794309||
N|1327|48.351104|11.795132||
N|1328|48.351043|11.794333||
N|1329|48.350707|11.794392||
N|1330|48.350678|11.795207||
N|1331|48.350617|11.794407||
N|1332|48.350324|11.795269||
N|1333|48.350263|11.794469||
N|1334|48.350274|11.795278||
N|1335|48.350213|11.794477||
N|1336|48.357190|11.794066|HT|
N|1337|48.355057|11.794432|HT|
N|1338|48.355162|11.795790|HT|
N|1339|48.357298|11.795412|HT|
N|1340|48.355109|11.795113|HT|
N|1341|48.357248|11.794742|HT|
N|1342|48.353763|11.794664|HT|
N|1343|48.353816|11.795344|HT|
N|1344|48.353864|11.796007|HT|
N|1345|48.358886|11.791857||
N|1346|48.358481|11.792047||
N|1347|48.358391|11.792071||
N|1348|48.358135|11.792161||
N|1349|48.357851|11.792018||
N|1350|48.357774|11.792037||
N|1351|48.357450|11.792242||
N|1352|48.357361|11.792214||
N|1353|48.357103|11.792343||
N|1354|48.357361|11.792206||
N|1355|48.356880|11.792198||
N|1356|48.356749|11.792208||
N|1357|48.356413|11.792417||
N|1358|48.356807|11.792341||
N|1359|48.355985|11.792363||
N|1360|48.355916|11.792358||
N|1361|48.355573|11.792511||
N|1362|48.355447|11.792590||
N|1363|48.355242|11.792652||
N|1364|48.354956|11.792534||
N|1365|48.354955|11.792519||
N|1366|48.354871|11.792548||
N|1367|48.354540|11.792689||
N|1368|48.354468|11.792696||
N|1369|48.354112|11.792652||
N|1370|48.353520|11.792834||
N|1371|48.353453|11.792847||
N|1372|48.353021|11.792847||
N|1373|48.352690|11.793000||
N|1374|48.352552|11.793074||
N|1375|48.352332|11.793099||
N|1376|48.352057|11.793012||
N|1377|48.351996|11.793020||
N|1378|48.351660|11.793170||
N|1379|48.351591|11.793178||
N|1380|48.351314|11.793276||
N|1381|48.351101|11.793187||
N|1382|48.350956|11.793200||
N|1383|48.350626|11.793348||
N|1384|48.350536|11.793355||
N|1385|48.350177|11.793340||
N|1386|48.350126|11.793345||
N|1387|48.354218|11.803940||
N|1388|48.354296|11.804950||
N|1389|48.353268|11.804343||
N|1390|48.354037|11.801439||
N|1391|48.357735|11.803106||
N|1392|48.357774|11.803650||
N|1393|48.357811|11.804191||
N|1394|48.357864|11.804730||
N|1395|48.357901|11.805274||
N|1396|48.359145|11.805297||
N|1397|48.359586|11.805224||
N|1398|48.350032|11.779118||
N|1399|48.350218|11.779976||
N|1400|48.351357|11.778898||
N|1401|48.351066|11.779711||
N|1402|48.351750|11.802706|HT|
N|1403|48.351866|11.804210||
N|1404|48.351913|11.804823||
N|1405|48.351961|11.805444||
N|1406|48.352009|11.806063||
N|1407|48.352057|11.806681||
N|1408|48.352104|11.807294||
N|1409|48.352151|11.807912||
N|1410|48.352199|11.808525||
N|1411|48.352246|11.809142||
N|1412|48.352294|11.809762||
N|1413|48.352342|11.810376||
N|1414|48.352389|11.810988||
N|1415|48.352437|11.811609||
N|1416|48.352138|11.811660||
N|1417|48.352135|11.811620||
N|1418|48.352113|11.811326||
N|1419|48.352091|11.811038||
N|1420|48.352090|11.811028||
N|1421|48.352048|11.810485||
N|1422|48.352044|11.810427||
N|1423|48.352027|11.810213||
N|1424|48.352007|11.809945||
N|1425|48.351996|11.809812||
N|1426|48.351962|11.809359||
N|1427|48.351949|11.809192||
N|1428|48.351941|11.809092||
N|1429|48.351920|11.808820||
N|1430|48.351902|11.808578||
N|1431|48.351879|11.808278||
N|1432|48.351858|11.808005||
N|1433|48.351855|11.807961||
N|1434|48.351837|11.807732||
N|1435|48.351807|11.807344||
N|1436|48.351796|11.807194||
N|1437|48.351774|11.806918||
N|1438|48.351760|11.806731||
N|1439|48.351754|11.806644||
N|1440|48.351713|11.806114||
N|1441|48.351712|11.806097||
N|1442|48.351689|11.805803||
N|1443|48.351666|11.805507||
N|1444|48.351665|11.805493||
N|1445|48.351618|11.804876||
N|1446|48.351599|11.804630||
N|1447|48.351571|11.804261||
N|1448|48.351455|11.802758|HT|
N|1449|48.352076|11.804177||
N|1450|48.352488|11.804103||
N|1451|48.352122|11.804788||
N|1452|48.352537|11.804719||
N|1453|48.352168|11.805408||
N|1454|48.352215|11.806027||
N|1455|48.352627|11.805956||
N|1456|48.352261|11.806645||
N|1457|48.352675|11.806576||
N|1458|48.352307|11.807260||
N|1459|48.352721|11.807189||
N|1460|48.352353|11.807877||
N|1461|48.352776|11.807806||
N|1462|48.352399|11.808493||
N|1463|48.352824|11.808422||
N|1464|48.352446|11.809107||
N|1465|48.352872|11.809036||
N|1466|48.352492|11.809727||
N|1467|48.352915|11.809655||
N|1468|48.352538|11.810342||
N|1469|48.352972|11.810269||
N|1470|48.352584|11.810953||
N|1471|48.353014|11.810879||
N|1472|48.352630|11.811575||
N|1473|48.353062|11.811497||
N|1474|48.352587|11.805343||
N|1475|48.350915|11.804751||
N|1476|48.350979|11.805623||
N|1477|48.351002|11.805923||
N|1478|48.351025|11.806220||
N|1479|48.351067|11.806768||
N|1480|48.351088|11.807038||
N|1481|48.351109|11.807315||
N|1482|48.351151|11.807849||
N|1483|48.351172|11.808124||
N|1484|48.351193|11.808394||
N|1485|48.351235|11.808937||
N|1486|48.351256|11.809211||
N|1487|48.351277|11.809480||
N|1488|48.351322|11.810063||
N|1489|48.351343|11.810333||
N|1490|48.351364|11.810607||
N|1491|48.351405|11.811146||
N|1492|48.351428|11.811443||
N|1493|48.351451|11.811737||
N|1494|48.350250|11.804869||
N|1495|48.350336|11.805732||
N|1496|48.350355|11.806036||
N|1497|48.350553|11.806306||
N|1498|48.350446|11.806879||
N|1499|48.350471|11.807145||
N|1500|48.350621|11.807401||
N|1501|48.350498|11.807963||
N|1502|48.350519|11.808239||
N|1503|48.350735|11.808473||
N|1504|48.350618|11.809046||
N|1505|48.350604|11.809324||
N|1506|48.350806|11.809563||
N|1507|48.350850|11.810146||
N|1508|48.350698|11.810445||
N|1509|48.350716|11.810723||
N|1510|48.350941|11.811229||
N|1511|48.350783|11.811554||
N|1512|48.350841|11.811844||
E|0|1|T|M|23.0|d|0|69.6|48.360111,11.766613;48.360072,11.766641;48.360032,11.766675;48.359994,11.766716;48.359950,11.766777;48.359910,11.766859;48.359872,11.766955;48.359850,11.767053
E|1|2|T|M|23.0|d|0|69.8|
E|2|3|T|M|23.0|d|0|50.3|
E|3|4|T|M|23.0|d|0|64.8|
E|4|5|T|M|23.0|d|0|51.9|
E|5|6|T|M|23.0|d|0|5.8|
E|6|7|T|M|23.0|d|0|398.8|48.360139,11.770803;48.360284,11.771115;48.360336,11.771393
E|7|8|T|M|23.0|d|0|3.3|
E|8|9|T|M|23.0|d|0|52.8|
E|9|10|T|M|23.0|d|0|32.5|
E|10|11|T|M|23.0|d|0|17.2|
E|11|12|T|M|23.0|d|0|24.3|
E|12|13|T|M|23.0|d|0|416.7|
E|13|14|T|M|23.0|d|0|69.6|
E|14|15|T|M|23.0|d|0|11.6|
E|15|16|T|M|23.0|d|0|39.6|
E|16|17|T|M|23.0|d|0|45.7|
E|17|18|T|M|23.0|d|0|4.6|
E|18|19|T|M|23.0|d|0|29.6|
E|19|20|T|M|23.0|d|0|418.4|
E|20|21|T|M|23.0|d|0|38.4|
E|21|22|T|M|23.0|d|0|22.2|
E|22|23|T|M|23.0|d|0|52.6|
E|23|24|T|M|23.0|d|0|50.3|
E|24|25|T|M|23.0|d|0|39.6|
E|25|26|T|M|23.0|d|0|87.5|
E|26|27|T|M|23.0|d|0|147.7|
E|27|28|T|M|23.0|d|0|22.1|
E|28|29|T|M|23.0|d|0|51.0|
E|29|30|T|M|23.0|d|0|46.7|
E|30|31|T|M|23.0|d|0|4.6|
E|31|32|T|M|23.0|d|0|63.1|
E|32|33|T|M|23.0|d|0|361.3|
E|33|34|T|M|23.0|d|0|23.9|
E|34|35|T|M|23.0|d|0|50.5|
E|35|36|T|M|23.0|d|0|50.9|
E|36|37|T|M|23.0|d|0|65.0|
E|37|38|T|M|23.0|d|0|330.2|
E|38|39|T|M|23.0|d|0|23.7|
E|39|40|T|M|23.0|d|0|4.1|
E|40|41|T|M|23.0|d|0|46.5|
E|41|42|T|M|23.0|d|0|45.2|
E|42|43|T|M|23.0|d|0|5.4|
E|43|44|T|M|23.0|d|0|62.1|
E|44|45|T|M|23.0|d|0|353.7|
E|45|46|T|M|23.0|d|0|21.8|48.363979,11.819036;48.363953,11.819188
E|46|47|T|M|23.0|d|0|68.0|48.363905,11.819373;48.363874,11.819520;48.363864,11.819670
E|47|48|T|M|23.0|d|0|22.2|
E|48|49|T|M|23.0|d|0|27.6|
E|49|50|T|M|23.0|d|0|2.5|
E|50|51|T|M|23.0|d|0|2.9|
E|51|52|T|M|23.0|d|0|47.1|48.363958,11.820913
E|52|53|T|M|23.0|d|0|46.6|
E|53|54|T|M|23.0|d|0|25.8|
E|54|55|T|M|23.0|d|0|48.6|48.364100,11.822712
E|55|56|T|M|23.0|d|0|52.1|
E|56|57|T|M|23.0|d|0|111.7|
E|58|59|T|A14|23.0|d|0|75.0|48.363127,11.821244;48.363205,11.821368;48.363308,11.821470;48.363397,11.821526;48.363486,11.821543
E|59|52|T|A14|23.0|d|0|47.9|
E|52|60|T|A14|23.0|d|0|47.1|
E|60|61|T|A14|23.0|d|0|72.9|
E|61|62|T|A14|23.0|d|0|83.1|48.365609,11.821180;48.365703,11.821153
E|62|63|T|A14|23.0|d|0|185.9|48.365957,11.821019;48.366118,11.820887;48.366320,11.820645;48.366441,11.820433;48.366572,11.820097;48.366644,11.819865;48.366696,11.819565
E|64|65|T|A15|23.0|d|0|117.3|48.363221,11.822325;48.363367,11.822625;48.363493,11.822792;48.363637,11.822937;48.363790,11.823021
E|65|55|T|A15|23.0|d|0|37.6|48.363950,11.823075;48.364077,11.823080
E|55|66|T|A15|23.0|d|0|58.9|
E|66|67|T|A15|23.0|d|0|53.3|
E|67|68|T|A15|23.0|d|0|118.4|48.365366,11.822826;48.365515,11.822732;48.365691,11.822548;48.365829,11.822318
E|68|69|T|A15|23.0|d|0|214.6|48.366396,11.821225;48.366536,11.820820;48.366656,11.820346;48.366728,11.819793
E|70|71|T|A12|23.0|d|0|68.0|48.362418,11.812454;48.362438,11.812509;48.362473,11.812587;48.362505,11.812643;48.362543,11.812688;48.362599,11.812737;48.362646,11.812762;48.362697,11.812780;48.362749,11.812781
E|71|72|T|A12|23.0|d|0|23.0|
E|72|41|T|A12|23.0|d|0|45.4|
E|41|73|T|A12|23.0|d|0|99.5|48.363652,11.812593;48.363782,11.812499;48.363915,11.812368;48.364034,11.812198;48.364112,11.812043
E|73|74|T|A12|23.0|d|0|110.6|
E|74|75|T|A12|23.0|d|0|121.0|
E|75|76|T|A12|23.0|d|0|311.0|48.365310,11.807941;48.365441,11.807329;48.365541,11.806715;48.365620,11.805985
E|77|78|T|A10|23.0|d|0|70.6|48.361878,11.805469;48.361903,11.805549;48.361939,11.805632;48.361979,11.805688;48.362016,11.805730;48.362055,11.805766;48.362103,11.805797;48.362149,11.805814;48.362200,11.805821
E|78|35|T|A10|23.0|d|0|68.0|
E|35|79|T|A10|23.0|d|0|99.3|48.363146,11.805608;48.363288,11.805495;48.363502,11.805226
E|79|80|T|A10|23.0|d|0|112.6|
E|80|81|T|A10|23.0|d|0|104.1|
E|81|82|T|A10|23.0|d|0|323.1|48.364774,11.800966;48.364921,11.800278;48.365023,11.799576;48.365079,11.798774
E|83|84|T|A8|23.0|d|0|71.1|48.361325,11.798142;48.361341,11.798187;48.361369,11.798248;48.361417,11.798316;48.361471,11.798375;48.361547,11.798424;48.361621,11.798442;48.361695,11.798436
E|84|85|T|A8|23.0|d|0|20.8|
E|85|29|T|A8|23.0|d|0|46.9|
E|29|86|T|A8|23.0|d|0|99.6|48.362632,11.798205;48.362831,11.798009;48.362942,11.797846
E|86|87|T|A8|23.0|d|0|106.0|
E|87|88|T|A8|23.0|d|0|66.2|
E|88|89|T|A8|23.0|d|0|226.6|48.364234,11.793507
E|89|90|T|A8|23.0|d|0|152.0|48.364497,11.791935;48.364531,11.791250
E|20|91|T||23.0|d|0|126.5|48.361923,11.791719;48.361988,11.791920;48.362057,11.792105
E|92|93|T||23.0|d|0|318.2|48.358721,11.764340;48.358726,11.764243;48.358752,11.764127;48.358780,11.764025;48.358832,11.763939;48.358888,11.763867;48.358955,11.763813;48.359055,11.763770;48.359649,11.763674;48.359733,11.763675;48.359809,11.763702;48.359870,11.763739;48.359928,11.763794;48.359986,11.763888;48.360034,11.764012
E|93|94|T||23.0|d|0|20.6|
E|94|95|T||23.0|d|0|110.4|48.360836,11.765870;48.360948,11.766041;48.361159,11.766297
E|96|0|T|A1|23.0|d|0|192.4|48.359035,11.767628;48.359138,11.767274;48.359385,11.766864;48.359760,11.766654
E|0|97|T|A1|23.0|d|0|35.1|
E|97|98|T|A1|23.0|d|0|2.0|
E|98|95|T|A1|23.0|d|0|113.9|48.360826,11.766459;48.360950,11.766444;48.361074,11.766455;48.361173,11.766482;48.361272,11.766524;48.361358,11.766577
E|95|99|T|A1|23.0|d|0|20.3|
E|99|100|T|A1|23.0|d|0|230.6|48.362313,11.767714;48.362485,11.768021;48.362677,11.768453;48.362792,11.768831
E|101|102|T|T|23.0|d|0|95.7|48.343161,11.749244;48.343293,11.749341;48.343393,11.749508;48.343461,11.749761
E|102|103|T|T|23.0|d|0|49.2|
E|103|104|T|T|23.0|d|0|46.6|
E|104|105|T|T|23.0|d|0|3.6|
E|105|106|T|T|23.0|d|0|2.6|
E|106|107|T|T|23.0|d|0|62.0|
E|107|108|T|T|23.0|d|0|94.0|48.343715,11.752975;48.343716,11.753079;48.343706,11.753159;48.343688,11.753259
E|108|109|T|T|23.0|d|0|16.9|
E|109|110|T|T|23.0|d|0|262.3|
E|110|111|T|T|23.0|d|0|11.8|
E|111|112|T|T|23.0|d|0|48.0|
E|112|113|T|T|23.0|d|0|27.9|
E|113|114|T|T|23.0|d|0|48.6|
E|114|115|T|T|23.0|d|0|48.5|
E|115|116|T|T|23.0|d|0|431.6|
E|116|117|T|T|23.0|d|0|63.1|
E|117|118|T|T|23.0|d|0|2.6|
E|118|119|T|T|23.0|d|0|48.8|
E|119|120|T|T|23.0|d|0|45.5|
E|120|121|T|T|23.0|d|0|4.6|
E|121|122|T|T|23.0|d|0|22.3|
E|122|123|T|T|23.0|d|0|369.6|
E|123|124|T|T|23.0|d|0|107.3|
E|124|125|T|T|23.0|d|0|44.7|
E|125|126|T|T|23.0|d|0|29.0|
E|126|127|T|T|23.0|d|0|234.1|
E|127|128|T|T|23.0|d|0|2.6|
E|128|129|T|T|23.0|d|0|47.9|
E|129|130|T|T|23.0|d|0|21.7|
E|130|131|T|T|23.0|d|0|9.3|
E|131|132|T|T|23.0|d|0|19.4|
E|132|133|T|T|23.0|d|0|24.5|
E|133|134|T|T|23.0|d|0|14.5|
E|134|135|T|T|23.0|d|0|23.1|
E|135|136|T|T|23.0|d|0|7.6|
E|136|137|T|T|23.0|d|0|49.8|
E|137|138|T|T|23.0|d|0|23.1|
E|138|139|T|T|23.0|d|0|346.3|
E|139|140|T|T|23.0|d|0|21.8|
E|140|141|T|T|23.0|d|0|4.8|
E|141|142|T|T|23.0|d|0|46.0|
E|142|143|T|T|23.0|d|0|40.5|
E|143|144|T|T|23.0|d|0|9.7|
E|144|145|T|T|23.0|d|0|63.5|
E|145|146|T|T|23.0|d|0|425.0|
E|146|147|T|T|23.0|d|0|22.6|
E|147|148|T|T|23.0|d|0|49.8|
E|148|149|T|T|23.0|d|0|47.7|
E|149|150|T|T|23.0|d|0|3.6|
E|150|151|T|T|23.0|d|0|40.0|
E|151|152|T|T|23.0|d|0|75.0|
E|152|153|T|T|23.0|d|0|4.8|
E|153|154|T|T|23.0|d|0|217.2|
E|154|155|T|T|23.0|d|0|68.4|48.347235,11.800900;48.347264,11.800999;48.347403,11.801352;48.347442,11.801479;48.347457,11.801550
E|155|156|T|T|23.0|d|0|55.3|
E|156|157|T|T|23.0|d|0|50.1|
E|157|158|T|T|23.0|d|0|65.6|
E|158|159|T|T|23.0|d|0|57.1|
E|159|160|T|T|23.0|d|0|63.8|48.347699,11.804821;48.347694,11.805071
E|160|161|T|T|23.0|d|0|49.5|
E|161|162|T|T|23.0|d|0|115.6|
E|163|164|T|B15|23.0|d|0|191.5|48.344897,11.803777;48.345106,11.804241;48.345273,11.804523;48.345391,11.804680
E|164|165|T|B15|23.0|d|0|2.0|
E|165|166|T|B15|23.0|d|0|121.5|48.346110,11.805515;48.346348,11.805672;48.346528,11.805717;48.346679,11.805715
E|166|167|T|B15|23.0|d|0|49.9|
E|167|160|T|B15|23.0|d|0|57.5|
E|160|168|T|B15|23.0|d|0|62.2|48.347817,11.805512;48.347943,11.805459;48.348070,11.805371
E|168|169|T|B15|23.0|d|0|100.4|48.348278,11.805145;48.348334,11.805048;48.348386,11.804951;48.348448,11.804794;48.348503,11.804616;48.348531,11.804481;48.348553,11.804327
E|170|171|T|B13|23.0|d|0|80.3|48.348279,11.801192;48.348231,11.801342
E|171|172|T|B13|23.0|d|0|29.8|
E|172|156|T|B13|23.0|d|0|28.8|48.347643,11.802328;48.347582,11.802361
E|156|173|T|B13|23.0|d|0|72.7|
E|173|174|T|B13|23.0|d|0|46.1|
E|174|175|T|B13|23.0|d|0|97.7|
E|175|176|T|B13|23.0|d|0|130.1|48.345384,11.802747;48.345201,11.802765;48.345031,11.802720;48.344920,11.802645;48.344772,11.802481
E|177|178|T|B12|23.0|d|0|282.0|48.343694,11.789543;48.343772,11.789914;48.343916,11.790442;48.344088,11.790985;48.344182,11.791239;48.344302,11.791529;48.344411,11.791769
E|178|179|T|B12|23.0|d|0|122.0|
E|179|180|T|B12|23.0|d|0|109.2|
E|180|181|T|B12|23.0|d|0|5.4|
E|181|182|T|B12|23.0|d|0|117.9|
E|182|151|T|B12|23.0|d|0|40.0|
E|151|183|T|B12|23.0|d|0|59.2|48.346980,11.796930;48.347062,11.797030;48.347123,11.797073;48.347187,11.797109;48.347280,11.797134
E|183|184|T|B12|23.0|d|0|21.1|
E|184|185|T|B12|23.0|d|0|3.8|
E|185|186|T|B12|23.0|d|0|45.5|
E|187|188|T|B10|23.0|d|0|54.1|48.343029,11.781094
E|188|189|T|B10|23.0|d|0|260.5|48.343134,11.781618;48.343203,11.781922;48.343313,11.782322;48.343441,11.782739;48.343549,11.783035
E|189|190|T|B10|23.0|d|0|63.0|
E|190|191|T|B10|23.0|d|0|78.8|
E|191|192|T|B10|23.0|d|0|83.3|
E|192|193|T|B10|23.0|d|0|10.2|
E|193|194|T|B10|23.0|d|0|113.4|
E|194|145|T|B10|23.0|d|0|61.8|48.346179,11.788396;48.346229,11.788543;48.346258,11.788638;48.346286,11.788749
E|195|196|T|B10|23.0|d|0|15.2|
E|196|197|T|B10|23.0|d|0|21.5|
E|197|142|T|B10|23.0|d|0|48.1|
E|142|193|T|B10|23.0|d|0|90.3|48.345994,11.787390;48.345817,11.787325;48.345585,11.787130
E|198|136|T||23.0|d|0|96.2|48.345106,11.781364;48.345203,11.781186;48.345312,11.781053;48.345407,11.780965;48.345474,11.780910;48.345551,11.780869
E|136|199|T||23.0|d|0|44.2|
E|200|124|T|B8|23.0|d|0|94.7|48.344624,11.774907;48.344744,11.774715;48.344945,11.774525
E|201|202|T|B7|23.0|d|0|85.6|48.342397,11.772881;48.342454,11.773201
E|202|203|T|B7|23.0|d|0|306.9|48.342637,11.773956;48.342712,11.774212;48.342806,11.774504;48.342908,11.774779;48.343133,11.775306
E|203|204|T|B7|23.0|d|0|65.1|
E|204|205|T|B7|23.0|d|0|83.6|
E|205|206|T|B7|23.0|d|0|2.6|
E|206|207|T|B7|23.0|d|0|5.4|
E|207|208|T|B7|23.0|d|0|49.4|
E|208|209|T|B7|23.0|d|0|22.4|
E|209|210|T|B7|23.0|d|0|42.8|
E|210|211|T|B7|23.0|d|0|4.7|
E|211|212|T|B7|23.0|d|0|8.7|
E|212|134|T|B7|23.0|d|0|25.5|
E|134|213|T|B7|23.0|d|0|15.1|48.345696,11.780475
E|213|199|T|B7|23.0|d|0|40.2|48.345789,11.780597;48.345834,11.780638;48.345881,11.780669;48.345963,11.780713
E|199|214|T|B7|23.0|d|0|25.0|
E|214|215|T|B7|23.0|d|0|50.6|
E|216|217|T||23.0|d|0|28.2|48.347476,11.767070;48.347445,11.766965
E|218|219|T||23.0|d|0|68.0|48.346766,11.757911;48.346721,11.757803;48.346693,11.757745;48.346660,11.757691;48.346617,11.757637;48.346573,11.757595;48.346485,11.757537;48.346408,11.757508
E|220|221|T|B1|23.0|d|0|108.0|48.344284,11.749740;48.344143,11.749482;48.343951,11.749267;48.343808,11.749170
E|221|101|T|B1|23.0|d|0|78.8|48.343659,11.749126;48.343422,11.749103
E|222|223|T|N4|23.0|d|0|48.7|48.360488,11.794865
E|223|224|T|N4|23.0|d|0|1.0|
E|224|225|T|N4|23.0|d|0|16.7|
E|225|226|T|N4|23.0|d|0|31.9|
E|227|228|T|N3|23.0|d|0|44.7|48.360360,11.793246
E|228|229|T|N3|23.0|d|0|5.5|
E|229|230|T|N3|23.0|d|0|8.8|
E|230|231|T|N3|23.0|d|0|35.5|
E|232|233|T|N1|23.0|d|0|44.3|48.359077,11.776858
E|233|234|T|N1|23.0|d|0|1.8|
E|234|235|T|N1|23.0|d|0|12.1|
E|235|236|T|N1|23.0|d|0|35.5|
E|237|238|T|N2|23.0|d|0|69.1|48.359818,11.778815;48.359793,11.778712;48.359759,11.778636;48.359710,11.778555;48.359639,11.778478;48.359538,11.778423;48.359471,11.778427
E|238|239|T|N2|23.0|d|0|4.1|
E|239|240|T|N2|23.0|d|0|42.0|48.359201,11.778467
E|241|242|T|S6|23.0|d|0|32.4|
E|243|244|T|S5|23.0|d|0|14.3|
E|244|245|T|S5|23.0|d|0|7.6|
E|245|246|T|S5|23.0|d|0|43.0|
E|243|247|T|S5|23.0|d|0|33.5|
E|248|249|T|A6|23.0|d|0|18.2|
E|249|250|T|A6|23.0|d|0|23.5|
E|250|251|T|A6|23.0|d|0|10.6|
E|251|16|T|A6|23.0|d|0|33.7|
E|16|252|T|A6|23.0|d|0|101.2|48.361708,11.784838;48.361949,11.785019
E|252|253|T|A6|23.0|d|0|111.6|
E|253|254|T|A6|23.0|d|0|106.1|
E|254|255|T|A6|23.0|d|0|76.5|
E|255|256|T|A6|23.0|d|0|265.8|48.364350,11.790199;48.364495,11.790877
E|13|257|T||23.0|d|0|68.9|48.361302,11.783523;48.361340,11.783665;48.361383,11.783778;48.361447,11.783934
E|257|252|T||23.0|d|0|123.6|
E|226|258|T|A5|23.0|d|0|50.1|
E|258|259|T|A5|23.0|d|0|1.6|
E|259|260|T|A5|23.0|d|0|20.5|
E|260|25|T|A5|23.0|d|0|60.5|48.361826,11.794622;48.361940,11.794522;48.362018,11.794382
E|25|261|T|A5|23.0|d|0|40.5|
E|261|262|T|A5|23.0|d|0|46.9|
E|262|91|T|A5|23.0|d|0|15.9|
E|91|263|T|A5|23.0|d|0|50.0|
E|263|264|T|A5|23.0|d|0|8.6|
E|264|265|T|A5|23.0|d|0|2.3|
E|265|266|T|A5|23.0|d|0|215.5|
E|266|255|T|A5|23.0|d|0|77.0|
E|255|267|T|A5|23.0|d|0|242.4|48.363872,11.787940;48.363977,11.787389;48.364089,11.786466
E|92|268|T|N|23.0|d|0|153.7|
E|268|96|T|N|23.0|d|0|114.5|
E|96|269|T|N|23.0|d|0|25.3|
E|269|270|T|N|23.0|d|0|86.8|
E|270|271|T|N|23.0|d|0|119.3|
E|271|272|T|N|23.0|d|0|6.1|
E|272|273|T|N|23.0|d|0|358.2|
E|273|274|T|N|23.0|d|0|3.9|
E|274|275|T|N|23.0|d|0|9.4|
E|275|236|T|N|23.0|d|0|37.8|
E|236|276|T|N|23.0|d|0|35.2|
E|276|277|T|N|23.0|d|0|9.4|
E|277|278|T|N|23.0|d|0|5.6|
E|278|279|T|N|23.0|d|0|21.6|
E|279|237|T|N|23.0|d|0|89.0|
E|237|280|T|N|23.0|d|0|9.4|
E|280|281|T|N|23.0|d|0|236.7|
E|281|282|T|N|23.0|d|0|154.8|
E|282|283|T|N|23.0|d|0|80.5|48.360298,11.784964
E|283|284|T|N|23.0|d|0|20.4|
E|284|285|T|N|23.0|d|0|510.1|
E|285|231|T|N|23.0|d|0|50.6|48.360881,11.792541
E|231|286|T|N|23.0|d|0|48.8|
E|286|287|T|N|23.0|d|0|2.0|
E|287|288|T|N|23.0|d|0|24.3|
E|288|226|T|N|23.0|d|0|45.3|
E|226|289|T|N|23.0|d|0|35.4|
E|289|290|T|N|23.0|d|0|10.2|
E|290|291|T|N|23.0|d|0|4.8|
E|291|292|T|N|23.0|d|0|177.0|
E|292|83|T|N|23.0|d|0|15.2|
E|83|293|T|N|23.0|d|0|85.8|48.361336,11.798506
E|293|294|T|N|23.0|d|0|449.6|
E|294|77|T|N|23.0|d|0|15.4|
E|77|295|T|N|23.0|d|0|84.7|
E|295|296|T|N|23.0|d|0|419.4|
E|296|70|T|N|23.0|d|0|17.3|
E|70|297|T|N|23.0|d|0|83.9|48.362435,11.812822
E|297|298|T|N|23.0|d|0|390.6|
E|298|299|T|N|23.0|d|0|4.7|
E|299|58|T|N|23.0|d|0|164.7|
E|58|64|T|N|23.0|d|0|72.9|
E|64|300|T|N|23.0|d|0|110.2|
E|300|301|T|N|23.0|d|0|134.0|
E|270|302|T|A2|23.0|d|0|86.2|48.359158,11.769258;48.359237,11.768966;48.359351,11.768722
E|302|303|T|A2|23.0|d|0|5.9|48.359478,11.768532
E|303|2|T|A2|23.0|d|0|51.4|48.359608,11.768399;48.359758,11.768304
E|2|304|T|A2|23.0|d|0|49.0|
E|304|305|T|A2|23.0|d|0|70.3|
E|305|306|T|A2|23.0|d|0|81.0|48.361645,11.767965
E|306|307|T|A2|23.0|d|0|185.3|48.361834,11.767997;48.361961,11.768047;48.362075,11.768111;48.362270,11.768265;48.362426,11.768414;48.362593,11.768633;48.362762,11.769010
E|103|308|T|B2|23.0|d|0|52.6|
E|308|309|T|B2|23.0|d|0|65.7|
E|309|310|T|B2|23.0|d|0|83.9|48.341945,11.750996;48.341832,11.751035
E|310|311|T|B2|23.0|d|0|187.3|48.341635,11.751135;48.341516,11.751222;48.341404,11.751330;48.341267,11.751484;48.341141,11.751677;48.341006,11.751952;48.340961,11.752090;48.340897,11.752326;48.340849,11.752614;48.340834,11.752769
E|299|312|T|A13|23.0|d|0|88.9|48.362932,11.818974;48.363000,11.819120;48.363112,11.819262
E|312|313|T|A13|23.0|d|0|41.7|
E|313|47|T|A13|23.0|d|0|19.0|48.363812,11.820059
E|47|314|T|A13|23.0|d|0|59.1|48.364008,11.820098
E|314|315|T|A13|23.0|d|0|61.0|
E|315|316|T|A13|23.0|d|0|94.9|
E|316|317|T|A13|23.0|d|0|143.4|48.366126,11.819736;48.366236,11.819696;48.366355,11.819614;48.366496,11.819465;48.366589,11.819263;48.366669,11.819012
E|318|319|T|B14|23.0|d|0|173.6|48.344904,11.803433;48.345153,11.803797;48.345464,11.804053;48.345734,11.804174
E|319|320|T|B14|23.0|d|0|80.6|48.346019,11.804203
E|320|321|T|B14|23.0|d|0|46.0|
E|321|158|T|B14|23.0|d|0|72.1|
E|158|322|T|B14|23.0|d|0|48.6|48.347823,11.803846;48.347969,11.803740
E|322|323|T|B14|23.0|d|0|5.0|
E|323|324|T|B14|23.0|d|0|32.0|48.348129,11.803570;48.348221,11.803402
E|324|325|T|B14|23.0|d|0|66.7|48.348330,11.803167;48.348412,11.802815
E|326|327|T|R|23.0|d|0|5.7|
E|327|328|T|R|23.0|d|0|42.0|
E|328|329|T|R|23.0|d|0|17.0|
E|329|330|T|R|23.0|d|0|22.6|
E|330|331|T|R|23.0|d|0|26.2|
E|331|332|T|R|23.0|d|0|100.6|
E|332|333|T|R|23.0|d|0|71.6|
E|333|334|T|R|23.0|d|0|20.3|
E|334|335|T|R|23.0|d|0|20.3|
E|335|336|T|R|23.0|d|0|39.8|
E|336|337|T|R|23.0|d|0|20.6|
E|337|338|T|R|23.0|d|0|20.0|
E|338|339|T|R|23.0|d|0|41.0|
E|339|340|T|R|23.0|d|0|20.2|
E|340|341|T|R|23.0|d|0|20.1|
E|341|342|T|R|23.0|d|0|40.2|
E|342|343|T|R|23.0|d|0|20.5|
E|343|344|T|R|23.0|d|0|20.4|
E|344|345|T|R|23.0|d|0|39.4|
E|345|346|T|R|23.0|d|0|20.6|
E|346|347|T|R|23.0|d|0|20.3|
E|347|348|T|R|23.0|d|0|40.7|
E|348|349|T|R|23.0|d|0|19.9|
E|349|350|T|R|23.0|d|0|20.0|
E|350|351|T|R|23.0|d|0|40.8|
E|351|352|T|R|23.0|d|0|20.1|
E|352|353|T|R|23.0|d|0|20.2|
E|353|354|T|R|23.0|d|0|23.0|
E|354|355|T|R|23.0|d|0|5.8|
E|355|218|T|R|23.0|d|0|89.9|
E|218|356|T|R|23.0|d|0|5.0|
E|356|357|T|R|23.0|d|0|300.7|48.347007,11.760865
E|357|358|T|R|23.0|d|0|90.0|
E|358|359|T|R|23.0|d|0|88.9|
E|359|360|T|R|23.0|d|0|87.5|
E|360|361|T|R|23.0|d|0|11.9|
E|361|362|T|R|23.0|d|0|7.4|
E|362|363|T|R|23.0|d|0|42.9|
E|363|216|T|R|23.0|d|0|47.0|
E|216|364|T|R|23.0|d|0|4.1|
E|364|365|T|R|23.0|d|0|10.7|
E|365|366|T|R|23.0|d|0|13.4|
E|366|367|T|R|23.0|d|0|71.5|
E|367|368|T|R|23.0|d|0|13.5|
E|368|369|T|R|23.0|d|0|71.9|
E|369|370|T|R|23.0|d|0|3.1|
E|370|371|T|R|23.0|d|0|83.4|
E|371|372|T|R|23.0|d|0|1.4|
E|372|373|T|R|23.0|d|0|75.3|
E|373|374|T|R|23.0|d|0|8.5|
E|374|375|T|R|23.0|d|0|76.6|
E|375|376|T|R|23.0|d|0|7.8|
E|376|377|T|R|23.0|d|0|7.9|
E|378|379|T||23.0|d|0|52.5|48.359483,11.793394;48.359391,11.793413;48.359284,11.793460;48.359203,11.793533
E|380|381|T||23.0|d|0|4.8|
E|381|382|T||23.0|d|0|89.1|
E|383|384|T|D5|23.0|d|0|21.5|
E|384|385|T|D5|23.0|d|0|36.8|
E|385|386|T|D5|23.0|d|0|37.8|
E|386|387|T|D5|23.0|d|0|36.2|
E|387|388|T|D5|23.0|d|0|101.0|48.349661,11.791382;48.349615,11.791390;48.349570,11.791411;48.349529,11.791447;48.349492,11.791496;48.349467,11.791558;48.349451,11.791626;48.349447,11.791704;48.349447,11.791783
E|388|389|T|D5|23.0|d|0|63.9|48.349455,11.792922
E|390|391|T|D4|23.0|d|0|71.0|48.350165,11.795988;48.350124,11.796014;48.350085,11.796055;48.350018,11.796154
E|392|393|T|D4|23.0|d|0|76.7|48.349843,11.795907;48.349846,11.795782;48.349869,11.795659;48.349908,11.795547;48.349969,11.795447;48.350039,11.795369;48.350116,11.795318
E|390|394|T|Center 2|23.0|d|0|88.8|
E|394|395|T|Center 2|23.0|d|0|25.6|
E|395|396|T|Center 2|23.0|d|0|43.2|
E|397|398|T|D3|23.0|d|0|49.6|
E|398|399|T|D3|23.0|d|0|51.9|
E|399|400|T|D3|23.0|d|0|95.9|
E|401|399|T||23.0|d|0|69.5|48.351237,11.796516;48.351162,11.796591;48.351097,11.796690;48.351049,11.796809;48.351015,11.796949
E|399|402|T||23.0|d|0|72.9|48.350966,11.796975;48.350914,11.796843;48.350837,11.796733;48.350750,11.796651;48.350649,11.796604
E|403|404|T|D2|23.0|d|0|44.7|48.354073,11.795898;48.354166,11.795783
E|404|405|T|D2|23.0|d|0|30.5|
E|405|406|T|D2|23.0|d|0|13.2|
E|406|407|T|D2|23.0|d|0|10.3|
E|407|408|T|D2|23.0|d|0|31.8|
E|408|409|T|D2|23.0|d|0|46.2|48.354779,11.794602;48.354886,11.794504
E|410|411|T|D2|23.0|d|0|45.4|48.353930,11.794680;48.354049,11.794752
E|411|412|T|D2|23.0|d|0|28.9|
E|412|406|T|D2|23.0|d|0|14.1|
E|406|413|T|D2|23.0|d|0|20.2|
E|413|414|T|D2|23.0|d|0|20.2|
E|414|415|T|D2|23.0|d|0|45.2|48.354865,11.795707;48.354974,11.795768
E|416|417|T||23.0|d|0|118.1|48.351080,11.801729;48.351128,11.801816;48.351186,11.801896;48.351259,11.801958;48.351318,11.801984;48.351377,11.801986;48.351523,11.801960;48.351683,11.801931;48.351885,11.801892
E|418|377|T||23.0|d|0|46.6|48.347897,11.773658;48.347946,11.773511;48.347966,11.773355
E|419|420|T|B1|23.0|d|0|83.8|48.341916,11.749565;48.341819,11.749684
E|420|421|T|B1|23.0|d|0|197.2|48.341354,11.750551;48.341217,11.750798;48.341115,11.751029;48.341036,11.751261;48.340962,11.751532;48.340901,11.751772;48.340851,11.752037;48.340824,11.752322
E|422|423|T|B6|23.0|d|0|219.3|
E|423|202|T|B6|23.0|d|0|234.6|48.342853,11.771644;48.342693,11.772317;48.342625,11.772745;48.342577,11.773090
E|202|424|T|B6|23.0|d|0|92.4|48.342510,11.773958;48.342503,11.774340
E|236|425|T|A4|23.0|d|0|36.1|
E|425|426|T|A4|23.0|d|0|10.7|
E|426|427|T|A4|23.0|d|0|5.0|
E|427|428|T|A4|23.0|d|0|23.1|
E|428|429|T|A4|23.0|d|0|10.1|
E|429|9|T|A4|23.0|d|0|35.7|
E|9|430|T|A4|23.0|d|0|35.2|48.360892,11.776581
E|430|431|T|A4|23.0|d|0|63.8|48.361216,11.776743;48.361339,11.776854
E|431|432|T|A4|23.0|d|0|110.4|
E|432|433|T|A4|23.0|d|0|120.9|
E|433|434|T|A4|23.0|d|0|302.2|48.363294,11.780730;48.363544,11.781389;48.363742,11.782086
E|198|435|T|B11|23.0|d|0|2.9|
E|435|436|T|B11|23.0|d|0|158.3|
E|436|189|T|B11|23.0|d|0|67.0|
E|189|437|T|B11|23.0|d|0|303.0|48.343847,11.785661;48.343759,11.786059;48.343662,11.786609;48.343601,11.787178;48.343571,11.787627;48.343555,11.788087
E|438|439|T|B12 west|23.0|d|0|32.9|
E|439|440|T|B12 west|23.0|d|0|14.5|
E|440|441|T|B12 west|23.0|d|0|3.9|
E|441|442|T|B12 west|23.0|d|0|22.8|
E|442|148|T|B12 west|23.0|d|0|46.9|
E|148|181|T|B12 west|23.0|d|0|93.3|48.346731,11.795591;48.346650,11.795579;48.346446,11.795504;48.346289,11.795363
E|112|443|T|B4|23.0|d|0|54.9|48.343848,11.758120;48.343780,11.758209;48.343725,11.758285
E|443|444|T|B4|23.0|d|0|78.5|
E|444|445|T|B4|23.0|d|0|109.5|
E|445|446|T|B4|23.0|d|0|122.9|
E|446|447|T|B4|23.0|d|0|327.4|48.342157,11.763482;48.341983,11.764406;48.341896,11.765110;48.341855,11.765738
E|448|162|T|S|23.0|d|0|174.9|48.348830,11.807636;48.348817,11.807740;48.348780,11.807879;48.348716,11.808003;48.348678,11.808054;48.348642,11.808101;48.348588,11.808151;48.348539,11.808174;48.348158,11.808245;48.348048,11.808229;48.347958,11.808176;48.347879,11.808105;48.347789,11.807948
E|200|449|T|B8|23.0|d|0|4.5|
E|449|450|T|B8|23.0|d|0|83.7|
E|450|203|T|B8|23.0|d|0|64.2|
E|203|451|T|B8|23.0|d|0|202.2|48.343384,11.779101
E|451|188|T|B8|23.0|d|0|136.0|48.343129,11.780519
E|188|452|T|B8|23.0|d|0|60.5|
E|57|301|T||23.0|d|0|177.4|48.364467,11.825378;48.364429,11.825527;48.364363,11.825672;48.364292,11.825770;48.364195,11.825841;48.363775,11.825911;48.363639,11.825874;48.363520,11.825753;48.363423,11.825555
E|240|453|T|N2|23.0|d|0|57.4|
E|227|378|T|N3|23.0|d|0|58.7|
E|232|454|T|N1|23.0|d|0|53.8|
E|222|455|T|N4|23.0|d|0|54.9|
E|247|456|T|S5|23.0|d|0|57.2|
E|242|457|T|S6|23.0|d|0|58.5|
E|457|458|T|S6|23.0|d|0|14.3|
E|271|459|T|A3|23.0|d|0|82.5|48.359279,11.770926;48.359377,11.770704
E|459|460|T|A3|23.0|d|0|21.7|
E|460|4|T|A3|23.0|d|0|38.9|48.359757,11.769989;48.359893,11.769841
E|4|461|T|A3|23.0|d|0|49.5|
E|461|462|T|A3|23.0|d|0|69.3|
E|462|463|T|A3|23.0|d|0|91.6|
E|463|464|T|A3|23.0|d|0|141.1|48.362130,11.769426;48.362228,11.769409;48.362333,11.769400;48.362420,11.769414;48.362499,11.769452;48.362650,11.769544;48.362709,11.769602;48.362791,11.769714;48.362855,11.769838;48.362912,11.769988
E|465|466|T||23.0|d|0|66.6|
E|103|467|T|B2|23.0|d|0|50.1|
E|467|468|T|B2|23.0|d|0|83.2|48.344144,11.750659;48.344239,11.750711;48.344342,11.750817;48.344446,11.751049
E|454|469|T||23.0|d|0|22.5|
E|469|470|T||23.0|d|0|36.0|
E|470|471|T||23.0|d|0|19.8|
E|471|472|T||23.0|d|0|21.1|
E|472|473|T||23.0|d|0|23.8|
E|474|421|R|08R/26L|60.0|o|0|111.7|
E|421|311|R|08R/26L|60.0|o|0|29.1|
E|311|475|R|08R/26L|60.0|o|0|46.1|
E|475|447|R|08R/26L|60.0|o|0|974.3|
E|447|201|R|08R/26L|60.0|o|0|429.5|
E|201|424|R|08R/26L|60.0|o|0|176.0|
E|424|476|R|08R/26L|60.0|o|0|360.1|
E|476|187|R|08R/26L|60.0|o|0|76.4|
E|187|452|R|08R/26L|60.0|o|0|113.8|
E|452|437|R|08R/26L|60.0|o|0|459.6|
E|437|177|R|08R/26L|60.0|o|0|65.8|
E|177|176|R|08R/26L|60.0|o|0|961.4|
E|176|318|R|08R/26L|60.0|o|0|56.7|
E|318|163|R|08R/26L|60.0|o|0|15.0|
E|163|477|R|08R/26L|60.0|o|0|113.2|
E|478|100|R|08L/26R|60.0|o|0|123.1|
E|100|307|R|08L/26R|60.0|o|0|19.9|
E|307|464|R|08L/26R|60.0|o|0|49.7|
E|464|434|R|08L/26R|60.0|o|0|976.5|
E|434|267|R|08L/26R|60.0|o|0|155.6|
E|267|90|R|08L/26R|60.0|o|0|384.7|
E|90|256|R|08L/26R|60.0|o|0|98.9|
E|256|479|R|08L/26R|60.0|o|0|49.6|
E|479|82|R|08L/26R|60.0|o|0|412.3|
E|82|480|R|08L/26R|60.0|o|0|147.9|
E|480|76|R|08L/26R|60.0|o|0|369.7|
E|76|317|R|08L/26R|60.0|o|0|1026.2|
E|317|63|R|08L/26R|60.0|o|0|37.0|
E|63|69|R|08L/26R|60.0|o|0|11.6|
E|69|481|R|08L/26R|60.0|o|0|133.0|
E|482|483|T||23.0|d|0|69.0|48.348288,11.778774;48.348362,11.778810;48.348431,11.778862;48.348493,11.778933;48.348545,11.779020;48.348588,11.779115;48.348619,11.779217
E|484|485|T|S1|23.0|d|0|71.6|48.344219,11.747763;48.344261,11.747875;48.344324,11.747961;48.344392,11.748009;48.344468,11.748029;48.344544,11.748020
E|467|220|T||23.0|d|0|65.9|48.344136,11.750568;48.344227,11.750469;48.344309,11.750337;48.344365,11.750203
E|219|355|T||23.0|d|0|67.1|48.346457,11.757427;48.346530,11.757355;48.346581,11.757282;48.346630,11.757184;48.346673,11.757062;48.346693,11.756954
E|483|486|T||23.0|d|0|34.1|48.348640,11.779195;48.348661,11.779054;48.348701,11.778932
E|486|487|T||23.0|d|0|42.2|48.348749,11.778825;48.348811,11.778742;48.348878,11.778671;48.348951,11.778623
E|488|331|T|S1|23.0|d|0|77.7|48.345643,11.747806;48.345707,11.747765;48.345752,11.747723;48.345791,11.747674;48.345852,11.747584;48.345904,11.747465;48.345933,11.747358;48.345949,11.747242
E|489|490|T||23.0|d|0|35.8|48.357733,11.777647;48.357696,11.777526;48.357644,11.777417
E|490|473|T||23.0|d|0|43.4|48.357580,11.777323;48.357507,11.777252;48.357426,11.777202;48.357338,11.777176
E|458|491|T||23.0|d|0|80.9|48.348348,11.780331;48.348428,11.780275;48.348502,11.780194;48.348566,11.780093;48.348613,11.779974;48.348649,11.779847;48.348660,11.779712
E|492|453|T||23.0|d|0|21.0|
E|493|362|T||23.0|d|0|66.8|48.347126,11.766560;48.347204,11.766485;48.347268,11.766394;48.347322,11.766305;48.347358,11.766195;48.347378,11.766124
E|381|391|T|D4|23.0|d|0|33.2|48.349583,11.796728;48.349650,11.796681;48.349711,11.796616
E|391|392|T|D4|23.0|d|0|39.8|48.349818,11.796425;48.349840,11.796342;48.349853,11.796265;48.349854,11.796169
E|392|494|T|D4|23.0|d|0|15.0|48.349837,11.795918
E|494|495|T|D4|23.0|d|0|36.4|
E|495|496|T|D4|23.0|d|0|26.6|
E|497|498|T|B6|23.0|d|0|37.0|
E|498|499|T|B6|23.0|d|0|12.1|
E|499|500|T|B6|23.0|d|0|22.3|
E|500|119|T|B6|23.0|d|0|47.4|
E|119|422|T|B6|23.0|d|0|98.7|48.344512,11.767075;48.344409,11.767129;48.344323,11.767204;48.344252,11.767276;48.344159,11.767387;48.344082,11.767516;48.344016,11.767658
E|124|501|T|B8|23.0|d|0|44.5|
E|501|502|T|B8|23.0|d|0|25.5|
E|502|503|T|B8|23.0|d|0|14.1|
E|503|504|T|B8|23.0|d|0|36.6|
E|505|485|T|S1|23.0|d|0|71.6|48.344288,11.748620;48.344299,11.748500;48.344330,11.748383;48.344371,11.748274;48.344425,11.748186;48.344486,11.748107;48.344553,11.748051
E|485|506|T|S1|23.0|d|0|12.5|
E|219|507|T|S2|23.0|d|0|101.9|48.346104,11.757533;48.345756,11.757595
E|507|508|T|S2|23.0|d|0|15.1|
E|508|509|T|S2|23.0|d|0|35.1|
E|493|510|T|S3|23.0|d|0|99.7|
E|510|511|T|S3|23.0|d|0|5.9|
E|511|497|T|S3|23.0|d|0|45.6|
E|504|512|T|S4|23.0|d|0|48.8|
E|512|513|T|S4|23.0|d|0|2.0|
E|513|514|T|S4|23.0|d|0|97.6|48.346837,11.774112
E|482|456|T|S5|23.0|d|0|21.0|
E|215|515|T|S6|23.0|d|0|47.0|
E|515|516|T|S6|23.0|d|0|4.1|
E|516|241|T|S6|23.0|d|0|13.5|
E|509|517|T|B4|23.0|d|0|38.6|
E|517|518|T|B4|23.0|d|0|8.4|
E|518|519|T|B4|23.0|d|0|3.7|
E|519|520|T|B4|23.0|d|0|28.7|
E|520|521|T|B4|23.0|d|0|11.2|
E|521|112|T|B4|23.0|d|0|30.5|48.344081,11.757929
E|246|522|T|B11|23.0|d|0|45.3|
E|522|523|T|B11|23.0|d|0|5.3|
E|523|524|T|B11|23.0|d|0|22.2|
E|524|129|T|B11|23.0|d|0|47.4|
E|458|525|T||23.0|d|0|77.3|48.348351,11.780358;48.348434,11.780386;48.348515,11.780441;48.348590,11.780508;48.348656,11.780601;48.348706,11.780711;48.348742,11.780830
E|488|332|T|S1|23.0|d|0|79.3|48.345642,11.747843;48.345730,11.747866;48.345778,11.747894;48.345823,11.747928;48.345881,11.747988;48.345922,11.748042;48.345957,11.748100;48.346003,11.748200;48.346036,11.748312
E|487|526|T||23.0|d|0|13.2|
E|526|527|T||23.0|d|0|12.5|
E|527|528|T||23.0|d|0|17.9|48.348779,11.778642
E|528|529|T||23.0|d|0|26.5|
E|529|482|T||23.0|d|0|21.5|
E|530|531|T||23.0|d|0|34.1|48.352013,11.781308;48.352045,11.781426;48.352098,11.781532
E|531|532|T||23.0|d|0|35.4|48.352163,11.781628;48.352238,11.781697;48.352318,11.781750;48.352404,11.781776
E|532|533|T||23.0|d|0|9.4|
E|534|535|T||23.0|d|0|46.1|48.351678,11.781902;48.351760,11.781848;48.351835,11.781766;48.351901,11.781661
E|535|530|T||23.0|d|0|34.2|48.351946,11.781548;48.351979,11.781432;48.351992,11.781303
E|536|537|T||23.0|d|0|25.0|48.351792,11.778666;48.351755,11.778542
E|537|538|T||23.0|d|0|55.0|48.351700,11.778436;48.351635,11.778346;48.351561,11.778275;48.351476,11.778225;48.351390,11.778201
E|101|539|T|B1|23.0|d|0|69.7|
E|539|419|T|B1|23.0|d|0|37.0|48.342266,11.749319;48.342158,11.749368
E|198|211|T|B11|23.0|d|0|124.8|
E|211|540|T|B11|23.0|d|0|9.3|
E|540|541|T|B11|23.0|d|0|18.9|48.345505,11.779904
E|541|131|T|B11|23.0|d|0|5.4|
E|131|542|T|B11|23.0|d|0|21.6|48.345666,11.779453
E|542|524|T|B11|23.0|d|0|36.7|48.345753,11.779309;48.345806,11.779240;48.345884,11.779173
E|129|208|T|B9|23.0|d|0|51.7|
E|208|543|T|B9|23.0|d|0|25.5|
E|543|451|T|B9|23.0|d|0|177.3|48.344478,11.779382
E|451|476|T|B9|23.0|d|0|44.4|
E|483|544|T|C5|23.0|d|0|9.5|
E|23|91|T|A7|23.0|d|0|52.1|
E|91|545|T|A7|23.0|d|0|98.2|
E|545|89|T|A7|23.0|d|0|121.3|48.363950,11.792630
E|89|479|T|A7|23.0|d|0|27.9|
E|231|546|T|A9|23.0|d|0|46.9|
E|546|547|T|A9|23.0|d|0|5.0|
E|547|548|T|A9|23.0|d|0|20.5|
E|548|23|T|A9|23.0|d|0|47.3|
E|23|262|T|A9|23.0|d|0|46.5|48.362145,11.792986;48.362287,11.793025
E|262|549|T|A9|23.0|d|0|53.3|48.362577,11.793228
E|549|550|T|A9|23.0|d|0|105.2|
E|550|88|T|A9|23.0|d|0|66.0|
E|88|480|T|A9|23.0|d|0|387.5|48.364544,11.797101;48.364706,11.797527;48.364857,11.797984;48.365014,11.798590;48.365136,11.799191
E|91|549|T||23.0|d|0|58.6|
E|392|382|T|D4|23.0|d|0|76.6|48.349861,11.796160;48.349886,11.796283;48.349933,11.796394;48.349991,11.796489;48.350059,11.796558;48.350133,11.796606;48.350214,11.796630
E|123|200|T||23.0|d|0|173.2|48.345045,11.773255;48.345000,11.773475
E|551|552|T|D4|23.0|d|0|33.2|48.349475,11.795427;48.349527,11.795435;48.349581,11.795459;48.349628,11.795495
E|552|553|T|D4|23.0|d|0|25.8|
E|553|390|T|D4|23.0|d|0|48.0|48.350004,11.795854;48.350081,11.795922;48.350121,11.795945;48.350165,11.795957
E|475|554|T|B3|23.0|d|0|137.3|48.340887,11.753445;48.340901,11.753325;48.340966,11.753117;48.341036,11.752976;48.341079,11.752909;48.341264,11.752729;48.341362,11.752675;48.341485,11.752639
E|554|555|T|B3|23.0|d|0|96.4|
E|555|556|T|B3|23.0|d|0|45.3|
E|556|107|T|B3|23.0|d|0|73.0|
E|107|557|T|B3|23.0|d|0|50.4|
E|557|558|T|B3|23.0|d|0|3.3|
E|558|559|T|B3|23.0|d|0|65.3|48.344250,11.752175;48.344361,11.752216;48.344413,11.752259;48.344460,11.752315;48.344504,11.752377;48.344544,11.752458
E|411|404|T|D2|23.0|d|0|66.4|48.354233,11.795043;48.354261,11.795171;48.354275,11.795353;48.354252,11.795550
E|408|414|T|D2|23.0|d|0|62.6|48.354637,11.794953;48.354623,11.795138;48.354642,11.795316;48.354673,11.795433
E|560|397|T||23.0|d|0|69.7|48.350560,11.795267;48.350651,11.795314;48.350743,11.795399;48.350816,11.795514;48.350868,11.795653
E|397|561|T||23.0|d|0|69.7|48.350907,11.795644;48.350943,11.795481;48.350996,11.795359;48.351072,11.795238;48.351160,11.795158
E|398|395|T||23.0|d|0|67.7|48.350960,11.796295;48.350987,11.796175;48.351020,11.796079;48.351066,11.795988;48.351115,11.795915;48.351196,11.795840
E|562|563|T||23.0|d|0|73.2|48.348052,11.797363;48.348119,11.797161;48.348244,11.797013
E|185|562|T||23.0|d|0|68.8|48.347747,11.797131;48.347881,11.797242;48.347985,11.797409
E|564|563|T||23.0|d|0|65.5|48.348046,11.796677;48.348147,11.796825;48.348281,11.796918
E|565|496|T||23.0|d|0|6.5|
E|496|566|T||23.0|d|0|42.9|48.349648,11.795110;48.349682,11.795176;48.349721,11.795232;48.349767,11.795277;48.349818,11.795312;48.349871,11.795330
E|439|567|T||23.0|d|0|58.3|48.347696,11.795566;48.347747,11.795613;48.347790,11.795666;48.347839,11.795734;48.347880,11.795820;48.347912,11.795917
E|564|185|T||23.0|d|0|67.3|48.347920,11.796687;48.347846,11.796869;48.347746,11.796994;48.347672,11.797054
E|568|440|T||23.0|d|0|60.5|48.347822,11.795177;48.347786,11.795270;48.347731,11.795353;48.347696,11.795392;48.347651,11.795432;48.347558,11.795468
E|569|570|T||23.0|d|0|73.6|48.348285,11.795643;48.348210,11.795693;48.348130,11.795779;48.348087,11.795847;48.348043,11.795928;48.348014,11.796015;48.347984,11.796124
E|141|197|T||23.0|d|0|71.8|48.346172,11.786901;48.346206,11.787005;48.346264,11.787111;48.346310,11.787179;48.346359,11.787224;48.346447,11.787288;48.346530,11.787314
E|197|143|T||23.0|d|0|70.1|48.346524,11.787352;48.346447,11.787391;48.346391,11.787439;48.346352,11.787489;48.346304,11.787567;48.346275,11.787650;48.346252,11.787724;48.346238,11.787812
E|571|195|T|B10|23.0|d|0|56.0|48.347219,11.786831;48.347198,11.786934;48.347175,11.787002;48.347143,11.787069;48.347108,11.787135;48.347064,11.787192;48.347012,11.787235
E|572|195|T|B10|23.0|d|0|59.8|48.347280,11.787630;48.347231,11.787508;48.347189,11.787436;48.347139,11.787375;48.347087,11.787329;48.347041,11.787301
E|199|137|T||23.0|d|0|72.1|48.345939,11.780836;48.345897,11.780888;48.345855,11.780950;48.345813,11.781031;48.345779,11.781115;48.345751,11.781225;48.345737,11.781330
E|147|442|T||23.0|d|0|75.0|48.346793,11.795078;48.346821,11.795164;48.346852,11.795248;48.346923,11.795355;48.346994,11.795427;48.347063,11.795476;48.347146,11.795506
E|149|442|T||23.0|d|0|71.8|48.346875,11.796119;48.346895,11.795999;48.346916,11.795918;48.346943,11.795839;48.346991,11.795756;48.347037,11.795683;48.347094,11.795611;48.347173,11.795561
E|138|573|T||23.0|d|0|25.7|48.345730,11.781667;48.345682,11.781564
E|573|198|T||23.0|d|0|78.1|48.345583,11.781422;48.345525,11.781372;48.345460,11.781337;48.345388,11.781319;48.345324,11.781317;48.345249,11.781340;48.345195,11.781368;48.345138,11.781420;48.345096,11.781468
E|183|152|T||23.0|d|0|71.9|48.347279,11.797180;48.347202,11.797243;48.347134,11.797326;48.347088,11.797404;48.347052,11.797489;48.347025,11.797574;48.347004,11.797691
E|139|574|T||23.0|d|0|24.0|48.346106,11.786558;48.346085,11.786649
E|574|192|T||23.0|d|0|83.5|48.345974,11.786884;48.345865,11.786989;48.345756,11.787024;48.345641,11.787021;48.345526,11.786979
E|186|563|T||23.0|d|0|45.0|
E|563|575|T||23.0|d|0|6.8|
E|576|577|T||23.0|d|0|60.8|
E|578|579|T||23.0|d|0|60.6|
E|580|581|T||23.0|d|0|60.5|
E|582|583|T||23.0|d|0|60.4|
E|584|585|T||23.0|d|0|60.4|
E|586|587|T||23.0|d|0|60.4|
E|588|589|T||23.0|d|0|60.3|
E|415|590|T||23.0|d|0|60.3|
E|591|592|T||23.0|d|0|60.6|
E|593|594|T||23.0|d|0|60.9|
E|595|596|T||23.0|d|0|60.8|
E|597|598|T||23.0|d|0|60.8|
E|599|600|T||23.0|d|0|60.8|
E|601|602|T||23.0|d|0|60.9|
E|603|604|T||23.0|d|0|60.9|
E|605|606|T||23.0|d|0|61.0|
E|607|608|T||23.0|d|0|60.8|
E|609|610|T||23.0|d|0|59.1|
E|611|612|T||23.0|d|0|59.4|
E|324|613|T||23.0|d|0|28.3|48.348215,11.803378;48.348158,11.803431;48.348096,11.803468
E|613|157|T||23.0|d|0|69.1|48.347970,11.803503;48.347897,11.803498;48.347824,11.803470;48.347788,11.803443;48.347721,11.803390;48.347665,11.803320;48.347617,11.803220;48.347586,11.803125
E|157|172|T||23.0|d|0|66.9|48.347560,11.802881;48.347577,11.802714;48.347598,11.802610;48.347629,11.802520;48.347682,11.802385
E|322|159|T||23.0|d|0|88.6|48.347935,11.803799;48.347866,11.803919;48.347817,11.804030;48.347761,11.804172;48.347730,11.804286;48.347707,11.804414;48.347693,11.804515
E|321|159|T||23.0|d|0|101.6|48.347105,11.804030;48.347184,11.804032;48.347260,11.804046;48.347343,11.804076;48.347434,11.804140;48.347502,11.804215;48.347575,11.804322;48.347634,11.804458;48.347664,11.804574
E|159|167|T||23.0|d|0|102.5|48.347692,11.804847;48.347681,11.804971;48.347661,11.805073;48.347631,11.805171;48.347598,11.805256;48.347543,11.805356;48.347493,11.805427;48.347435,11.805490;48.347372,11.805537;48.347303,11.805574;48.347239,11.805600
E|167|161|T||23.0|d|0|74.1|48.347212,11.805637;48.347271,11.805655;48.347329,11.805679;48.347382,11.805717;48.347433,11.805765;48.347482,11.805824;48.347519,11.805885;48.347552,11.805949;48.347579,11.806015;48.347601,11.806088;48.347615,11.806147
E|321|157|T||23.0|d|0|107.7|48.347139,11.803976;48.347223,11.803932;48.347294,11.803877;48.347368,11.803804;48.347422,11.803728;48.347468,11.803641;48.347503,11.803544;48.347534,11.803454;48.347554,11.803338;48.347565,11.803199
E|157|173|T||23.0|d|0|98.0|48.347545,11.802957;48.347526,11.802883;48.347510,11.802821;48.347493,11.802775;48.347477,11.802735;48.347455,11.802693;48.347426,11.802649;48.347398,11.802614;48.347368,11.802583;48.347333,11.802554;48.347293,11.802531;48.347251,11.802510;48.347206,11.802497;48.347168,11.802492;48.347128,11.802490;48.346991,11.802487
E|155|173|T||23.0|d|0|102.3|48.347466,11.801752;48.347456,11.801822;48.347449,11.801875;48.347438,11.801932;48.347428,11.801985;48.347408,11.802049;48.347385,11.802100;48.347368,11.802135;48.347344,11.802179;48.347319,11.802228;48.347292,11.802265;48.347260,11.802305;48.347224,11.802339;48.347185,11.802372;48.347142,11.802396;48.347079,11.802429;48.347020,11.802448
E|558|468|T||23.0|d|0|82.3|48.344202,11.752138;48.344271,11.752089;48.344326,11.752033;48.344381,11.751943;48.344425,11.751849;48.344462,11.751739;48.344491,11.751591;48.344495,11.751520;48.344497,11.751403
E|467|104|T||23.0|d|0|75.3|48.343923,11.750664;48.343863,11.750699;48.343802,11.750744;48.343755,11.750800;48.343703,11.750868;48.343666,11.750935;48.343631,11.751021;48.343606,11.751122
E|108|556|T||23.0|d|0|124.8|48.343631,11.753418;48.343636,11.753327;48.343638,11.753240;48.343634,11.753151;48.343618,11.753050;48.343601,11.752978;48.343580,11.752898;48.343556,11.752831;48.343525,11.752760;48.343486,11.752686;48.343443,11.752621;48.343390,11.752554;48.343344,11.752505;48.343292,11.752464;48.343242,11.752426;48.343190,11.752404;48.343144,11.752392
E|106|556|T||23.0|d|0|104.2|48.343585,11.751538;48.343570,11.751658;48.343548,11.751754;48.343521,11.751849;48.343490,11.751931;48.343438,11.752028;48.343401,11.752088;48.343337,11.752169;48.343288,11.752230;48.343229,11.752286;48.343160,11.752320
E|104|308|T||23.0|d|0|76.8|48.343568,11.751253;48.343546,11.751178;48.343520,11.751119;48.343484,11.751047;48.343450,11.750991;48.343410,11.750937;48.343373,11.750899;48.343323,11.750862;48.343279,11.750835;48.343219,11.750810;48.343147,11.750796
E|1|303|T||23.0|d|0|101.0|48.359849,11.767464;48.359841,11.767544;48.359831,11.767636;48.359809,11.767745;48.359786,11.767878;48.359759,11.767990;48.359718,11.768090;48.359673,11.768205;48.359604,11.768342;48.359555,11.768421
E|302|3|T||23.0|d|0|71.2|48.359511,11.768530;48.359562,11.768524;48.359624,11.768522;48.359697,11.768539;48.359762,11.768577;48.359816,11.768625;48.359869,11.768696;48.359912,11.768762;48.359954,11.768856
E|3|460|T||23.0|d|0|86.6|48.359963,11.769034;48.359955,11.769138;48.359944,11.769255;48.359931,11.769388;48.359907,11.769507;48.359890,11.769593;48.359856,11.769710;48.359816,11.769818;48.359781,11.769905
E|3|304|T||23.0|d|0|76.6|48.359969,11.768824;48.359970,11.768740;48.359988,11.768652;48.360011,11.768579;48.360029,11.768508;48.360071,11.768416;48.360158,11.768299;48.360239,11.768234
E|461|5|T||23.0|d|0|80.1|48.360372,11.769748;48.360293,11.769819;48.360215,11.769918;48.360169,11.770011;48.360127,11.770112;48.360101,11.770249;48.360091,11.770373
E|46|314|T||23.0|d|0|97.4|48.363933,11.819302;48.363925,11.819401;48.363927,11.819491;48.363940,11.819581;48.363959,11.819664;48.363987,11.819742;48.364023,11.819810;48.364069,11.819880;48.364115,11.819935;48.364178,11.819983;48.364240,11.820011;48.364308,11.820019
E|313|48|T||23.0|d|0|35.7|48.363784,11.820065;48.363822,11.820133;48.363857,11.820206;48.363882,11.820272
E|314|49|T||23.0|d|0|82.6|48.364322,11.820074;48.364268,11.820102;48.364214,11.820133;48.364159,11.820171;48.364127,11.820215;48.364087,11.820277;48.364036,11.820361;48.363999,11.820438;48.363980,11.820504;48.363964,11.820579;48.363955,11.820657
E|51|60|T||23.0|d|0|72.1|48.363966,11.820907;48.363988,11.820988;48.364010,11.821051;48.364034,11.821108;48.364064,11.821161;48.364101,11.821215;48.364132,11.821255;48.364179,11.821298;48.364232,11.821336;48.364284,11.821359;48.364328,11.821372;48.364374,11.821383
E|53|60|T||23.0|d|0|71.2|48.364055,11.822031;48.364064,11.821951;48.364080,11.821854;48.364103,11.821759;48.364137,11.821679;48.364180,11.821608;48.364223,11.821545;48.364265,11.821502;48.364309,11.821455;48.364348,11.821429
E|66|54|T||23.0|d|0|88.6|48.364620,11.822962;48.364551,11.822955;48.364500,11.822948;48.364450,11.822935;48.364400,11.822918;48.364343,11.822891;48.364296,11.822854;48.364263,11.822825;48.364234,11.822792;48.364212,11.822759;48.364186,11.822719;48.364149,11.822648;48.364112,11.822557
E|56|66|T||23.0|d|0|80.1|48.364343,11.823622;48.364338,11.823566;48.364337,11.823513;48.364337,11.823464;48.364345,11.823398;48.364359,11.823333;48.364377,11.823282;48.364401,11.823223;48.364424,11.823171;48.364451,11.823132;48.364491,11.823085;48.364521,11.823054;48.364563,11.823026;48.364613,11.823004
E|51|59|T||23.0|d|0|72.3|48.363947,11.820901;48.363938,11.820972;48.363929,11.821039;48.363914,11.821108;48.363890,11.821179;48.363860,11.821243;48.363835,11.821294;48.363803,11.821350;48.363760,11.821409;48.363712,11.821454;48.363670,11.821486;48.363637,11.821510
E|53|59|T||23.0|d|0|72.0|48.364035,11.822028;48.364015,11.821966;48.363996,11.821903;48.363974,11.821848;48.363950,11.821798;48.363922,11.821750;48.363899,11.821718;48.363868,11.821681;48.363829,11.821643;48.363790,11.821613;48.363758,11.821596;48.363705,11.821569;48.363663,11.821553;48.363621,11.821542
E|614|615|T||23.0|d|0|26.9|
E|615|616|T||23.0|d|0|33.1|48.352263,11.782575
E|617|618|T||23.0|d|0|26.7|
E|618|619|T||23.0|d|0|34.3|48.350392,11.782895
E|620|621|T||23.0|d|0|19.2|
E|621|622|T||23.0|d|0|22.1|
E|623|624|T||23.0|d|0|27.0|
E|624|625|T||23.0|d|0|24.7|
E|626|627|T||23.0|d|0|26.6|
E|627|628|T||23.0|d|0|24.6|
E|629|630|T||23.0|d|0|26.7|
E|630|631|T||23.0|d|0|24.5|
E|526|632|T||23.0|d|0|32.0|
E|632|633|T||23.0|d|0|30.0|
E|472|634|T||23.0|d|0|44.1|
E|635|636|T||23.0|d|0|19.7|
E|636|637|T||23.0|d|0|24.6|
E|638|639|T||23.0|d|0|19.6|
E|639|640|T||23.0|d|0|24.6|
E|641|642|T||23.0|d|0|19.5|
E|642|643|T||23.0|d|0|24.5|
E|644|645|T||23.0|d|0|19.6|
E|645|646|T||23.0|d|0|24.0|
E|647|648|T||23.0|d|0|19.5|
E|648|649|T||23.0|d|0|24.3|
E|650|651|T||23.0|d|0|19.4|
E|651|652|T||23.0|d|0|24.3|
E|653|654|T||23.0|d|0|19.5|
E|654|655|T||23.0|d|0|23.9|
E|656|657|T||23.0|d|0|19.6|
E|657|658|T||23.0|d|0|24.0|
E|413|659|T||23.0|d|0|36.8|48.354543,11.795356;48.354511,11.795327;48.354479,11.795306;48.354450,11.795291;48.354409,11.795276;48.354381,11.795267;48.354354,11.795261;48.354313,11.795260
E|407|659|T||23.0|d|0|27.2|48.354471,11.795155;48.354455,11.795168;48.354432,11.795186;48.354402,11.795204;48.354381,11.795216;48.354354,11.795229;48.354337,11.795236;48.354321,11.795243
E|405|660|T||23.0|d|0|24.3|48.354399,11.795339;48.354419,11.795316;48.354435,11.795295;48.354450,11.795277;48.354465,11.795265;48.354487,11.795247;48.354515,11.795230;48.354536,11.795219
E|660|412|T||23.0|d|0|25.0|48.354527,11.795205;48.354502,11.795202;48.354480,11.795193;48.354456,11.795184;48.354431,11.795170;48.354413,11.795158;48.354394,11.795142;48.354374,11.795127
E|661|245|T||23.0|d|0|70.7|48.346681,11.779559;48.346685,11.779475;48.346703,11.779376;48.346726,11.779302;48.346754,11.779238;48.346789,11.779172;48.346841,11.779094;48.346906,11.779024;48.346962,11.778981
E|245|662|T||23.0|d|0|73.7|48.346966,11.778948;48.346904,11.778941;48.346841,11.778927;48.346772,11.778884;48.346726,11.778820;48.346663,11.778724;48.346624,11.778628;48.346601,11.778514
E|662|522|T||23.0|d|0|71.7|48.346579,11.778481;48.346571,11.778542;48.346559,11.778631;48.346534,11.778704;48.346509,11.778772;48.346479,11.778828;48.346445,11.778881;48.346398,11.778941;48.346349,11.778998;48.346306,11.779035;48.346260,11.779064
E|661|522|T||23.0|d|0|72.2|48.346668,11.779572;48.346653,11.779521;48.346634,11.779465;48.346608,11.779407;48.346576,11.779346;48.346538,11.779280;48.346493,11.779227;48.346450,11.779186;48.346393,11.779139;48.346334,11.779111;48.346276,11.779091
E|524|128|T||23.0|d|0|72.7|48.345875,11.779112;48.345822,11.779086;48.345771,11.779056;48.345724,11.779016;48.345663,11.778950;48.345603,11.778856;48.345561,11.778768;48.345532,11.778665
E|129|206|T||23.0|d|0|96.2|48.345481,11.779197;48.345428,11.779190;48.345362,11.779175;48.345275,11.779148;48.345182,11.779102;48.345122,11.779060;48.345061,11.779012;48.344989,11.778945;48.344931,11.778875;48.344877,11.778804
E|543|209|T||23.0|d|0|42.0|48.344914,11.779312;48.344961,11.779329;48.345026,11.779355;48.345087,11.779393;48.345138,11.779445
E|542|132|T||23.0|d|0|39.0|48.345672,11.779463;48.345651,11.779520;48.345630,11.779610;48.345617,11.779686;48.345609,11.779768
E|515|663|T||23.0|d|0|69.5|48.347107,11.780547;48.347054,11.780534;48.346994,11.780503;48.346938,11.780466;48.346874,11.780399;48.346830,11.780336;48.346795,11.780276;48.346760,11.780203;48.346732,11.780118
E|663|214|T||23.0|d|0|73.3|48.346701,11.780127;48.346684,11.780216;48.346659,11.780306;48.346633,11.780383;48.346593,11.780462;48.346549,11.780529;48.346491,11.780596;48.346423,11.780653;48.346368,11.780679
E|214|664|T||23.0|d|0|76.2|48.346354,11.780704;48.346393,11.780711;48.346461,11.780727;48.346532,11.780761;48.346600,11.780825;48.346662,11.780900;48.346716,11.780982;48.346746,11.781033;48.346772,11.781092;48.346792,11.781180
E|664|515|T||23.0|d|0|77.3|48.346796,11.781111;48.346797,11.781032;48.346814,11.780929;48.346836,11.780850;48.346857,11.780790;48.346884,11.780738;48.346918,11.780693;48.346961,11.780644;48.347028,11.780595
E|425|276|T||23.0|d|0|55.0|48.359927,11.776727;48.359871,11.776766;48.359831,11.776810;48.359787,11.776875;48.359760,11.776931;48.359731,11.777005;48.359712,11.777077;48.359703,11.777154
E|426|274|T||23.0|d|0|71.6|48.360017,11.776674;48.359955,11.776657;48.359876,11.776616;48.359807,11.776558;48.359754,11.776491;48.359700,11.776397;48.359671,11.776325;48.359642,11.776235
E|275|235|T||23.0|d|0|55.5|48.359623,11.776335;48.359612,11.776418;48.359596,11.776490;48.359569,11.776557;48.359541,11.776617;48.359502,11.776680;48.359465,11.776722;48.359401,11.776772
E|234|277|T||23.0|d|0|70.1|48.359300,11.776833;48.359355,11.776846;48.359410,11.776873;48.359467,11.776909;48.359517,11.776951;48.359573,11.777026;48.359623,11.777104;48.359658,11.777181;48.359688,11.777266
E|238|279|T|N2|23.0|d|0|71.2|48.359436,11.778406;48.359512,11.778349;48.359570,11.778288;48.359621,11.778219;48.359658,11.778147;48.359693,11.778057;48.359725,11.777950;48.359735,11.777849
E|428|8|T||23.0|d|0|74.4|48.360396,11.776596;48.360473,11.776530;48.360526,11.776468;48.360586,11.776382;48.360630,11.776278;48.360664,11.776161;48.360682,11.776030
E|431|12|T||23.0|d|0|108.3|48.361457,11.777066;48.361401,11.777011;48.361335,11.776969;48.361275,11.776948;48.361202,11.776950;48.361111,11.776970;48.361031,11.777016;48.360967,11.777079;48.360916,11.777152;48.360881,11.777226;48.360852,11.777316;48.360840,11.777402;48.360828,11.777473
E|10|429|T||23.0|d|0|52.2|48.360748,11.776919;48.360717,11.776844;48.360682,11.776783;48.360643,11.776735;48.360596,11.776684;48.360552,11.776656;48.360515,11.776634;48.360462,11.776624
E|180|665|T||23.0|d|0|82.8|48.346084,11.795096;48.346141,11.795154;48.346203,11.795208;48.346270,11.795228;48.346349,11.795232;48.346423,11.795220;48.346483,11.795191;48.346536,11.795152;48.346591,11.795104;48.346629,11.795053;48.346657,11.795001
E|665|146|T||23.0|d|0|24.9|48.346715,11.794864;48.346732,11.794793;48.346741,11.794724
E|666|568|T||23.0|d|0|63.6|48.348126,11.795549;48.348072,11.795507;48.348020,11.795458;48.347976,11.795393;48.347934,11.795307;48.347902,11.795225;48.347875,11.795120
E|422|667|T||23.0|d|0|122.5|
E|667|116|T||23.0|d|0|62.0|48.344443,11.766121;48.344470,11.765989;48.344483,11.765915;48.344496,11.765819;48.344503,11.765695
E|422|668|T||23.0|d|0|82.1|48.343992,11.767754;48.344025,11.767697;48.344062,11.767654;48.344103,11.767617;48.344140,11.767583;48.344196,11.767556;48.344248,11.767543;48.344312,11.767541;48.344386,11.767555;48.344469,11.767594;48.344516,11.767632;48.344557,11.767674
E|668|122|T||23.0|d|0|24.5|48.344631,11.767795;48.344670,11.767884
E|120|500|T||23.0|d|0|71.3|48.344673,11.767577;48.344687,11.767469;48.344712,11.767369;48.344737,11.767292;48.344762,11.767229;48.344802,11.767159;48.344841,11.767105;48.344885,11.767054;48.344922,11.767022;48.344963,11.766993;48.345008,11.766970
E|500|118|T||23.0|d|0|73.8|48.344996,11.766953;48.344955,11.766949;48.344908,11.766936;48.344866,11.766910;48.344830,11.766885;48.344792,11.766853;48.344759,11.766823;48.344729,11.766789;48.344703,11.766752;48.344673,11.766705;48.344649,11.766656;48.344621,11.766595;48.344608,11.766556;48.344596,11.766511;48.344585,11.766455
E|669|498|T||23.0|d|0|56.3|48.345708,11.767246;48.345686,11.767181;48.345663,11.767119;48.345632,11.767062;48.345594,11.767017;48.345557,11.766986;48.345495,11.766932;48.345444,11.766912
E|511|670|T||23.0|d|0|71.8|48.346050,11.766794;48.346009,11.766820;48.345972,11.766850;48.345936,11.766883;48.345903,11.766920;48.345863,11.766983;48.345825,11.767057;48.345790,11.767135;48.345765,11.767208;48.345749,11.767292;48.345736,11.767404
E|511|671|T||23.0|d|0|68.3|48.346039,11.766770;48.345993,11.766752;48.345942,11.766731;48.345888,11.766699;48.345841,11.766656;48.345790,11.766602;48.345737,11.766521;48.345694,11.766439;48.345670,11.766373;48.345652,11.766310
E|512|672|T||23.0|d|0|77.2|48.346623,11.774136;48.346526,11.774108;48.346470,11.774072;48.346414,11.774018;48.346362,11.773965;48.346305,11.773876;48.346258,11.773763;48.346226,11.773660
E|512|673|T||23.0|d|0|77.5|48.346619,11.774170;48.346542,11.774216;48.346473,11.774290;48.346408,11.774387;48.346363,11.774502;48.346331,11.774624;48.346314,11.774760
E|674|503|T||23.0|d|0|59.6|48.346280,11.774605;48.346254,11.774522;48.346210,11.774435;48.346164,11.774380;48.346115,11.774332;48.346073,11.774302;48.346013,11.774280
E|449|126|T||23.0|d|0|107.7|48.344541,11.775137;48.344617,11.775030;48.344699,11.774959;48.344780,11.774916;48.344846,11.774911;48.344936,11.774914;48.345015,11.774950;48.345078,11.775005;48.345132,11.775062;48.345177,11.775136;48.345214,11.775218;48.345236,11.775293
E|125|501|T||23.0|d|0|67.3|48.345232,11.774908;48.345248,11.774822;48.345269,11.774743;48.345300,11.774643;48.345349,11.774555;48.345406,11.774474;48.345457,11.774419;48.345498,11.774381
E|508|675|T||23.0|d|0|52.8|48.345226,11.757668;48.345180,11.757648;48.345140,11.757621;48.345094,11.757576;48.345058,11.757533;48.345018,11.757468;48.344992,11.757406;48.344969,11.757330
E|508|676|T||23.0|d|0|51.4|48.345244,11.757708;48.345201,11.757739;48.345155,11.757795;48.345109,11.757865;48.345074,11.757938;48.345051,11.758014;48.345031,11.758114
E|676|677|T||23.0|d|0|4.5|
E|678|518|T||23.0|d|0|70.1|48.344935,11.757234;48.344919,11.757333;48.344887,11.757444;48.344843,11.757548;48.344800,11.757619;48.344764,11.757668;48.344702,11.757729;48.344644,11.757772
E|676|517|T||23.0|d|0|54.8|48.344995,11.758091;48.344967,11.758021;48.344931,11.757949;48.344898,11.757901;48.344850,11.757856;48.344795,11.757825;48.344764,11.757812;48.344719,11.757800
E|521|113|T||23.0|d|0|49.5|48.344109,11.757948;48.344062,11.758010;48.344019,11.758085;48.343986,11.758169;48.343971,11.758234;48.343959,11.758307
E|520|111|T||23.0|d|0|63.1|48.344191,11.757861;48.344155,11.757853;48.344109,11.757834;48.344082,11.757818;48.344051,11.757799;48.344023,11.757779;48.343994,11.757741;48.343972,11.757694;48.343938,11.757638;48.343917,11.757584;48.343896,11.757511
E|110|443|T||23.0|d|0|103.7|48.343863,11.757372;48.343857,11.757470;48.343844,11.757590;48.343825,11.757706;48.343790,11.757858;48.343760,11.757978;48.343715,11.758132
E|444|115|T||23.0|d|0|108.7|48.343349,11.759450;48.343389,11.759387;48.343441,11.759327;48.343499,11.759282;48.343559,11.759250;48.343625,11.759234;48.343683,11.759233;48.343748,11.759246;48.343814,11.759276;48.343894,11.759341;48.343961,11.759431;48.343995,11.759499;48.344023,11.759575
E|387|679|T||23.0|d|0|25.5|48.349924,11.791352;48.349939,11.791375;48.349952,11.791408;48.349959,11.791443;48.349962,11.791480;48.349959,11.791518;48.349952,11.791553;48.349942,11.791588
E|386|680|T||23.0|d|0|25.5|48.350249,11.791297;48.350265,11.791322;48.350279,11.791352;48.350285,11.791388;48.350289,11.791424;48.350286,11.791463;48.350282,11.791496;48.350275,11.791527
E|385|681|T||23.0|d|0|24.9|48.350584,11.791245;48.350596,11.791273;48.350608,11.791303;48.350614,11.791336;48.350615,11.791371;48.350611,11.791407;48.350605,11.791443;48.350596,11.791476
E|384|682|T||23.0|d|0|24.8|48.350913,11.791193;48.350925,11.791222;48.350936,11.791254;48.350941,11.791288;48.350944,11.791323;48.350940,11.791358;48.350933,11.791392;48.350922,11.791425
E|683|684|T||23.0|d|0|42.4|
E|685|686|T||23.0|d|0|42.8|
E|687|688|T||23.0|d|0|42.5|
E|689|690|T||23.0|d|0|42.6|
E|691|692|T||23.0|d|0|42.6|
E|693|694|T||23.0|d|0|42.6|
E|695|696|T||23.0|d|0|42.7|
E|697|698|T|D6|23.0|d|0|5.2|48.358345,11.802978
E|698|699|T|D6|23.0|d|0|12.2|48.358326,11.803036;48.358317,11.803106
E|699|700|T|D6|23.0|d|0|28.8|
E|700|701|T|D6|23.0|d|0|40.8|48.358382,11.803994
E|701|702|T|D6|23.0|d|0|40.0|
E|702|703|T|D6|23.0|d|0|40.6|
E|368|704|T||23.0|d|0|59.6|
E|370|705|T||23.0|d|0|59.6|
E|375|706|T||23.0|d|0|59.6|
E|357|707|T||23.0|d|0|100.0|
E|15|251|T||23.0|d|0|56.7|48.361324,11.784363;48.361307,11.784470;48.361272,11.784582;48.361216,11.784693;48.361148,11.784773
E|250|17|T||23.0|d|0|68.1|48.361029,11.784859;48.361101,11.784884;48.361163,11.784930;48.361234,11.784999;48.361302,11.785086;48.361356,11.785197;48.361391,11.785299
E|252|708|T||23.0|d|0|81.6|48.362034,11.785212;48.361937,11.785158;48.361807,11.785147;48.361686,11.785200;48.361588,11.785295
E|708|19|T||23.0|d|0|32.7|48.361470,11.785554;48.361447,11.785682
E|249|282|T||23.0|d|0|78.4|48.360619,11.784867;48.360535,11.784832;48.360476,11.784784;48.360414,11.784724;48.360365,11.784641;48.360315,11.784550;48.360277,11.784440
E|248|283|T||23.0|d|0|47.7|48.360534,11.784935;48.360492,11.784967;48.360452,11.785017;48.360417,11.785071;48.360387,11.785131;48.360360,11.785202;48.360343,11.785268
E|23|263|T||23.0|d|0|91.6|48.362125,11.792934;48.362207,11.792893;48.362299,11.792816;48.362376,11.792744;48.362449,11.792648;48.362540,11.792506
E|264|21|T||23.0|d|0|109.4|48.362605,11.792288;48.362521,11.792395;48.362425,11.792449;48.362322,11.792466;48.362200,11.792438;48.362062,11.792329;48.361986,11.792205;48.361940,11.792091
E|22|548|T||23.0|d|0|77.5|48.361947,11.792404;48.361930,11.792555;48.361884,11.792703;48.361826,11.792830;48.361745,11.792931;48.361670,11.792996
E|548|24|T||23.0|d|0|75.3|48.361635,11.793053;48.361702,11.793073;48.361792,11.793116;48.361873,11.793189;48.361931,11.793278;48.361976,11.793365;48.362010,11.793457;48.362031,11.793531
E|260|26|T||23.0|d|0|82.2|48.361786,11.794667;48.361873,11.794705;48.361941,11.794753;48.362010,11.794823;48.362056,11.794893;48.362106,11.794992;48.362144,11.795101;48.362164,11.795209
E|86|709|T||23.0|d|0|82.1|48.363004,11.797636;48.362951,11.797695;48.362883,11.797749;48.362804,11.797795;48.362733,11.797802;48.362694,11.797800;48.362641,11.797787;48.362575,11.797752;48.362494,11.797684
E|709|27|T||23.0|d|0|24.7|48.362427,11.797592;48.362378,11.797493;48.362353,11.797424
E|86|710|T||23.0|d|0|122.5|48.362720,11.798744
E|710|32|T||23.0|d|0|62.7|48.362600,11.799158;48.362579,11.799244;48.362555,11.799362;48.362537,11.799493;48.362529,11.799605;48.362527,11.799677;48.362527,11.799754
E|30|85|T||23.0|d|0|71.6|48.362441,11.798861;48.362423,11.798794;48.362400,11.798735;48.362367,11.798655;48.362331,11.798591;48.362297,11.798550;48.362257,11.798504;48.362212,11.798467;48.362163,11.798433;48.362105,11.798404;48.362054,11.798391
E|79|711|T||23.0|d|0|82.0|48.363578,11.805000;48.363507,11.805088;48.363440,11.805134;48.363365,11.805165;48.363271,11.805175;48.363186,11.805156;48.363117,11.805111;48.363036,11.805031
E|711|33|T||23.0|d|0|26.6|48.362974,11.804939;48.362935,11.804846
E|79|712|T||23.0|d|0|122.6|
E|712|37|T||23.0|d|0|64.1|48.363186,11.806469;48.363163,11.806552;48.363137,11.806669;48.363110,11.806821;48.363097,11.806953;48.363093,11.807090
E|73|713|T||23.0|d|0|81.6|48.364089,11.811998;48.364015,11.812074;48.363946,11.812118;48.363892,11.812137;48.363845,11.812141;48.363791,11.812141;48.363737,11.812124;48.363668,11.812090;48.363628,11.812057;48.363573,11.812004
E|713|38|T||23.0|d|0|25.5|48.363526,11.811931;48.363473,11.811813
E|73|714|T||23.0|d|0|123.1|
E|714|44|T||23.0|d|0|60.8|48.363684,11.813563;48.363651,11.813745;48.363634,11.813895;48.363626,11.814034
E|72|40|T||23.0|d|0|69.9|48.363166,11.812686;48.363222,11.812649;48.363289,11.812576;48.363330,11.812520;48.363374,11.812440;48.363404,11.812368;48.363432,11.812278;48.363446,11.812203;48.363455,11.812126
E|72|42|T||23.0|d|0|69.1|48.363161,11.812731;48.363217,11.812751;48.363273,11.812779;48.363329,11.812822;48.363382,11.812880;48.363425,11.812937;48.363469,11.813003;48.363505,11.813091;48.363529,11.813170
E|225|289|T||23.0|d|0|50.5|48.360798,11.794828;48.360847,11.794847;48.360894,11.794877;48.360937,11.794915;48.360979,11.794964;48.361012,11.795021;48.361043,11.795082;48.361067,11.795143
E|224|288|T||23.0|d|0|71.4|48.360689,11.794806;48.360763,11.794760;48.360813,11.794712;48.360858,11.794655;48.360899,11.794589;48.360931,11.794516;48.360958,11.794436;48.360978,11.794377;48.360994,11.794263
E|288|258|T||23.0|d|0|73.1|48.361025,11.794249;48.361050,11.794325;48.361085,11.794399;48.361125,11.794473;48.361169,11.794532;48.361205,11.794570;48.361257,11.794617;48.361312,11.794653;48.361372,11.794679;48.361426,11.794691
E|258|290|T||23.0|d|0|73.1|48.361435,11.794717;48.361384,11.794744;48.361327,11.794789;48.361292,11.794823;48.361257,11.794870;48.361219,11.794926;48.361191,11.794980;48.361163,11.795045;48.361135,11.795131;48.361117,11.795210;48.361104,11.795296
E|715|546|T||23.0|d|0|71.4|48.360894,11.792625;48.360920,11.792708;48.360957,11.792793;48.360990,11.792857;48.361032,11.792918;48.361083,11.792971;48.361139,11.793020;48.361191,11.793053;48.361252,11.793071
E|285|715|T||23.0|d|0|4.8|
E|715|230|T||23.0|d|0|64.3|48.360877,11.792559;48.360885,11.792670;48.360884,11.792771;48.360861,11.792891;48.360828,11.792983;48.360783,11.793070;48.360736,11.793128;48.360696,11.793166;48.360642,11.793195
E|229|286|T||23.0|d|0|70.3|48.360595,11.793237;48.360664,11.793271;48.360725,11.793309;48.360785,11.793366;48.360853,11.793453;48.360899,11.793537;48.360934,11.793631;48.360959,11.793730
E|546|286|T||23.0|d|0|73.3|48.361298,11.793109;48.361215,11.793164;48.361146,11.793239;48.361098,11.793309;48.361056,11.793388;48.361024,11.793463;48.360998,11.793554;48.360984,11.793631;48.360976,11.793694
E|373|716|T||23.0|d|0|59.6|
E|372|717|T||23.0|d|0|59.6|
E|366|718|T||23.0|d|0|59.7|
E|363|719|T||23.0|d|0|59.7|
E|720|721|T||23.0|d|0|26.6|
E|721|722|T||23.0|d|0|24.9|
E|723|724|T||23.0|d|0|26.7|
E|724|725|T||23.0|d|0|24.5|
E|527|726|T||23.0|d|0|16.2|
E|726|727|T||23.0|d|0|27.8|
E|728|729|T||23.0|d|0|19.9|
E|729|730|T||23.0|d|0|23.8|
E|731|732|T||23.0|d|0|20.0|
E|732|733|T||23.0|d|0|23.7|
E|734|735|T||23.0|d|0|19.9|
E|735|736|T||23.0|d|0|23.8|
E|737|738|T||23.0|d|0|20.0|
E|738|739|T||23.0|d|0|23.8|
E|740|741|T||23.0|d|0|20.1|
E|741|742|T||23.0|d|0|23.9|
E|743|744|T||23.0|d|0|20.0|
E|744|745|T||23.0|d|0|23.6|
E|746|747|T||23.0|d|0|19.5|
E|747|748|T||23.0|d|0|23.8|
E|749|750|T||23.0|d|0|19.6|
E|750|751|T||23.0|d|0|24.0|
E|752|753|T||23.0|d|0|19.6|
E|753|754|T||23.0|d|0|24.2|
E|755|756|P|121|||0|18.7|
E|756|757|P|121|||0|144.2|48.348577,11.783226;48.348582,11.783287
E|758|759|T||23.0|d|0|23.5|
E|759|760|T||23.0|d|0|55.4|48.348889,11.782638;48.348929,11.783143
E|761|762|T||23.0|d|0|26.6|
E|762|763|T||23.0|d|0|34.5|48.349419,11.783060
E|764|765|T||23.0|d|0|26.7|
E|765|766|T||23.0|d|0|34.3|48.349908,11.782977
E|767|768|T||23.0|d|0|26.7|
E|768|769|T||23.0|d|0|34.3|48.350505,11.782876
E|770|771|T||23.0|d|0|26.8|
E|771|772|T||23.0|d|0|34.2|48.350822,11.782822
E|773|774|T||23.0|d|0|26.8|
E|774|775|T||23.0|d|0|34.7|48.351170,11.782763
E|776|777|T||23.0|d|0|26.8|
E|777|778|T||23.0|d|0|34.7|48.351248,11.782750
E|779|780|T||23.0|d|0|26.9|
E|780|781|T||23.0|d|0|33.1|48.352220,11.782582
E|532|782|T||23.0|d|0|28.2|
E|782|783|T||23.0|d|0|33.6|48.352381,11.782554
E|784|785|T||23.0|d|0|26.8|
E|785|786|T||23.0|d|0|33.1|48.352710,11.782497
E|787|788|T||23.0|d|0|26.8|
E|788|789|T||23.0|d|0|33.1|48.353077,11.782433
E|790|791|T||23.0|d|0|26.8|
E|791|792|T||23.0|d|0|33.2|48.353195,11.782413
E|793|794|T||23.0|d|0|26.8|
E|794|795|T||23.0|d|0|33.2|48.353684,11.782328
E|483|796|T||23.0|d|0|34.9|48.348621,11.779110;48.348606,11.778917
E|796|528|T||23.0|d|0|15.1|48.348607,11.778824;48.348620,11.778731
E|528|797|T||23.0|d|0|22.8|48.348646,11.778641;48.348679,11.778563;48.348719,11.778494
E|797|726|T||23.0|d|0|1.6|
E|726|798|T||23.0|d|0|27.6|48.348832,11.778383;48.348916,11.778345
E|797|529|T||23.0|d|0|45.6|48.348461,11.778679
E|482|796|T||23.0|d|0|45.0|
E|796|486|T||23.0|d|0|12.5|
E|486|799|T||23.0|d|0|31.0|48.348878,11.778942;48.348936,11.778954
E|799|800|T||23.0|d|0|6.8|
E|544|799|T||23.0|d|0|57.1|48.348667,11.779360;48.348694,11.779268;48.348730,11.779179;48.348774,11.779101;48.348825,11.779047;48.348879,11.779005;48.348936,11.778977
E|536|801|T||23.0|d|0|23.8|
E|801|802|T||23.0|d|0|10.6|
E|802|803|T||23.0|d|0|17.5|48.351755,11.778251;48.351726,11.778171
E|803|804|T||23.0|d|0|37.9|48.351687,11.778098;48.351643,11.778037;48.351590,11.777985;48.351534,11.777945;48.351480,11.777925;48.351473,11.777923
E|805|806|T||23.0|d|0|11.6|48.351833,11.778855
E|806|807|T||23.0|d|0|41.0|48.351850,11.778768;48.351876,11.778688;48.351909,11.778613;48.351951,11.778550;48.351999,11.778498;48.352049,11.778457
E|805|808|T||23.0|d|0|11.1|48.351802,11.778856
E|808|809|T||23.0|d|0|43.6|48.351774,11.778777;48.351734,11.778705;48.351688,11.778644;48.351636,11.778597;48.351580,11.778561;48.351520,11.778541
E|810|811|T|W1|23.0|d|0|3.7|
E|811|636|T|W1|23.0|d|0|32.8|
E|636|639|T|W1|23.0|d|0|47.8|
E|639|642|T|W1|23.0|d|0|47.3|
E|642|645|T|W1|23.0|d|0|53.8|
E|645|648|T|W1|23.0|d|0|72.5|48.355094,11.777279
E|648|651|T|W1|23.0|d|0|41.7|
E|651|753|T|W1|23.0|d|0|47.4|48.354430,11.777394
E|753|654|T|W1|23.0|d|0|54.6|
E|654|657|T|W1|23.0|d|0|54.2|
E|657|750|T|W1|23.0|d|0|54.6|
E|750|747|T|W1|23.0|d|0|53.5|
E|747|812|T|W1|23.0|d|0|24.6|
E|812|813|T|W1|23.0|d|0|24.6|
E|813|744|T|W1|23.0|d|0|40.5|
E|744|804|T|W1|23.0|d|0|9.0|
E|804|741|T|W1|23.0|d|0|50.1|48.351173,11.777955
E|741|738|T|W1|23.0|d|0|48.0|
E|738|735|T|W1|23.0|d|0|47.4|
E|735|732|T|W1|23.0|d|0|47.5|
E|732|729|T|W1|23.0|d|0|48.7|
E|729|798|T|W1|23.0|d|0|26.0|
E|473|635|T|W1|23.0|d|0|25.1|48.357043,11.777209
E|635|638|T|W1|23.0|d|0|47.7|
E|638|641|T|W1|23.0|d|0|47.4|48.356563,11.777291
E|641|644|T|W1|23.0|d|0|53.8|48.356069,11.777376
E|644|814|T|W1|23.0|d|0|75.8|48.355586,11.777460;48.355693,11.777436
E|814|647|T|W1|23.0|d|0|20.7|
E|647|650|T|W1|23.0|d|0|41.5|48.354831,11.777589
E|650|815|T|W1|23.0|d|0|38.4|
E|815|752|T|W1|23.0|d|0|9.2|
E|752|653|T|W1|23.0|d|0|54.9|48.354185,11.777704
E|653|656|T|W1|23.0|d|0|54.0|
E|656|749|T|W1|23.0|d|0|54.5|
E|749|623|T|W1|23.0|d|0|48.8|
E|623|746|T|W1|23.0|d|0|4.6|
E|746|816|T|W1|23.0|d|0|10.9|
E|816|817|T|W1|23.0|d|0|39.0|
E|817|818|T|W1|23.0|d|0|6.2|
E|818|803|T|W1|23.0|d|0|11.8|
E|803|819|T|W1|23.0|d|0|11.4|
E|819|743|T|W1|23.0|d|0|10.6|
E|743|538|T|W1|23.0|d|0|23.7|
E|538|720|T|W1|23.0|d|0|31.4|48.351187,11.778224
E|720|740|T|W1|23.0|d|0|3.9|
E|740|626|T|W1|23.0|d|0|44.1|
E|626|737|T|W1|23.0|d|0|11.0|48.350555,11.778334;48.350588,11.778327
E|737|734|T|W1|23.0|d|0|47.7|
E|734|723|T|W1|23.0|d|0|2.9|
E|723|820|T|W1|23.0|d|0|25.4|
E|820|731|T|W1|23.0|d|0|18.9|
E|731|629|T|W1|23.0|d|0|10.6|
E|629|728|T|W1|23.0|d|0|38.2|
E|728|821|T|W1|23.0|d|0|24.6|48.349186,11.778569;48.349105,11.778583
E|821|487|T|W1|23.0|d|0|2.7|
E|822|823|T|W1|23.0|d|0|4.7|
E|823|824|T|W1|23.0|d|0|348.9|48.357071,11.777567;48.356589,11.777649;48.356096,11.777736;48.355612,11.777819;48.355134,11.777901;48.354866,11.777948;48.354807,11.777958;48.354748,11.777968;48.354484,11.778014
E|824|825|T|W1|23.0|d|0|48.1|
E|825|624|T|W1|23.0|d|0|157.0|
E|624|807|T|W1|23.0|d|0|31.1|
E|807|826|T|W1|23.0|d|0|28.5|
E|826|801|T|W1|23.0|d|0|6.6|
E|801|537|T|W1|23.0|d|0|6.7|
E|537|809|T|W1|23.0|d|0|30.3|
E|809|721|T|W1|23.0|d|0|46.2|48.351263,11.778572
E|721|627|T|W1|23.0|d|0|48.1|
E|627|724|T|W1|23.0|d|0|54.4|
E|724|827|T|W1|23.0|d|0|19.3|
E|827|630|T|W1|23.0|d|0|35.4|
E|630|632|T|W1|23.0|d|0|61.1|
E|632|800|T|W1|23.0|d|0|4.7|
E|822|490|T||23.0|d|0|28.3|
E|490|828|T||23.0|d|0|12.8|
E|828|829|T||23.0|d|0|43.3|
E|830|822|T||23.0|d|0|59.4|48.357744,11.777850;48.357714,11.777758;48.357672,11.777680;48.357624,11.777616;48.357566,11.777565;48.357504,11.777533;48.357440,11.777517
E|489|828|T||23.0|d|0|36.6|48.357729,11.777472;48.357721,11.777356
E|828|471|T||23.0|d|0|15.3|48.357703,11.777245;48.357668,11.777142
E|471|831|T||23.0|d|0|22.7|48.357620,11.777055;48.357559,11.776979
E|831|810|T||23.0|d|0|17.8|48.357410,11.776897
E|831|470|T||23.0|d|0|39.3|48.357780,11.777068
E|492|830|T||23.0|d|0|85.1|48.358176,11.778634;48.358080,11.778599;48.357995,11.778540;48.357922,11.778458;48.357858,11.778350;48.357808,11.778231;48.357783,11.778090
E|802|818|T||23.0|d|0|17.3|48.351783,11.778242;48.351799,11.778145
E|818|812|T||23.0|d|0|38.5|48.351829,11.778058;48.351866,11.777979;48.351912,11.777917;48.351963,11.777864;48.352016,11.777826
E|817|813|T||23.0|d|0|19.7|
E|813|832|T||23.0|d|0|23.9|
E|544|491|T|C5|23.0|d|0|7.8|
E|491|525|T|C5|23.0|d|0|103.8|
E|525|833|T|C5|23.0|d|0|53.3|
E|833|755|T||23.0|d|0|38.0|48.348837,11.781805;48.348865,11.781938;48.348917,11.782057;48.348927,11.782073;48.348929,11.782075
E|755|758|T||23.0|d|0|11.0|48.348983,11.782159
E|758|834|T||23.0|d|0|34.6|48.349060,11.782240;48.349140,11.782293;48.349232,11.782322
E|835|759|T||23.0|d|0|50.7|48.349260,11.782695;48.349168,11.782692;48.349077,11.782657;48.349001,11.782594
E|759|756|T||23.0|d|0|12.7|
E|756|833|T||23.0|d|0|50.8|48.348863,11.782212;48.348852,11.782080
E|536|826|T||23.0|d|0|25.0|48.351813,11.778661;48.351832,11.778524
E|826|816|T||23.0|d|0|54.1|48.351871,11.778396;48.351922,11.778282;48.351984,11.778192;48.352053,11.778122;48.352131,11.778071
E|530|805|T|C4|23.0|d|0|166.3|48.351914,11.780123
E|805|536|T|C4|23.0|d|0|10.8|
E|489|829|T||23.0|d|0|69.1|48.357751,11.777643;48.357771,11.777510;48.357804,11.777384;48.357853,11.777273;48.357919,11.777181;48.357990,11.777112
E|829|469|T||23.0|d|0|9.4|
E|530|836|T||23.0|d|0|64.8|48.351977,11.781274;48.351947,11.781363;48.351911,11.781449;48.351867,11.781523;48.351813,11.781586;48.351756,11.781622;48.351698,11.781643
E|837|530|T||23.0|d|0|55.5|48.352319,11.781535;48.352260,11.781522;48.352200,11.781495;48.352145,11.781453;48.352096,11.781395;48.352057,11.781326;48.352024,11.781250
E|530|838|T||23.0|d|0|31.4|
E|838|839|T||23.0|d|0|5.7|
E|839|840|T||23.0|d|0|13.7|48.352031,11.781774
E|840|841|T||23.0|d|0|45.9|48.352021,11.781880;48.351999,11.781967;48.351968,11.782052;48.351924,11.782127;48.351871,11.782191;48.351808,11.782235
E|842|843|T||23.0|d|0|49.1|48.352350,11.782151;48.352280,11.782129;48.352213,11.782087;48.352154,11.782026;48.352108,11.781957;48.352073,11.781873
E|843|839|T||23.0|d|0|13.8|48.352047,11.781773
E|834|761|T|E1|23.0|d|0|2.8|
E|761|764|T|E1|23.0|d|0|54.9|
E|764|617|T|E1|23.0|d|0|54.7|
E|617|767|T|E1|23.0|d|0|12.3|
E|767|770|T|E1|23.0|d|0|35.7|
E|770|773|T|E1|23.0|d|0|38.6|
E|773|776|T|E1|23.0|d|0|8.7|
E|776|534|T|E1|23.0|d|0|44.0|
E|534|840|T|E1|23.0|d|0|49.3|
E|840|843|T|E1|23.0|d|0|4.9|
E|843|779|T|E1|23.0|d|0|10.7|
E|779|614|T|E1|23.0|d|0|4.7|
E|614|533|T|E1|23.0|d|0|32.6|48.352410,11.781788
E|533|784|T|E1|23.0|d|0|17.9|48.352641,11.781749
E|784|620|T|E1|23.0|d|0|8.7|
E|620|787|T|E1|23.0|d|0|32.0|
E|787|790|T|E1|23.0|d|0|13.4|48.353067,11.781676
E|790|793|T|E1|23.0|d|0|54.1|48.353557,11.781592
E|793|844|T|E1|23.0|d|0|47.3|
E|835|762|T|E1|23.0|d|0|3.9|
E|762|765|T|E1|23.0|d|0|54.8|
E|765|618|T|E1|23.0|d|0|54.4|
E|618|768|T|E1|23.0|d|0|12.5|
E|768|771|T|E1|23.0|d|0|35.6|
E|771|774|T|E1|23.0|d|0|38.8|
E|774|777|T|E1|23.0|d|0|8.7|
E|777|841|T|E1|23.0|d|0|59.1|48.351516,11.782307
E|841|780|T|E1|23.0|d|0|49.7|
E|780|615|T|E1|23.0|d|0|4.8|
E|615|782|T|E1|23.0|d|0|18.3|
E|782|842|T|E1|23.0|d|0|3.4|
E|842|785|T|E1|23.0|d|0|28.5|
E|785|788|T|E1|23.0|d|0|40.9|
E|788|791|T|E1|23.0|d|0|13.3|
E|791|794|T|E1|23.0|d|0|54.4|
E|794|845|T|E1|23.0|d|0|54.0|
E|846|836|T|E1|23.0|d|0|254.3|48.351480,11.781688
E|836|535|T|E1|23.0|d|0|38.5|
E|535|838|T|E1|23.0|d|0|11.7|
E|838|531|T|E1|23.0|d|0|11.6|
E|531|837|T|E1|23.0|d|0|29.6|
E|837|621|T|E1|23.0|d|0|36.1|
E|621|847|T|E1|23.0|d|0|146.1|
E|847|848|T|E1|23.0|d|0|0.5|
E|217|493|T||23.0|d|0|42.3|48.347319,11.766763;48.347247,11.766694;48.347173,11.766653
E|514|418|T||23.0|d|0|32.8|48.347732,11.773902
E|672|502|T||23.0|d|0|77.8|48.346193,11.773677;48.346175,11.773812;48.346149,11.773931;48.346105,11.774038;48.346048,11.774120;48.345982,11.774186;48.345895,11.774247
E|849|850|T|S7|23.0|d|0|3.6|
E|569|666|T||23.0|d|0|15.2|48.348294,11.795613
E|666|438|T||23.0|d|0|35.4|
E|575|851|T|S8|23.0|d|0|48.7|48.348559,11.796921
E|506|488|T|S1|23.0|d|0|91.6|
E|505|220|T|S|23.0|d|0|97.7|
E|220|468|T|S|23.0|d|0|93.7|
E|468|559|T|S|23.0|d|0|97.2|
E|559|852|T|S|23.0|d|0|2.9|
E|852|853|T|S|23.0|d|0|328.7|
E|853|678|T|S|23.0|d|0|5.4|
E|678|675|T|S|23.0|d|0|11.0|
E|675|509|T|S|23.0|d|0|34.2|
E|509|677|T|S|23.0|d|0|37.5|48.345021,11.758176
E|677|854|T|S|23.0|d|0|13.0|
E|854|855|T|S|23.0|d|0|578.7|
E|855|671|T|S|23.0|d|0|6.0|
E|671|497|T|S|23.0|d|0|44.8|
E|497|669|T|S|23.0|d|0|35.7|
E|669|670|T|S|23.0|d|0|12.5|
E|670|856|T|S|23.0|d|0|2.1|
E|856|672|T|S|23.0|d|0|448.9|48.345786,11.768194
E|672|504|T|S|23.0|d|0|50.7|
E|504|674|T|S|23.0|d|0|39.7|
E|674|673|T|S|23.0|d|0|10.5|
E|673|857|T|S|23.0|d|0|257.1|
E|857|662|T|S|23.0|d|0|1.8|
E|662|246|T|S|23.0|d|0|48.6|
E|246|661|T|S|23.0|d|0|49.4|
E|661|858|T|S|23.0|d|0|1.2|
E|858|663|T|S|23.0|d|0|25.1|
E|663|215|T|S|23.0|d|0|44.4|
E|215|664|T|S|23.0|d|0|48.1|
E|664|859|T|S|23.0|d|0|2.5|
E|859|860|T|S|23.0|d|0|390.8|
E|860|571|T|S|23.0|d|0|12.6|
E|571|572|T|S|23.0|d|0|80.9|
E|572|861|T|S|23.0|d|0|7.5|
E|861|862|T|S|23.0|d|0|511.2|
E|862|568|T|S|23.0|d|0|19.4|
E|568|438|T|S|23.0|d|0|40.9|
E|438|567|T|S|23.0|d|0|38.1|
E|567|570|T|S|23.0|d|0|19.2|
E|570|564|T|S|23.0|d|0|9.3|
E|564|186|T|S|23.0|d|0|43.4|
E|186|562|T|S|23.0|d|0|45.2|
E|562|863|T|S|23.0|d|0|227.2|
E|863|170|T|S|23.0|d|0|24.9|
E|170|325|T|S|23.0|d|0|108.3|
E|325|169|T|S|23.0|d|0|121.5|
E|169|864|T|S|23.0|d|0|112.2|
E|864|448|T|S|23.0|d|0|137.6|
E|865|484|T|S|23.0|d|0|7.0|
E|484|505|T|S|23.0|d|0|91.8|
E|866|867|P|614|||0|70.7|
E|868|869|P|613|||0|76.2|
E|870|871|P|612|||0|76.7|
E|872|873|P|611|||0|76.3|
E|358|874|T||23.0|d|0|101.3|
E|359|875|T||23.0|d|0|99.9|
E|360|876|T||23.0|d|0|101.6|
E|634|877|P|171|||0|55.2|
E|637|878|P|172|||0|52.5|
E|879|880|P|151|||0|61.6|
E|881|882|P|152|||0|61.1|
E|625|883|P|155|||0|61.8|
E|722|884|P|161|||0|60.7|
E|628|885|P|162|||0|60.9|
E|725|886|P|163|||0|61.8|
E|631|887|P|164|||0|65.6|
E|633|888|P|164Y|||0|86.7|
E|640|889|P|173|||0|54.5|
E|643|890|P|174|||0|54.5|
E|646|891|P|175|||0|55.0|
E|649|892|P|181|||0|54.7|
E|652|893|P|182|||0|54.4|
E|754|894|P|183|||0|54.5|
E|655|895|P|184|||0|54.9|
E|658|896|P|185|||0|56.0|
E|751|897|P|186|||0|55.0|
E|748|898|P|187|||0|54.7|
E|832|899|P|188|||0|55.2|
E|745|900|P|189|||0|54.9|
E|742|901|P|191|||0|55.2|
E|739|902|P|192|||0|54.9|
E|736|903|P|193|||0|54.8|
E|733|904|P|194|||0|55.2|
E|730|905|P|195|||0|55.3|
E|727|906|P|196|||0|54.8|
E|365|907|T||23.0|d|0|118.8|
E|367|908|T||23.0|d|0|118.5|
E|369|909|T||23.0|d|0|119.0|
E|371|910|T||23.0|d|0|119.1|
E|374|911|T||23.0|d|0|118.7|
E|376|912|T||23.0|d|0|119.0|48.347525,11.773159
E|719|913|P|907|||0|74.9|
E|718|914|P|906|||0|75.4|
E|704|915|P|905|||0|75.4|
E|705|916|P|904|||0|75.5|
E|717|917|P|903|||0|75.2|
E|716|918|P|902|||0|75.0|
E|706|919|P|901|||0|74.9|
E|352|920|T||23.0|d|0|47.2|
E|349|921|T||23.0|d|0|47.2|
E|346|922|T||23.0|d|0|47.2|
E|343|923|T||23.0|d|0|47.2|
E|340|924|T||23.0|d|0|47.2|
E|337|925|T||23.0|d|0|47.2|
E|334|926|T||23.0|d|0|47.2|
E|846|833|T||23.0|d|0|69.0|48.349225,11.782078;48.349148,11.782084;48.349073,11.782068;48.349001,11.782027;48.348971,11.781999;48.348968,11.781996;48.348937,11.781965;48.348884,11.781884;48.348845,11.781788
E|927|928|P|101|||0|68.2|
E|929|930|P|105|||0|68.2|
E|763|931|P|119|||0|66.4|
E|760|932|P|120|||0|66.3|
E|766|933|P|118|||0|66.9|
E|619|934|P|117B|||0|66.4|
E|769|935|P|117A|||0|66.5|
E|772|936|P|116|||0|67.0|
E|778|937|P|115A|||0|66.6|
E|775|938|P|115B|||0|66.8|
E|939|940|P|108|||0|68.3|
E|941|942|P|109A|||0|67.9|
E|943|944|P|109B|||0|68.3|
E|795|945|P|110|||0|68.3|
E|792|946|P|111A|||0|67.7|
E|789|947|P|111B|||0|68.2|
E|786|948|P|112|||0|68.2|
E|783|949|P|113X|||0|69.2|
E|949|950|P|113X|||0|7.7|
E|616|949|P|113A|||0|68.2|
E|781|951|P|113B|||0|68.0|
E|622|952|P|135|||0|65.1|
E|953|954|P|131|||0|62.5|
E|955|956|P|132|||0|62.8|
E|957|958|T|S7|23.0|d|0|47.2|48.348476,11.795579
E|958|569|T|S7|23.0|d|0|2.2|
E|850|957|T|S7|23.0|d|0|61.3|
E|959|380|T|S8|23.0|d|0|2.9|
E|851|959|T|S8|23.0|d|0|60.8|
E|960|961|T|E2|23.0|d|0|95.8|
E|382|402|T|E2|23.0|d|0|26.4|
E|402|962|T|E2|23.0|d|0|33.1|
E|962|963|T|E2|23.0|d|0|29.3|
E|963|401|T|E2|23.0|d|0|25.6|
E|401|964|T|E2|23.0|d|0|42.7|
E|393|566|T||23.0|d|0|31.4|
E|566|495|T||23.0|d|0|24.5|
E|495|551|T||23.0|d|0|35.5|
E|551|849|T||23.0|d|0|1.6|
E|494|552|T||23.0|d|0|28.1|48.349797,11.795747;48.349781,11.795702;48.349764,11.795664;48.349747,11.795635;48.349731,11.795607;48.349709,11.795576
E|553|495|T||23.0|d|0|32.1|48.349837,11.795685;48.349814,11.795653;48.349791,11.795615;48.349768,11.795570;48.349752,11.795527;48.349739,11.795483
E|965|966|T||23.0|d|0|61.4|
E|967|968|T||23.0|d|0|61.3|
E|969|970|T||23.0|d|0|61.2|
E|971|972|T||23.0|d|0|61.1|
E|973|974|T||23.0|d|0|69.6|
E|975|976|T||23.0|d|0|57.5|
E|977|978|T||23.0|d|0|57.6|
E|979|980|T||23.0|d|0|57.6|
E|981|982|T||23.0|d|0|57.6|
E|983|984|T||23.0|d|0|57.4|
E|684|985|P|341|||0|65.1|
E|686|986|P|342|||0|64.6|
E|688|987|P|343|||0|65.2|
E|690|988|P|344|||0|64.8|
E|692|989|P|345|||0|64.6|
E|694|990|P|346|||0|64.4|
E|696|991|P|347|||0|64.6|
E|992|993|T||23.0|d|0|46.5|
E|994|995|P|349|||0|65.6|
E|996|997|T|D3|23.0|d|0|48.4|
E|997|998|T|D3|23.0|d|0|52.3|
E|998|999|T|D3|23.0|d|0|44.7|
E|999|1000|T|D3|23.0|d|0|24.5|
E|1000|1001|T|D3|23.0|d|0|23.7|
E|1001|1002|T|D3|23.0|d|0|2.9|
E|1003|1004|T|D3|23.0|d|0|49.4|
E|1004|1005|T|D3|23.0|d|0|52.6|
E|1005|1006|T|D3|23.0|d|0|95.7|
E|1007|1008|T||23.0|d|0|26.8|
E|1008|1009|T||23.0|d|0|49.6|
E|1010|1011|T||23.0|d|0|26.7|
E|1011|1012|T||23.0|d|0|50.1|
E|1013|994|T||23.0|d|0|49.8|
E|1014|1015|T|D3|23.0|d|0|21.8|
E|1015|1016|T|D3|23.0|d|0|22.2|
E|1016|1017|T|D3|23.0|d|0|40.4|
E|1017|1018|T|D3|23.0|d|0|20.3|
E|1018|1019|T|D3|23.0|d|0|20.0|
E|1019|1020|T|D3|23.0|d|0|43.7|
E|1020|1021|T|D3|23.0|d|0|19.9|
E|1021|1022|T|D3|23.0|d|0|20.4|
E|1022|1023|T|D3|23.0|d|0|40.4|
E|1023|1024|T|D3|23.0|d|0|20.4|
E|1024|1025|T|D3|23.0|d|0|20.4|
E|1025|1026|T|D3|23.0|d|0|40.0|
E|1026|1027|T|D3|23.0|d|0|20.6|
E|1027|1028|T|D3|23.0|d|0|20.4|
E|1028|1029|T|D3|23.0|d|0|40.8|
E|1029|1030|T|D3|23.0|d|0|22.0|
E|1030|1031|T|D3|23.0|d|0|22.3|
E|1031|1011|T|D3|23.0|d|0|43.0|
E|1011|1032|T|D3|23.0|d|0|22.2|
E|1032|1008|T|D3|23.0|d|0|21.9|
E|1008|1013|T|D3|23.0|d|0|60.2|
E|1013|992|T|D3|23.0|d|0|41.9|48.351251,11.803220;48.351227,11.803119
E|1009|1033|P||||0|71.3|
E|1012|1034|P||||0|71.0|
E|993|1035|P|348|||0|64.4|
E|1002|1036|T|S9|23.0|d|0|13.4|
E|1036|683|T|D3|23.0|d|0|40.8|
E|683|685|T|D3|23.0|d|0|39.4|
E|685|687|T|D3|23.0|d|0|42.0|
E|687|689|T|D3|23.0|d|0|41.0|
E|689|1037|T|D3|23.0|d|0|5.9|
E|1037|1038|T|D3|23.0|d|0|23.7|
E|400|1039|T|S9|23.0|d|0|13.5|
E|1039|1040|T|D3|23.0|d|0|169.1|
E|1040|1041|T|D3|23.0|d|0|24.0|
E|1006|1042|T|S9|23.0|d|0|13.4|
E|1042|1043|T|D3|23.0|d|0|169.0|
E|1043|1044|T|D3|23.0|d|0|24.2|
E|1045|996|T||23.0|d|0|72.9|48.350877,11.795201;48.350784,11.795285;48.350705,11.795400;48.350652,11.795528;48.350614,11.795694
E|996|393|T||23.0|d|0|66.0|48.350579,11.795716;48.350528,11.795588;48.350463,11.795478;48.350381,11.795387;48.350293,11.795329
E|1046|1003|T||23.0|d|0|78.0|48.351507,11.795082;48.351414,11.795146;48.351323,11.795258;48.351254,11.795395;48.351208,11.795568
E|1003|1047|T||23.0|d|0|68.3|48.351166,11.795593;48.351108,11.795454;48.351035,11.795342;48.350941,11.795256;48.350847,11.795211
E|1047|1048|T||23.0|d|0|2.1|
E|996|382|T||23.0|d|0|69.6|48.350607,11.796041;48.350587,11.796190;48.350545,11.796334;48.350481,11.796449;48.350395,11.796549
E|382|998|T||23.0|d|0|66.7|48.350394,11.796670;48.350486,11.796728;48.350571,11.796822;48.350634,11.796929;48.350684,11.797066
E|997|394|T||23.0|d|0|74.7|48.350668,11.796333;48.350707,11.796179;48.350769,11.796038;48.350846,11.795939;48.350934,11.795865
E|963|998|T||23.0|d|0|77.0|48.350985,11.796537;48.350890,11.796616;48.350810,11.796729;48.350753,11.796867;48.350718,11.797023
E|962|1005|T||23.0|d|0|73.1|48.350941,11.796554;48.351042,11.796596;48.351132,11.796680;48.351210,11.796793;48.351268,11.796942
E|1005|964|T||23.0|d|0|78.9|48.351310,11.796928;48.351349,11.796765;48.351411,11.796613;48.351494,11.796501;48.351592,11.796428
E|1004|396|T||23.0|d|0|77.0|48.351258,11.796245;48.351297,11.796082;48.351367,11.795923;48.351450,11.795824;48.351546,11.795754
E|565|551|T||23.0|d|0|45.5|48.349603,11.795029;48.349595,11.795104;48.349577,11.795174;48.349551,11.795238;48.349517,11.795296;48.349479,11.795347;48.349435,11.795388
E|389|1049|T|D5|23.0|d|0|105.5|
E|1049|565|T|D5|23.0|d|0|36.2|
E|379|1050|T|D1|23.0|d|0|27.1|48.359060,11.793781
E|1050|1051|T|D1|23.0|d|0|34.2|48.359011,11.794169
E|1052|1051|T|D1|23.0|d|0|75.7|48.358658,11.793843;48.358750,11.793874;48.358836,11.793945;48.358923,11.794048;48.358990,11.794196
E|1050|1053|T|D1|23.0|d|0|65.7|48.358976,11.794108;48.358922,11.794230;48.358852,11.794331;48.358778,11.794412;48.358685,11.794474
E|1051|960|T|D1|23.0|d|0|78.6|48.359036,11.794588;48.359006,11.794763;48.358953,11.794896;48.358892,11.794989;48.358818,11.795078;48.358734,11.795144
E|1051|1054|T|D1|23.0|d|0|39.9|48.359057,11.794590;48.359115,11.794753
E|1054|961|T|D1|23.0|d|0|37.1|48.359279,11.794950;48.359385,11.795010
E|1053|1054|T|D1|23.0|d|0|72.7|48.358690,11.794517;48.358776,11.794534;48.358872,11.794594
E|1055|1056|T|E3|23.0|d|0|51.3|
E|1056|1057|T|E3|23.0|d|0|146.0|48.353693,11.801228
E|1057|1058|T|E3|23.0|d|0|43.5|48.353795,11.801198;48.353898,11.801149;48.353997,11.801099
E|1058|1059|T|E3|23.0|d|0|13.0|
E|1059|1060|T|E3|23.0|d|0|310.2|48.356622,11.800642;48.356677,11.800643;48.356741,11.800665;48.356907,11.800785
E|973|1061|T|E3|23.0|d|0|22.1|
E|1061|975|T|E3|23.0|d|0|28.5|
E|975|1062|T|E3|23.0|d|0|18.5|
E|1062|977|T|E3|23.0|d|0|30.2|
E|977|1063|T|E3|23.0|d|0|16.3|
E|1063|979|T|E3|23.0|d|0|31.8|
E|979|1064|T|E3|23.0|d|0|15.0|
E|1064|981|T|E3|23.0|d|0|34.7|
E|981|1065|T|E3|23.0|d|0|8.7|
E|1065|983|T|E3|23.0|d|0|39.2|
E|983|1066|T|E3|23.0|d|0|9.1|
E|1066|1067|T|E3|23.0|d|0|24.0|
E|1067|1068|T|E3|23.0|d|0|11.5|
E|1068|1069|T|E3|23.0|d|0|6.5|
E|1069|1060|T|E3|23.0|d|0|24.0|
E|1060|1070|T|E3|23.0|d|0|23.0|48.357150,11.800777
E|1070|1071|T|E3|23.0|d|0|22.1|
E|1071|1072|T|E3|23.0|d|0|18.5|
E|1072|1073|T|E3|23.0|d|0|21.9|
E|1074|1075|T|E3|23.0|d|0|51.4|
E|1075|1068|T|E3|23.0|d|0|483.6|48.353743,11.801923;48.353845,11.801876;48.353945,11.801808;48.354043,11.801741;48.354148,11.801694;48.356167,11.801348;48.356242,11.801322
E|1055|1044|T||23.0|d|0|50.1|48.351893,11.801508;48.351825,11.801491;48.351741,11.801439;48.351684,11.801363;48.351641,11.801263
E|1055|1038|T||23.0|d|0|117.1|48.351347,11.801623;48.351272,11.801613;48.351211,11.801583;48.351149,11.801532;48.351087,11.801457;48.351046,11.801374
E|1074|1076|T||23.0|d|0|46.5|48.351947,11.802216;48.351878,11.802196;48.351803,11.802153;48.351738,11.802070;48.351694,11.801967
E|1076|1077|T||23.0|d|0|5.4|
E|1077|1078|T||23.0|d|0|25.3|
E|1074|693|T||23.0|d|0|118.6|48.351407,11.802332;48.351343,11.802309;48.351273,11.802277;48.351203,11.802221;48.351147,11.802158;48.351099,11.802053
E|1079|1080|T||23.0|d|0|49.4|48.351346,11.802377;48.351289,11.802435;48.351230,11.802521;48.351184,11.802617;48.351153,11.802716
E|417|1081|T|E3|23.0|d|0|40.7|48.352121,11.801845
E|1081|965|T|E3|23.0|d|0|3.7|
E|965|1082|T|E3|23.0|d|0|6.9|
E|1082|1083|T|E3|23.0|d|0|11.1|
E|1083|967|T|E3|23.0|d|0|32.3|
E|967|1084|T|E3|23.0|d|0|32.0|
E|1084|969|T|E3|23.0|d|0|16.1|
E|969|1085|T|E3|23.0|d|0|5.8|
E|1085|1086|T|E3|23.0|d|0|19.5|
E|1086|971|T|E3|23.0|d|0|24.0|
E|971|1087|T|E3|23.0|d|0|26.4|48.353820,11.801535;48.353920,11.801479
E|1087|973|T|E3|23.0|d|0|22.0|48.354020,11.801423
E|1041|1088|T||23.0|d|0|25.9|
E|1088|1076|T||23.0|d|0|50.9|48.351365,11.801685;48.351408,11.801767;48.351470,11.801845;48.351529,11.801894;48.351602,11.801921
E|1044|1078|T||23.0|d|0|26.0|
E|1078|417|T||23.0|d|0|50.6|48.351668,11.801621;48.351712,11.801723;48.351771,11.801792;48.351838,11.801835;48.351906,11.801855
E|1038|691|T|D3|23.0|d|0|10.2|
E|691|416|T|D3|23.0|d|0|15.5|
E|416|693|T|D3|23.0|d|0|24.9|
E|693|695|T|D3|23.0|d|0|40.0|
E|695|1080|T|D3|23.0|d|0|24.6|
E|1080|992|T|D3|23.0|d|0|17.0|
E|1077|1089|T||23.0|d|0|48.5|48.351660,11.801959;48.351640,11.802062;48.351602,11.802159;48.351547,11.802238;48.351474,11.802295
E|1090|1091|T|D6|23.0|d|0|100.3|
E|1091|1092|T|D6|23.0|d|0|12.4|
E|1093|1094|T|D6|23.0|d|0|50.0|
E|1094|1095|T|D6|23.0|d|0|50.0|
E|1095|1096|T|D6|23.0|d|0|12.9|
E|1097|1098|T||23.0|d|0|61.0|48.357883,11.795327;48.357969,11.795356;48.358044,11.795419;48.358107,11.795514;48.358150,11.795639
E|1098|1099|T||23.0|d|0|63.8|48.358170,11.795634;48.358194,11.795500;48.358243,11.795380;48.358314,11.795295;48.358399,11.795238
E|1100|1091|T||23.0|d|0|60.7|48.357676,11.795362;48.357763,11.795391;48.357838,11.795454;48.357900,11.795550;48.357943,11.795675
E|1091|1101|T||23.0|d|0|64.1|48.357964,11.795669;48.357988,11.795535;48.358037,11.795416;48.358107,11.795331;48.358193,11.795274
E|1102|1095|T||23.0|d|0|60.3|48.357471,11.795396;48.357557,11.795426;48.357632,11.795488;48.357694,11.795584;48.357737,11.795709
E|1095|1103|T||23.0|d|0|63.8|48.357758,11.795703;48.357782,11.795569;48.357831,11.795450;48.357901,11.795365;48.357987,11.795308
E|1104|1105|T||23.0|d|0|60.8|48.357830,11.794654;48.357916,11.794683;48.357991,11.794746;48.358053,11.794842;48.358097,11.794966
E|1105|1106|T||23.0|d|0|63.9|48.358117,11.794961;48.358141,11.794827;48.358190,11.794707;48.358261,11.794622;48.358346,11.794565
E|1107|1094|T||23.0|d|0|60.3|48.357418,11.794726;48.357504,11.794755;48.357579,11.794818;48.357642,11.794914;48.357685,11.795039
E|1094|1108|T||23.0|d|0|63.8|48.357705,11.795033;48.357729,11.794899;48.357778,11.794780;48.357849,11.794695;48.357934,11.794638
E|1109|1110|T||23.0|d|0|60.7|48.357777,11.793979;48.357864,11.794008;48.357938,11.794071;48.358001,11.794167;48.358044,11.794292
E|1110|1111|T||23.0|d|0|64.6|48.358064,11.794286;48.358089,11.794152;48.358137,11.794033;48.358208,11.793948;48.358294,11.793891
E|1112|1113|T||23.0|d|0|3.4|
E|1113|1090|T||23.0|d|0|57.4|48.357571,11.794017;48.357658,11.794046;48.357733,11.794109;48.357795,11.794205;48.357838,11.794330
E|1090|1114|T||23.0|d|0|64.5|48.357859,11.794324;48.357883,11.794190;48.357931,11.794071;48.358002,11.793985;48.358088,11.793928
E|1115|1116|T||23.0|d|0|4.0|
E|1116|1093|T||23.0|d|0|57.2|48.357363,11.794051;48.357450,11.794081;48.357524,11.794143;48.357587,11.794239;48.357630,11.794364
E|1093|1117|T||23.0|d|0|56.5|48.357650,11.794358;48.357674,11.794224;48.357723,11.794105;48.357794,11.794020;48.357880,11.793963
E|1117|1118|T||23.0|d|0|7.3|
E|1119|1120|T||23.0|d|0|62.1|48.358495,11.800210;48.358459,11.800330;48.358406,11.800433;48.358320,11.800519;48.358236,11.800557
E|1121|1120|T||23.0|d|0|63.0|48.358541,11.800840;48.358488,11.800730;48.358418,11.800640;48.358321,11.800598;48.358230,11.800596
E|1122|1123|T|D6|23.0|d|0|10.3|
E|1123|1124|T|D6|23.0|d|0|41.3|
E|1124|1125|T|D6|23.0|d|0|21.7|48.358732,11.802873
E|1125|1126|T|D6|23.0|d|0|18.7|
E|1126|1127|T|D6|23.0|d|0|40.1|48.358781,11.803492
E|1127|1128|T|D6|23.0|d|0|40.7|48.358829,11.804108
E|1128|1129|T|D6|23.0|d|0|41.2|48.358878,11.804720
E|1129|1130|T|D6|23.0|d|0|27.1|
E|1122|697|T||23.0|d|0|72.6|48.358676,11.802186;48.358669,11.802255;48.358653,11.802322;48.358630,11.802392
E|1120|1131|T||23.0|d|0|23.5|
E|1131|1073|T||23.0|d|0|22.8|
E|1122|1132|T||23.0|d|0|67.3|
E|1132|1121|T||23.0|d|0|15.7|
E|1121|1119|T||23.0|d|0|69.8|
E|1119|1133|T||23.0|d|0|11.2|
E|1134|1131|T||23.0|d|0|74.2|48.358292,11.800125;48.358280,11.800262;48.358244,11.800383;48.358191,11.800486;48.358105,11.800572;48.358021,11.800609
E|1135|1073|T||23.0|d|0|74.7|48.358094,11.800156;48.358082,11.800293;48.358046,11.800414;48.357993,11.800517;48.357907,11.800603;48.357823,11.800640
E|1136|1098|T|D6|23.0|d|0|11.0|
E|1098|1105|T|D6|23.0|d|0|50.4|
E|1105|1110|T|D6|23.0|d|0|50.2|
E|1092|1137|T|D6|23.0|d|0|129.4|
E|1096|1138|T|D6|23.0|d|0|129.3|
E|1139|1136|T|D6|23.0|d|0|130.7|
E|1140|1139|T|N5|23.0|d|0|12.9|
E|1137|1141|T|N5|23.0|d|0|13.1|
E|1141|1142|T|D6|23.0|d|0|134.5|
E|1142|1134|T|D6|23.0|d|0|18.4|
E|1138|1143|T|N5|23.0|d|0|13.1|
E|1143|1144|T|D6|23.0|d|0|134.8|
E|1144|1135|T|D6|23.0|d|0|18.1|
E|1133|1145|T|D6|23.0|d|0|19.3|
E|1145|1140|T|D6|23.0|d|0|134.5|
E|1146|1147|P|261|||0|60.6|
E|1148|1149|P|262|||0|69.7|
E|1150|1151|P|263|||0|62.3|
E|999|1146|T||23.0|d|0|40.0|
E|1000|1148|T||23.0|d|0|38.8|
E|1001|1150|T||23.0|d|0|38.5|
E|1129|1152|T||23.0|d|0|24.4|
E|1128|1153|T||23.0|d|0|24.7|
E|1127|1154|T||23.0|d|0|25.0|
E|1126|1155|T||23.0|d|0|25.3|
E|1124|1156|T||23.0|d|0|25.6|
E|1123|1157|T||23.0|d|0|25.9|
E|1152|1158|P|586|||0|48.6|
E|1153|1159|P|585|||0|48.7|
E|1154|1160|P|584|||0|48.8|
E|1155|1161|P|583|||0|49.0|
E|1156|1162|P|582|||0|49.1|
E|1157|1163|P|581|||0|49.2|
E|866|327|T||23.0|d|0|55.1|
E|868|328|T||23.0|d|0|49.8|
E|870|329|T||23.0|d|0|49.8|
E|872|330|T||23.0|d|0|49.7|
E|1072|1164|T||23.0|d|0|55.8|
E|1071|1165|T||23.0|d|0|54.7|
E|1070|1166|T||23.0|d|0|54.4|
E|1069|1167|T||23.0|d|0|54.4|
E|1067|1168|T||23.0|d|0|55.5|
E|1066|1169|T||23.0|d|0|55.6|
E|1164|1170|P|301A|||0|73.1|
E|1165|1171|P|301|||0|68.8|
E|1166|1172|P|301B|||0|53.9|
E|1167|1173|P|302A|||0|77.1|
E|1168|1174|P|302|||0|74.4|
E|1169|1175|P|302B|||0|59.5|
E|1065|1176|T||23.0|d|0|55.8|
E|1176|1177|P|308|||0|45.9|
E|1064|1178|T||23.0|d|0|56.0|
E|1178|1179|P|309|||0|45.8|
E|1063|1180|T||23.0|d|0|56.2|
E|1180|1181|P|310|||0|46.0|
E|1062|1182|T||23.0|d|0|56.5|
E|1182|1183|P|311|||0|47.9|
E|1061|1184|T||23.0|d|0|56.7|
E|1184|1185|P|312|||0|46.0|
E|1186|1187|P|313|||0|56.7|
E|1186|1087|T||23.0|d|0|60.7|
E|1086|1188|T||23.0|d|0|60.1|
E|1085|1189|T||23.0|d|0|60.1|
E|1190|1191|P|317B|||0|63.6|
E|1188|1192|P|317A|||0|83.8|
E|1189|1193|P|317|||0|76.7|
E|1190|1084|T||23.0|d|0|60.3|
E|984|1194|P|321|||0|56.5|
E|982|1195|P|322|||0|56.1|
E|980|1196|P|323|||0|56.6|
E|978|1197|P|324|||0|55.9|
E|976|1198|P|325|||0|55.3|
E|972|1199|P|327|||0|43.5|
E|970|1200|P|328|||0|43.8|
E|968|1201|P|329|||0|43.8|
E|966|1202|P|330|||0|42.9|
E|1203|1204|P|318|||0|74.6|
E|1083|1203|T||23.0|d|0|60.0|
E|1081|1205|T||23.0|d|0|60.1|
E|1205|1206|P|318B|||0|63.6|
E|608|1207|P|256|||0|72.5|
E|577|1208|P|244|||0|79.5|
E|579|1209|P|245|||0|80.0|
E|581|1210|P|246|||0|79.4|
E|583|1211|P|247|||0|79.2|
E|585|1212|P|248A|||0|79.3|
E|587|1213|P|248B|||0|80.0|
E|589|1214|P|249A|||0|79.1|
E|590|1215|P|249B|||0|79.3|
E|592|1216|P|250|||0|79.3|
E|594|1217|P|251A|||0|78.7|
E|596|1218|P|251B|||0|78.8|
E|600|1219|P|252B|||0|79.5|
E|598|1220|P|252A|||0|79.2|
E|604|1221|P|254|||0|79.6|
E|602|1222|P|253|||0|79.6|
E|606|1223|P|255|||0|78.9|
E|679|1224|P|234|||0|48.9|
E|680|1225|P|233|||0|48.7|
E|681|1226|P|232|||0|48.8|
E|682|1227|P|231|||0|48.5|
E|353|1228|T||23.0|d|0|47.2|
E|351|1229|T||23.0|d|0|47.2|
E|350|1230|T||23.0|d|0|47.2|
E|348|1231|T||23.0|d|0|47.2|
E|347|1232|T||23.0|d|0|47.2|
E|345|1233|T||23.0|d|0|47.2|
E|344|1234|T||23.0|d|0|47.2|
E|342|1235|T||23.0|d|0|47.2|
E|341|1236|T||23.0|d|0|47.2|
E|339|1237|T||23.0|d|0|47.2|
E|338|1238|T||23.0|d|0|47.2|
E|336|1239|T||23.0|d|0|47.2|
E|335|1240|T||23.0|d|0|47.2|
E|333|1241|T||23.0|d|0|47.2|
E|1241|1242|P|607B|||0|56.4|
E|926|1243|P|607|||0|71.8|
E|1240|1244|P|607A|||0|56.3|
E|1239|1245|P|606B|||0|56.2|
E|925|1246|P|606|||0|71.6|
E|1238|1247|P|606A|||0|56.1|
E|1237|1248|P|605B|||0|56.1|
E|924|1249|P|605|||0|71.4|
E|1236|1250|P|605A|||0|56.0|
E|1235|1251|P|604B|||0|55.9|
E|923|1252|P|604|||0|71.3|
E|1234|1253|P|604A|||0|55.9|
E|1233|1254|P|603B|||0|55.8|
E|922|1255|P|603|||0|71.1|
E|1232|1256|P|603A|||0|55.7|
E|1231|1257|P|602B|||0|55.7|
E|921|1258|P|602|||0|71.0|
E|1230|1259|P|602A|||0|55.6|
E|1229|1260|P|601B|||0|55.5|
E|920|1261|P|601|||0|70.8|
E|1228|1262|P|601A|||0|55.5|
E|1263|1264|T||23.0|d|0|58.9|
E|1265|1266|T||23.0|d|0|65.5|
E|1267|1268|T||23.0|d|0|58.9|
E|1269|1270|T||23.0|d|0|58.8|
E|1117|1271|T||23.0|d|0|59.5|
E|1272|1273|T||23.0|d|0|58.8|
E|1113|1274|T||23.0|d|0|59.1|
E|1116|1275|T||23.0|d|0|59.7|48.357272,11.793675
E|1276|1277|T||23.0|d|0|58.7|
E|1278|1279|T||23.0|d|0|58.6|
E|1280|1281|T||23.0|d|0|58.6|
E|1282|1283|T||23.0|d|0|59.4|48.356624,11.793557
E|1284|1285|T||23.0|d|0|58.6|
E|1286|1287|T||23.0|d|0|58.5|
E|1288|1289|T||23.0|d|0|58.5|
E|1290|1291|T||23.0|d|0|58.5|
E|1292|1293|T||23.0|d|0|58.5|
E|1294|1295|T||23.0|d|0|58.5|
E|1296|1297|T||23.0|d|0|58.4|
E|1298|1299|T||23.0|d|0|58.4|
E|1300|1301|T||23.0|d|0|58.6|
E|1302|1303|T||23.0|d|0|58.6|
E|1304|1305|T||23.0|d|0|59.0|
E|1306|1307|T||23.0|d|0|59.0|
E|1308|1309|T||23.0|d|0|59.1|
E|1310|1311|T||23.0|d|0|59.2|
E|1312|1313|T||23.0|d|0|59.2|
E|1314|1315|T||23.0|d|0|59.2|
E|1316|1317|T||23.0|d|0|59.3|
E|1318|1319|T||23.0|d|0|59.3|
E|1320|1321|T||23.0|d|0|59.4|
E|1322|1323|T||23.0|d|0|59.4|
E|1324|1325|T||23.0|d|0|59.5|
E|561|1326|T||23.0|d|0|59.5|
E|1327|1328|T||23.0|d|0|59.6|
E|1047|1329|T||23.0|d|0|60.1|
E|1330|1331|T||23.0|d|0|59.7|
E|1332|1333|T||23.0|d|0|59.7|
E|1334|1335|T||23.0|d|0|59.7|
E|1111|1267|T|W2|23.0|d|0|15.8|
E|1267|1114|T|W2|23.0|d|0|7.5|
E|1114|1269|T|W2|23.0|d|0|22.7|
E|1269|1118|T|W2|23.0|d|0|1.3|
E|1118|1109|T|W2|23.0|d|0|33.9|48.357920,11.793941
E|1109|1272|T|W2|23.0|d|0|11.1|
E|1272|1112|T|W2|23.0|d|0|12.1|48.357507,11.794012
E|1112|1115|T|W2|23.0|d|0|23.7|48.357300,11.794047
E|1052|609|T|W2|23.0|d|0|2.4|
E|609|1111|T|W2|23.0|d|0|13.2|
E|1099|960|T|O2|23.0|d|0|16.2|
E|379|1265|T|W2|23.0|d|0|13.6|
E|1265|1263|T|W2|23.0|d|0|46.5|48.358959,11.793764;48.358867,11.793781
E|1263|1052|T|W2|23.0|d|0|7.8|
E|961|455|T||23.0|d|0|19.7|48.359605,11.795013
E|1115|1276|T|W2|23.0|d|0|3.3|
E|1276|1336|T|W2|23.0|d|0|5.0|
E|1336|1278|T|W2|23.0|d|0|18.5|
E|1278|1280|T|W2|23.0|d|0|14.6|
E|1280|1282|T|W2|23.0|d|0|25.2|
E|1282|1284|T|W2|23.0|d|0|13.6|
E|1284|1286|T|W2|23.0|d|0|47.0|
E|1286|1288|T|W2|23.0|d|0|7.5|
E|1288|1290|T|W2|23.0|d|0|39.2|
E|1290|1292|T|W2|23.0|d|0|14.6|
E|1292|1294|T|W2|23.0|d|0|23.2|
E|1294|1296|T|W2|23.0|d|0|30.6|
E|1296|1337|T|W2|23.0|d|0|4.9|
E|1337|409|T|W2|23.0|d|0|4.6|
E|1102|1100|T|E2|23.0|d|0|23.0|
E|1100|1097|T|E2|23.0|d|0|22.8|
E|1097|1103|T|E2|23.0|d|0|34.9|
E|1103|1101|T|E2|23.0|d|0|23.1|
E|1101|1099|T|E2|23.0|d|0|22.7|
E|409|1300|T|W2|23.0|d|0|37.7|
E|1300|1302|T|W2|23.0|d|0|8.0|
E|1302|611|T|W2|23.0|d|0|58.1|
E|611|410|T|W2|23.0|d|0|35.0|
E|415|1338|T|E2|23.0|d|0|6.7|
E|1338|588|T|E2|23.0|d|0|7.0|
E|588|586|T|E2|23.0|d|0|45.4|
E|586|584|T|E2|23.0|d|0|9.9|
E|584|582|T|E2|23.0|d|0|40.0|
E|582|580|T|E2|23.0|d|0|41.2|
E|580|578|T|E2|23.0|d|0|41.5|
E|578|576|T|E2|23.0|d|0|41.8|
E|576|1339|T|E2|23.0|d|0|12.4|
E|1339|1102|T|E2|23.0|d|0|8.8|
E|660|1340|T|Center 2|23.0|d|0|61.2|
E|1340|1341|T|Center 2|23.0|d|0|239.3|
E|1341|1107|T|Center 2|23.0|d|0|8.5|
E|1107|1104|T|Center 2|23.0|d|0|45.8|
E|1104|1108|T|Center 2|23.0|d|0|34.8|
E|1108|1106|T|Center 2|23.0|d|0|46.0|
E|1106|1053|T|Center 2|23.0|d|0|16.1|
E|410|1342|T|W2|23.0|d|0|1.4|
E|1342|1304|T|W2|23.0|d|0|11.4|
E|1304|1306|T|W2|23.0|d|0|7.5|
E|1306|1308|T|W2|23.0|d|0|47.7|
E|1308|1310|T|W2|23.0|d|0|37.9|
E|1310|1312|T|W2|23.0|d|0|15.8|
E|1312|1314|T|W2|23.0|d|0|24.5|
E|1314|1316|T|W2|23.0|d|0|29.7|
E|1316|1318|T|W2|23.0|d|0|6.8|
E|1318|1320|T|W2|23.0|d|0|38.4|
E|1320|1322|T|W2|23.0|d|0|7.7|
E|1322|1046|T|W2|23.0|d|0|12.2|
E|1343|659|T|Center 2|23.0|d|0|52.1|
E|659|406|T|Center 2|23.0|d|0|18.8|
E|406|660|T|Center 2|23.0|d|0|12.7|
E|403|595|T|E2|23.0|d|0|7.7|
E|595|593|T|E2|23.0|d|0|13.0|
E|593|591|T|E2|23.0|d|0|59.2|
E|591|415|T|E2|23.0|d|0|57.2|
E|1046|1324|T|W2|23.0|d|0|19.3|
E|1324|561|T|W2|23.0|d|0|22.9|
E|561|1327|T|W2|23.0|d|0|16.0|
E|1327|1045|T|W2|23.0|d|0|14.6|
E|1045|1048|T|W2|23.0|d|0|25.3|48.350767,11.795191
E|1048|1330|T|W2|23.0|d|0|7.8|
E|1330|560|T|W2|23.0|d|0|24.4|
E|560|1332|T|W2|23.0|d|0|15.2|
E|1332|1334|T|W2|23.0|d|0|5.6|
E|1334|393|T|W2|23.0|d|0|7.5|
E|396|1343|T|Center 2|23.0|d|0|240.6|
E|964|607|T|E2|23.0|d|0|28.3|
E|607|605|T|E2|23.0|d|0|41.7|
E|605|603|T|E2|23.0|d|0|40.2|
E|603|601|T|E2|23.0|d|0|41.3|
E|601|599|T|E2|23.0|d|0|41.7|
E|599|597|T|E2|23.0|d|0|9.4|
E|597|1344|T|E2|23.0|d|0|38.0|
E|1344|403|T|E2|23.0|d|0|1.5|
E|964|1003|T||23.0|d|0|83.2|48.351586,11.796380;48.351462,11.796331;48.351341,11.796218;48.351271,11.796089;48.351223,11.795948
E|1266|1345|P|201A|||0|74.1|
E|1264|1346|P|202A|||0|73.5|
E|610|1347|P|202B|||0|72.8|
E|1268|1348|P|203|||0|69.5|
E|1270|1349|P|204A|||0|83.7|
E|1271|1350|P|204B|||0|83.2|
E|1273|1351|P|205A|||0|72.3|
E|1274|1352|P|205B|||0|75.6|
E|1277|1353|P|206|||0|69.3|
E|1275|1352|P|205X|||0|77.2|
E|1352|1354|P|205X|||0|0.6|
E|1279|1355|P|207A|||0|82.9|
E|1281|1356|P|207B|||0|83.8|
E|1285|1357|P|208|||0|72.6|
E|1283|1358|P|207X|||0|77.6|
E|1287|1359|P|209A|||0|82.1|
E|1289|1360|P|209B|||0|83.3|
E|1291|1361|P|210A|||0|76.4|
E|1293|1362|P|210B|||0|72.2|
E|1295|1363|P|211|||0|70.3|
E|1297|1364|P|212A|||0|82.6|
E|1364|1365|P|212A|||0|1.1|
E|1299|1366|P|212B|||0|82.7|
E|1301|1367|P|213A|||0|76.5|
E|1303|1368|P|213B|||0|76.9|
E|612|1369|P|214|||0|85.5|
E|1305|1370|P|215A|||0|78.8|
E|1307|1371|P|215B|||0|78.8|
E|1309|1372|P|216|||0|84.2|
E|1311|1373|P|217A|||0|77.2|
E|1313|1374|P|217B|||0|73.5|
E|1315|1375|P|218|||0|74.5|
E|1317|1376|P|219A|||0|84.4|
E|1319|1377|P|219B|||0|84.6|
E|1321|1378|P|220A|||0|77.8|
E|1323|1379|P|220B|||0|78.1|
E|1325|1380|P|221|||0|74.4|
E|1326|1381|P|222A|||0|83.7|
E|1328|1382|P|222B|||0|84.6|
E|1329|1383|P|223A|||0|77.9|
E|1331|1384|P|223B|||0|78.5|
E|1333|1385|P|224A|||0|84.2|
E|1335|1386|P|224B|||0|84.4|
E|466|865|T||23.0|d|0|51.8|
E|430|8|T||23.0|d|0|76.0|48.360889,11.776541;48.360821,11.776447;48.360765,11.776298;48.360713,11.776094
E|830|489|T|C1|23.0|d|0|12.7|
E|1387|1388|P||||0|75.3|
E|1387|1389|T|K1|23.0|d|0|117.3|48.354211,11.804006;48.354193,11.804062;48.354171,11.804119;48.354136,11.804166;48.354100,11.804192;48.354057,11.804208;48.353942,11.804228;48.353896,11.804236;48.353732,11.804264;48.353583,11.804289;48.353520,11.804300;48.353313,11.804336
E|1059|1390|T||23.0|d|0|39.4|48.354164,11.801072;48.354120,11.801102;48.354088,11.801152;48.354063,11.801208;48.354048,11.801270;48.354040,11.801358
E|1057|1390|T||23.0|d|0|41.6|48.353785,11.801216;48.353858,11.801227;48.353918,11.801249;48.353963,11.801284;48.354000,11.801335;48.354023,11.801386
E|698|1391|P||||0|67.4|
E|700|1392|P||||0|64.4|
E|701|1393|P||||0|64.7|
E|702|1394|P||||0|63.6|
E|703|1395|P||||0|64.2|
E|1396|1397|P||||0|49.3|
E|1390|1387|T|K1|23.0|d|0|186.4|48.354214,11.803876
E|820|827|T||23.0|d|0|27.4|
E|827|1398|T||23.0|d|0|25.1|
E|1398|1399|P|163Y|||0|66.8|
E|819|1400|T||23.0|d|0|61.8|
E|1400|1401|P|161Y|||0|68.4|
E|1077|1402|T||23.0|d|0|63.3|
E|1402|1403|T||23.0|d|0|112.2|
E|1403|1404|T||23.0|d|0|45.8|
E|1404|1405|T||23.0|d|0|46.3|
E|1405|1406|T||23.0|d|0|46.2|
E|1406|1407|T||23.0|d|0|46.1|
E|1407|1408|T||23.0|d|0|45.7|
E|1408|1409|T||23.0|d|0|46.1|
E|1409|1410|T||23.0|d|0|45.8|
E|1410|1411|T||23.0|d|0|46.0|
E|1411|1412|T||23.0|d|0|46.2|
E|1412|1413|T||23.0|d|0|45.8|
E|1413|1414|T||23.0|d|0|45.6|
E|1414|1415|T||23.0|d|0|46.4|
E|1416|1417|T||23.0|d|0|3.0|
E|1417|1418|T||23.0|d|0|21.9|
E|1418|1419|T||23.0|d|0|21.5|
E|1419|1420|T||23.0|d|0|0.7|
E|1420|1421|T||23.0|d|0|40.5|
E|1421|1422|T||23.0|d|0|4.3|
E|1422|1423|T||23.0|d|0|16.0|
E|1423|1424|T||23.0|d|0|20.0|
E|1424|1425|T||23.0|d|0|9.9|
E|1425|1426|T||23.0|d|0|33.9|
E|1426|1427|T||23.0|d|0|12.5|
E|1427|1428|T||23.0|d|0|7.4|
E|1428|1429|T||23.0|d|0|20.3|
E|1429|1430|T||23.0|d|0|18.1|
E|1430|1431|T||23.0|d|0|22.4|
E|1431|1432|T||23.0|d|0|20.4|
E|1432|1433|T||23.0|d|0|3.2|
E|1433|1434|T||23.0|d|0|17.1|
E|1434|1435|T||23.0|d|0|28.9|
E|1435|1436|T||23.0|d|0|11.2|
E|1436|1437|T||23.0|d|0|20.6|
E|1437|1438|T||23.0|d|0|14.0|
E|1438|1439|T||23.0|d|0|6.5|
E|1439|1440|T||23.0|d|0|39.6|
E|1440|1441|T||23.0|d|0|1.2|
E|1441|1442|T||23.0|d|0|21.9|
E|1442|1443|T||23.0|d|0|22.1|
E|1443|1444|T||23.0|d|0|1.1|
E|1444|1010|T||23.0|d|0|42.2|
E|1010|1445|T||23.0|d|0|3.9|
E|1445|1446|T||23.0|d|0|18.4|
E|1446|1007|T||23.0|d|0|21.4|
E|1007|1447|T||23.0|d|0|6.0|
E|1447|1448|T||23.0|d|0|112.1|
E|1448|1079|T||23.0|d|0|32.0|
E|1089|1088|T||23.0|d|0|57.1|
E|1447|1403|T||23.0|d|0|33.1|
E|1403|1449|T||23.0|d|0|23.5|
E|1449|1450|P||||0|46.1|
E|1451|1452|P||||0|46.5|
E|1445|1404|T||23.0|d|0|33.1|
E|1404|1451|T||23.0|d|0|23.3|
E|1444|1405|T||23.0|d|0|33.1|
E|1405|1453|T||23.0|d|0|23.2|
E|1454|1455|P||||0|46.1|
E|1456|1457|P||||0|46.3|
E|1458|1459|P||||0|46.4|
E|1460|1461|P||||0|47.3|
E|1462|1463|P||||0|47.5|
E|1464|1465|P||||0|47.8|
E|1466|1467|P||||0|47.3|
E|1468|1469|P||||0|48.5|
E|1470|1471|P||||0|48.2|
E|1472|1473|P||||0|48.4|
E|1453|1474|P||||0|46.8|
E|1440|1406|T||23.0|d|0|33.2|
E|1406|1454|T||23.0|d|0|23.0|
E|1438|1407|T||23.0|d|0|33.2|
E|1407|1456|T||23.0|d|0|22.9|
E|1435|1408|T||23.0|d|0|33.2|
E|1408|1458|T||23.0|d|0|22.7|
E|1433|1409|T||23.0|d|0|33.2|
E|1409|1460|T||23.0|d|0|22.6|
E|1430|1410|T||23.0|d|0|33.3|
E|1410|1462|T||23.0|d|0|22.4|
E|1427|1411|T||23.0|d|0|33.3|
E|1411|1464|T||23.0|d|0|22.3|
E|1425|1412|T||23.0|d|0|33.3|
E|1412|1466|T||23.0|d|0|22.2|
E|1422|1413|T||23.0|d|0|33.3|
E|1413|1468|T||23.0|d|0|22.0|
E|1420|1414|T||23.0|d|0|33.4|
E|1414|1470|T||23.0|d|0|21.9|
E|1416|1415|T||23.0|d|0|33.4|
E|1415|1472|T||23.0|d|0|21.7|
E|1446|1032|T||23.0|d|0|26.8|
E|1032|1475|T||23.0|d|0|49.9|
E|1443|1031|T||23.0|d|0|26.7|
E|1031|1476|T||23.0|d|0|50.3|
E|1442|1030|T||23.0|d|0|26.6|
E|1030|1477|T||23.0|d|0|50.3|
E|1441|1029|T||23.0|d|0|26.6|
E|1029|1478|T||23.0|d|0|50.3|
E|1439|1028|T||23.0|d|0|26.6|
E|1028|1479|T||23.0|d|0|50.2|
E|1437|1027|T||23.0|d|0|26.7|
E|1027|1480|T||23.0|d|0|50.2|
E|1436|1026|T||23.0|d|0|26.7|
E|1026|1481|T||23.0|d|0|50.2|
E|1434|1025|T||23.0|d|0|26.7|
E|1025|1482|T||23.0|d|0|50.1|
E|1432|1024|T||23.0|d|0|26.7|
E|1024|1483|T||23.0|d|0|50.1|
E|1431|1023|T||23.0|d|0|26.7|
E|1023|1484|T||23.0|d|0|50.1|
E|1429|1022|T||23.0|d|0|26.7|
E|1022|1485|T||23.0|d|0|50.0|
E|1428|1021|T||23.0|d|0|26.7|
E|1021|1486|T||23.0|d|0|50.0|
E|1426|1020|T||23.0|d|0|26.7|
E|1020|1487|T||23.0|d|0|50.0|
E|1424|1019|T||23.0|d|0|26.8|
E|1019|1488|T||23.0|d|0|49.9|
E|1423|1018|T||23.0|d|0|26.8|
E|1018|1489|T||23.0|d|0|49.9|
E|1421|1017|T||23.0|d|0|26.8|
E|1017|1490|T||23.0|d|0|49.9|
E|1419|1016|T||23.0|d|0|26.8|
E|1016|1491|T||23.0|d|0|49.8|
E|1418|1015|T||23.0|d|0|26.8|
E|1015|1492|T||23.0|d|0|49.8|
E|1417|1014|T||23.0|d|0|26.8|
E|1014|1493|T||23.0|d|0|49.7|
E|1475|1494|P||||0|74.4|
E|1476|1495|P||||0|71.9|
E|1477|1496|P||||0|72.4|
E|1478|1497|P||||0|52.8|
E|1479|1498|P||||0|69.6|
E|1480|1499|P||||0|69.1|
E|1481|1500|P||||0|54.7|
E|1482|1501|P||||0|73.1|
E|1483|1502|P||||0|73.0|
E|1484|1503|P||||0|51.3|
E|1485|1504|P||||0|69.0|
E|1486|1505|P||||0|73.0|
E|1487|1506|P||||0|52.7|
E|1488|1507|P||||0|52.8|
E|1489|1508|P||||0|72.1|
E|1490|1509|P||||0|72.5|
E|1491|1510|P||||0|52.1|
E|1492|1511|P||||0|72.2|
E|1493|1512|P||||0|68.3|
E|1130|1396|T||23.0|d|0|24.7|
E|133|213|T||23.0|d|0|28.4|48.345657,11.780319;48.345683,11.780402
E|212|135|T||23.0|d|0|47.2|48.345599,11.780342;48.345632,11.780469;48.345651,11.780559
E|130|541|T||23.0|d|0|14.2|48.345582,11.779601
E|94|98|T||23.0|d|0|79.8|48.360758,11.765765;48.360776,11.765844;48.360788,11.765937;48.360789,11.766000;48.360785,11.766081;48.360772,11.766157;48.360756,11.766216;48.360722,11.766300;48.360681,11.766369;48.360641,11.766424;48.360594,11.766462;48.360556,11.766489
E|824|880|S||||0|86.3|
E|825|882|S||||0|85.8|
E|281|928|S||||0|218.7|
E|845|930|S||||0|240.0|
E|945|940|S||||0|109.4|
E|945|942|S||||0|66.7|
E|945|944|S||||0|54.0|
E|848|954|S||||0|98.6|
E|847|956|S||||0|85.8|
E|1364|1366|S||||0|9.5|
S|614|48.344706|11.745856|173.1|867|o
S|613|48.344748|11.746417|173.3|869|o
S|612|48.344762|11.746645|173.3|871|o
S|611|48.344789|11.746942|173.5|873|o
S|607|48.345078|11.749861|173.3|1243|o
S|607B|48.345195|11.749569|173.2|1242|o
S|606|48.345164|11.750949|173.3|1246|o
S|607A|48.345237|11.750103|173.5|1244|o
S|606B|48.345280|11.750649|173.2|1245|o
S|605|48.345250|11.752037|172.9|1249|o
S|606A|48.345323|11.751193|173.2|1247|o
S|605B|48.345366|11.751740|173.0|1248|o
S|604|48.345334|11.753115|173.4|1252|o
S|605A|48.345408|11.752280|172.9|1250|o
S|604B|48.345450|11.752816|173.4|1251|o
S|603|48.345420|11.754200|173.4|1255|o
S|604A|48.345493|11.753363|173.4|1253|o
S|603B|48.345535|11.753899|173.4|1254|o
S|602|48.345505|11.755282|173.5|1258|o
S|603A|48.345579|11.754447|173.4|1256|o
S|602B|48.345621|11.754990|173.5|1257|o
S|601|48.345591|11.756378|173.2|1261|o
S|602A|48.345663|11.755526|173.5|1259|o
S|601B|48.345708|11.756092|172.8|1260|o
S|601A|48.345749|11.756622|173.3|1262|o
S|907|48.348648|11.766322|352.8|913|o
S|196|48.348694|11.777315|263.3|906|o
S|121|48.348648|11.784175|83.6|757|o
S|906|48.348730|11.767323|353.1|914|o
S|905|48.348818|11.768463|353.1|915|o
S|904|48.348897|11.769470|353.1|916|o
S|903|48.348983|11.770610|353.1|917|o
S|902|48.349059|11.771614|353.1|918|o
S|120|48.349007|11.784109|83.1|932|o
S|901|48.349146|11.772751|352.9|919|o
S|195|48.349169|11.777226|263.6|905|o
S|119|48.349495|11.784024|83.2|931|o
S|194|48.349599|11.777154|263.1|904|o
S|164|48.349733|11.780062|83.6|887|o
S|164Y|48.349793|11.780121|48.1|888|o
S|261|48.349857|11.797977|173.4|1147|o
S|262|48.349812|11.798315|173.5|1149|o
S|263|48.349905|11.798631|173.0|1151|o
S|341|48.349904|11.799402|173.2|985|o
S|342|48.349945|11.799938|173.0|986|o
S|193|48.350032|11.777085|263.9|903|o
S|118|48.349984|11.783944|83.2|933|o
S|234|48.350000|11.792297|82.9|1224|o
S|343|48.349984|11.800484|173.6|987|o
S|344|48.350028|11.801027|174.0|988|o
S|224B|48.350126|11.793345|263.4|1386|o
S|345|48.350072|11.801562|173.7|989|o
S|346|48.350115|11.802104|173.8|990|o
S|347|48.350154|11.802644|173.7|991|o
S|163|48.350218|11.779925|83.4|886|o
S|163Y|48.350218|11.779976|72.0|1399|o
S|224A|48.350177|11.793340|263.5|1385|o
S|348|48.350197|11.803186|174.2|1035|o
S|349|48.350243|11.803738|174.0|995|o
S|233|48.350325|11.792239|83.9|1225|o
S|S1|48.350257|11.804565|173.4|1033|n
S|S2|48.350250|11.804869|173.3|1494|n
S|S3|48.350302|11.805161|173.5|1034|n
S|S4|48.350336|11.805732|173.5|1495|n
S|S5|48.350355|11.806036|173.4|1496|n
S|192|48.350458|11.777010|264.0|902|o
S|117B|48.350464|11.783855|83.5|934|o
S|S6|48.350446|11.806879|173.2|1498|n
S|S7|48.350471|11.807145|173.4|1499|n
S|S8|48.350498|11.807963|173.4|1501|n
S|117A|48.350578|11.783838|83.5|935|o
S|223B|48.350536|11.793355|263.4|1384|o
S|S9|48.350553|11.806306|173.1|1497|n
S|S10|48.350519|11.808239|173.3|1502|n
S|S11|48.350604|11.809324|173.4|1505|n
S|232|48.350651|11.792185|83.2|1226|o
S|223A|48.350626|11.793348|263.4|1383|o
S|S12|48.350621|11.807401|173.3|1500|n
S|S13|48.350618|11.809046|173.3|1504|n
S|162|48.350707|11.779830|83.1|885|o
S|S14|48.350735|11.808473|173.4|1503|n
S|S15|48.350698|11.810445|173.4|1508|n
S|S16|48.350716|11.810723|173.2|1509|n
S|S17|48.350783|11.811554|173.5|1511|n
S|S18|48.350806|11.809563|173.3|1506|n
S|S19|48.350850|11.810146|173.3|1507|n
S|S20|48.350841|11.811844|173.3|1512|n
S|191|48.350885|11.776931|263.9|901|o
S|116|48.350892|11.783789|83.7|936|o
S|222B|48.350956|11.793200|263.4|1382|o
S|S21|48.350941|11.811229|173.3|1510|n
S|231|48.350971|11.792127|83.9|1227|o
S|161Y|48.351066|11.779711|118.2|1401|o
S|161|48.351134|11.779757|83.4|884|o
S|222A|48.351101|11.793187|263.4|1381|o
S|115A|48.351323|11.783716|83.4|937|o
S|115B|48.351245|11.783731|83.4|938|o
S|221|48.351314|11.793276|263.4|1380|o
S|189|48.351413|11.776847|263.7|900|o
S|220B|48.351591|11.793178|263.4|1379|o
S|220A|48.351660|11.793170|263.4|1378|o
S|188|48.351773|11.776777|263.3|899|o
S|219B|48.351996|11.793020|263.4|1377|o
S|219A|48.352057|11.793012|263.4|1376|o
S|256|48.352116|11.798125|83.0|1207|o
S|187|48.352210|11.776710|263.5|898|o
S|113B|48.352292|11.783546|83.6|951|o
S|318B|48.352231|11.800146|263.5|1206|o
S|113A|48.352342|11.783541|83.0|949|o
S|113X|48.352338|11.783645|93.4|950|o
S|218|48.352332|11.793099|263.4|1375|o
S|155|48.352467|11.779539|83.7|883|o
S|255|48.352486|11.798147|83.4|1223|o
S|318|48.352421|11.799964|263.9|1204|o
S|S22|48.352488|11.804103|353.1|1450|n
S|217B|48.352552|11.793074|263.4|1374|o
S|330|48.352501|11.803195|83.0|1202|o
S|S23|48.352537|11.804719|353.7|1452|n
S|135|48.352634|11.780305|264.1|952|o
S|S24|48.352587|11.805343|354.1|1474|n
S|S25|48.352627|11.805956|353.4|1455|n
S|S26|48.352675|11.806576|353.7|1457|n
S|186|48.352689|11.776620|263.2|897|o
S|217A|48.352690|11.793000|263.4|1373|o
S|S27|48.352721|11.807189|353.5|1459|n
S|112|48.352779|11.783466|83.8|948|o
S|S28|48.352776|11.807806|353.6|1461|n
S|S29|48.352824|11.808422|353.7|1463|n
S|254|48.352858|11.798090|82.7|1221|o
S|329|48.352943|11.803131|83.7|1201|o
S|S30|48.352872|11.809036|353.7|1465|n
S|S31|48.352915|11.809655|353.4|1467|n
S|216|48.353021|11.792847|263.4|1372|o
S|317B|48.353009|11.800013|264.0|1191|o
S|S32|48.352972|11.810269|353.6|1469|n
S|S33|48.353014|11.810879|353.5|1471|n
S|S34|48.353062|11.811497|353.2|1473|n
S|185|48.353180|11.776522|263.8|896|o
S|111B|48.353150|11.783403|83.6|947|o
S|317|48.353188|11.799804|263.7|1193|o
S|111A|48.353267|11.783376|83.6|946|o
S|253|48.353231|11.798025|82.7|1222|o
S|317A|48.353359|11.799679|263.9|1192|o
S|328|48.353369|11.803057|84.0|1200|o
S|215B|48.353453|11.792847|263.4|1371|o
S|215A|48.353520|11.792834|263.4|1370|o
S|252B|48.353605|11.797958|82.7|1219|o
S|184|48.353667|11.776455|263.9|895|o
S|252A|48.353684|11.797941|82.8|1220|o
S|110|48.353761|11.783300|83.2|945|o
S|313|48.353810|11.799898|263.1|1187|o
S|327|48.353817|11.802977|83.5|1199|o
S|152|48.353872|11.779286|83.5|882|o
S|132|48.353932|11.780100|262.9|956|o
S|214|48.354112|11.792652|271.1|1369|o
S|251B|48.354107|11.797861|82.7|1218|o
S|183|48.354154|11.776372|263.8|894|o
S|109B|48.354244|11.783217|83.1|944|o
S|251A|48.354226|11.797842|82.6|1217|o
S|312|48.354221|11.799974|263.7|1185|o
S|151|48.354302|11.779218|83.6|880|o
S|131|48.354369|11.780023|264.1|954|o
S|109A|48.354357|11.783192|83.7|942|o
S|S35|48.354296|11.804950|83.4|1388|n
S|213B|48.354468|11.792696|263.4|1368|o
S|213A|48.354540|11.792689|263.4|1367|o
S|182|48.354582|11.776298|264.5|893|o
S|311|48.354633|11.799881|263.0|1183|o
S|108|48.354738|11.783132|82.9|940|o
S|250|48.354735|11.797760|83.5|1216|o
S|325|48.354688|11.802821|83.5|1198|o
S|212B|48.354871|11.792548|263.4|1366|o
S|181|48.354954|11.776230|264.5|892|o
S|212A|48.354955|11.792519|263.5|1365|o
S|310|48.355046|11.799838|263.0|1181|o
S|324|48.355124|11.802752|83.6|1197|o
S|211|48.355242|11.792652|263.4|1363|o
S|249B|48.355238|11.797672|83.9|1215|o
S|249A|48.355353|11.797650|84.3|1214|o
S|210B|48.355447|11.792590|263.4|1362|o
S|309|48.355481|11.799767|263.9|1179|o
S|175|48.355593|11.776120|263.4|891|o
S|210A|48.355573|11.792511|263.4|1361|o
S|323|48.355554|11.802687|83.5|1196|o
S|248B|48.355772|11.797589|83.6|1213|o
S|248A|48.355861|11.797565|83.6|1212|o
S|308|48.355858|11.799703|263.4|1177|o
S|209B|48.355916|11.792358|263.4|1360|o
S|209A|48.355985|11.792363|263.4|1359|o
S|322|48.356000|11.802603|83.6|1195|o
S|174|48.356075|11.776037|263.8|890|o
S|105|48.356180|11.782890|83.3|930|o
S|247|48.356224|11.797500|83.4|1211|o
S|302B|48.356277|11.799448|263.5|1175|o
S|208|48.356413|11.792417|263.4|1357|o
S|321|48.356431|11.802534|83.0|1194|o
S|173|48.356498|11.775964|263.7|889|o
S|302|48.356481|11.799213|263.7|1174|o
S|246|48.356589|11.797439|83.4|1210|o
S|302A|48.356639|11.799146|263.7|1173|o
S|207B|48.356749|11.792208|263.4|1356|o
S|207X|48.356807|11.792341|282.7|1358|o
S|207A|48.356880|11.792198|263.4|1355|o
S|172|48.356925|11.775916|263.4|878|o
S|245|48.356969|11.797381|83.0|1209|o
S|301B|48.357076|11.799318|264.0|1172|o
S|206|48.357103|11.792343|263.4|1353|o
S|301|48.357259|11.799079|263.9|1171|o
S|244|48.357336|11.797310|83.3|1208|o
S|171|48.357355|11.775810|263.5|877|o
S|205X|48.357361|11.792206|275.2|1354|o
S|205B|48.357361|11.792214|262.8|1352|o
S|301A|48.357411|11.798978|263.6|1170|o
S|205A|48.357450|11.792242|263.4|1351|o
S|204B|48.357774|11.792037|263.4|1350|o
S|S36|48.357735|11.803106|173.3|1391|n
S|S37|48.357774|11.803650|173.1|1392|n
S|204A|48.357851|11.792018|263.4|1349|o
S|S38|48.357811|11.804191|173.5|1393|n
S|S39|48.357864|11.804730|173.2|1394|n
S|S40|48.357901|11.805274|173.3|1395|n
S|101|48.358133|11.782550|83.7|928|o
S|203|48.358135|11.792161|263.4|1348|o
S|202B|48.358391|11.792071|263.4|1347|o
S|202A|48.358481|11.792047|263.3|1346|o
S|201A|48.358886|11.791857|263.5|1345|o
S|581|48.359353|11.802137|354.0|1163|o
S|582|48.359393|11.802678|353.2|1162|o
S|583|48.359432|11.803220|353.2|1161|o
S|584|48.359471|11.803768|353.8|1160|o
S|585|48.359510|11.804306|353.3|1159|o
S|586|48.359550|11.804851|352.8|1158|o
S|S41|48.359586|11.805224|353.7|1397|n
G|A09/A10|48.358281|11.783274
G|A11/A12|48.358363|11.783037
G|A14/A15|48.358061|11.783081
G|A16/A17|48.357889|11.783100
G|A18/A19|48.357458|11.783165
G|A20|48.357128|11.783397
G|A21/22|48.356856|11.783278
G|A23|48.356660|11.783476
G|A24/A25|48.356604|11.783392
G|A26/27|48.356423|11.783352
G|A28|48.356245|11.783554
G|A40|48.355485|11.781817
G|A41|48.355475|11.781560
G|A42|48.355172|11.781068
G|A43|48.355170|11.780806
G|A44|48.355375|11.780623
G|A45|48.355369|11.780394
G|A46|48.355073|11.779841
G|A47|48.355061|11.779602
G|A48|48.355287|11.779493
G|A49|48.355277|11.779246
G|A50|48.355070|11.778935
G|A51|48.355159|11.778805
G|A60|48.355417|11.781057
G|A61|48.355177|11.781015
G|A62|48.355143|11.780638
G|A63|48.355379|11.780499
G|A64|48.355103|11.780177
G|B06/B07|48.354608|11.783463
G|B08/B09|48.354538|11.783634
G|B11|48.354397|11.783822
G|B12|48.354308|11.783833
G|B14|48.354219|11.783865
G|B15/B16|48.354112|11.783704
G|B17/C01|48.353504|11.783700
G|B2|48.355184|11.783680
G|B5|48.354745|11.783763
G|C03/C04|48.353072|11.783783
G|C06/C07|48.352647|11.783855
G|C10/D01|48.351537|11.784187
G|C5|48.352885|11.784106
G|C8|48.352536|11.784147
G|C9|48.351914|11.784291
G|D03/D04|48.351202|11.784245
G|D06/D07|48.350776|11.784326
G|D09/D10|48.350411|11.784142
G|D11/D12|48.350297|11.784350
G|D14|48.350392|11.784553
G|D15|48.349738|11.784491
G|D16|48.349314|11.784578
G|D17|48.349153|11.784778
G|D20|48.349036|11.784799
G|D21|48.348917|11.784647
G|D23|48.348760|11.784904
G|G01,G02|48.358568|11.791590
G|G03,G04|48.358192|11.791693
G|G05,G06|48.357950|11.791710
G|G07,G08|48.357537|11.791780
G|G09,G10|48.357155|11.791848
G|G11,G12|48.356941|11.791869
G|G13,G14|48.356567|11.791942
G|G15,G16|48.356169|11.792018
G|G17,G18|48.355681|11.792103
G|G19,G20|48.355278|11.792165
G|G21,G22|48.355007|11.792221
G|G23,G24|48.354634|11.792289
G|G25,G26|48.354252|11.792383
G|G27,G28|48.353894|11.792431
G|G29,G30|48.353213|11.792520
G|G31,G32|48.352782|11.792596
G|G33,G34|48.352370|11.792662
G|G35,G36|48.352100|11.792712
G|G37,G38|48.351726|11.792783
G|G39,G40|48.351339|11.792838
G|G41,G42|48.351126|11.792874
G|G43,G44|48.350756|11.792943
G|G45,G46|48.350298|11.793022
G|G47,G48|48.349848|11.793092
G|G61|48.352435|11.792161
G|G62|48.352341|11.792178
G|G63|48.352054|11.792226
G|G64|48.351946|11.792248
G|G65|48.351832|11.792272
G|G66|48.351677|11.792304
G|G67|48.351516|11.792338
G|G68|48.351557|11.792601
G|G69|48.351835|11.792558
G|G70|48.351952|11.792540
G|G72|48.352416|11.792468
G|G81|48.350205|11.792570
G|G82|48.350064|11.792590
G|G83|48.350082|11.792853
G|G84|48.350215|11.792825
G|H01,H02|48.358563|11.791636
G|H03,H04|48.358170|11.791739
G|H05,H06|48.357934|11.791771
G|H07,H08|48.357519|11.791864
G|H09,H10|48.357143|11.791941
G|H11,H12|48.356927|11.791977
G|H13,H14|48.356570|11.792035
G|H15,H16|48.356164|11.792103
G|H17,H18|48.354948|11.792176
G|H17,H18|48.355672|11.792195
G|H19,H20|48.355289|11.792247
G|H21,H22|48.355013|11.792306
G|H23,H24|48.354639|11.792374
G|H25,H26|48.354257|11.792469
G|H27,H28|48.353900|11.792516
G|H29,H30|48.353219|11.792605
G|H31,H32|48.352788|11.792682
G|H33,H34|48.352376|11.792747
G|H35,H36|48.352106|11.792797
G|H37,H38|48.351732|11.792868
G|H39,H40|48.351345|11.792923
G|H41,H42|48.351132|11.792960
G|H43,H44|48.350762|11.793028
G|H45,H46|48.350304|11.793107
G|H47,H48|48.349854|11.793177
G|J01|48.354676|11.799449
G|J02|48.354658|11.799451
G|J03|48.354627|11.799456
G|J04|48.354610|11.799459
G|J05|48.354570|11.799465
G|J06|48.354553|11.799468
G|K01|48.357480|11.797426
G|K03|48.357247|11.797484
G|K05|48.356851|11.797546
G|K06, K04|48.356990|11.798909
G|K07|48.356493|11.797613
G|K08, K10|48.356211|11.799056
G|K09|48.356093|11.797676
G|K11|48.355596|11.797764
G|K12|48.355711|11.799530
G|K13|48.355016|11.797817
G|K14|48.355329|11.799596
G|K15|48.354490|11.797908
G|K16|48.354901|11.799661
G|K18|48.354473|11.799751
G|K19|48.353931|11.798001
G|K20|48.354042|11.799823
G|K21|48.353485|11.798094
G|K22|48.353654|11.799590
G|K23|48.353094|11.798179
G|K24,K26|48.352901|11.799634
G|K25|48.352730|11.798252
G|K27|48.352362|11.798315
G|K28,K30|48.352043|11.799758
G|L01|48.357439|11.797426
G|L02,L04|48.356936|11.798915
G|L03|48.357200|11.797487
G|L05|48.356815|11.797548
G|L06,L08|48.356165|11.799067
G|L07|48.356460|11.797613
G|L09|48.356049|11.797685
G|L11|48.355549|11.797771
G|L13|48.354968|11.797825
G|L15|48.354447|11.797907
G|L19|48.353882|11.798008
G|L21|48.353453|11.798099
G|L22|48.353609|11.799597
G|L23|48.353062|11.798179
G|L24,L26|48.352850|11.799635
G|L25|48.352686|11.798260
G|L27|48.352337|11.798319
G|L28,L30|48.352013|11.799757
P|A||48.358110,11.802646;48.357983,11.802746;48.357711,11.802793;48.357679,11.802803;48.357647,11.802829;48.357622,11.802865;48.357604,11.802910;48.357595,11.802953;48.357592,11.803005;48.357803,11.805777;48.357813,11.805834;48.357834,11.805872;48.357864,11.805896;48.357887,11.805909;48.357918,11.805914;48.358356,11.805839|14,15,0;14,0,1;14,1,2;14,2,3;14,3,4;14,4,5;14,5,6;14,6,7;14,7,8;14,8,9;14,9,10;14,10,11;14,11,12;14,12,13
P|A||48.354022,11.803702;48.354015,11.803904;48.353923,11.803941;48.353073,11.804099;48.353048,11.803791;48.353012,11.803658;48.354017,11.803497|1,0,6;1,6,5;1,5,4;1,4,3;1,3,2
P|A||48.350784,11.804125;48.350199,11.804224;48.350140,11.804245;48.350116,11.804272;48.350099,11.804312;48.350095,11.804361;48.350279,11.806721;48.350288,11.806789;48.350310,11.806843;48.350347,11.806904;48.350374,11.806978;48.350394,11.807055;48.350400,11.807131;48.350473,11.808080;48.350466,11.808136;48.350445,11.808180;48.350401,11.808239;48.350396,11.808267;48.350688,11.812085;48.350704,11.812133;48.350726,11.812178;48.350767,11.812202;48.351374,11.812101;48.351422,11.812087;48.351450,11.812050;48.351466,11.811998;48.351467,11.811943;48.350958,11.805348;48.350878,11.804236;48.350873,11.804208;48.350858,11.804174;48.350836,11.804147;48.350808,11.804128|31,32,0;31,0,1;31,1,2;31,2,3;31,3,4;31,4,5;31,5,6;31,6,7;31,7,8;31,8,9;31,9,10;31,10,11;31,11,12;31,12,13;15,16,17;15,17,18;15,18,19;15,19,20;15,20,21;15,21,22;15,22,23;15,23,24;15,24,25;15,25,26;27,28,29;27,29,30;27,30,31;27,31,13;27,13,14;14,15,26;14,26,27
P|A||48.353116,11.804639;48.354391,11.804424;48.354441,11.805118;48.353172,11.805339|1,0,3;1,3,2
P|A|Apron 35|48.352669,11.803763;48.353271,11.811602;48.353247,11.811705;48.353210,11.811762;48.353159,11.811792;48.352653,11.811878;48.352053,11.803876|1,0,6;1,6,5;1,5,4;1,4,3;1,3,2
P|A|Flugzeug Enteisungsfläche 13|48.346386,11.803372;48.346247,11.801537;48.347121,11.801394;48.347261,11.803213|1,0,3;1,3,2
P|A|Flugzeug Enteisungsfläche 14|48.346386,11.803372;48.346477,11.804537;48.346662,11.804505;48.346699,11.804898;48.347378,11.804773;48.347261,11.803213|4,5,0;0,1,2;2,3,4;2,4,0
P|A|Flugzeug Enteisungsfläche 15|48.348321,11.807540;48.348186,11.805800;48.349075,11.805642;48.349207,11.807389|1,0,3;1,3,2
P|A|Flugzeug Enteisungsfläche DA 1|48.342485,11.750091;48.343154,11.749968;48.343040,11.748406;48.342927,11.748423;48.342935,11.748507;48.342869,11.748520;48.342859,11.748399;48.342365,11.748491|6,7,0;0,1,2;2,3,4;5,6,0;0,2,4;0,4,5
P|A|Flugzeug Enteisungsfläche DA 2|48.344616,11.751289;48.344721,11.752628;48.344748,11.752949;48.344151,11.753057;48.344020,11.751391|1,0,4;1,4,3;1,3,2
P|A|Flugzeug Enteisungsfläche DA 3|48.343284,11.751519;48.343421,11.753366;48.342542,11.753517;48.342407,11.751669|1,0,3;1,3,2
P|A|Ramp 5|48.359444,11.801786;48.359473,11.801789;48.359497,11.801801;48.359517,11.801824;48.359532,11.801859;48.359539,11.801910;48.359819,11.805539;48.359813,11.805563;48.359802,11.805582;48.359784,11.805593;48.359176,11.805699;48.359116,11.804934;48.358890,11.801883|1,0,12;1,12,11;1,11,10;1,10,9;1,9,8;1,8,7;1,7,6;1,6,5;1,5,4;1,4,3;1,3,2
P|A|Ramp1|48.345498,11.747170;48.345408,11.746036;48.345395,11.745958;48.345374,11.745867;48.345325,11.745698;48.345304,11.745602;48.345284,11.745459;48.344585,11.745582;48.344720,11.747309|7,8,0;7,0,1;7,1,2;7,2,3;7,3,4;7,4,5;7,5,6
P|A|Ramp1|48.346268,11.756837;48.345546,11.756965;48.344948,11.749291;48.345674,11.749164|1,0,3;1,3,2
P|A|Ramp1|48.345570,11.758305;48.345855,11.761993;48.346631,11.761858;48.346352,11.758175|2,3,0;2,0,1
P|A|Ramp1|48.346695,11.762525;48.346742,11.763134;48.346001,11.763263;48.345954,11.762654|1,0,3;1,3,2
P|A|Ramp1|48.346786,11.763714;48.346833,11.764324;48.346093,11.764453;48.346046,11.763843|1,0,3;1,3,2
P|A|Ramp1|48.346879,11.764892;48.346926,11.765502;48.346186,11.765631;48.346139,11.765021|1,0,3;1,3,2
P|A|Ramp1|48.347066,11.767748;48.347106,11.768279;48.346435,11.768395;48.346395,11.767864|1,0,3;1,3,2
P|A|Ramp1|48.347156,11.768882;48.347196,11.769413;48.346525,11.769529;48.346485,11.768998|1,0,3;1,3,2
P|A|Ramp1|48.347241,11.770046;48.347282,11.770577;48.346611,11.770693;48.346570,11.770162|1,0,3;1,3,2
P|A|Ramp1|48.347332,11.771200;48.347372,11.771731;48.346701,11.771847;48.346661,11.771316|1,0,3;1,3,2
P|A|Ramp1|48.347419,11.772340;48.347459,11.772872;48.346788,11.772987;48.346748,11.772456|1,0,3;1,3,2
P|A|Ramp1|48.348516,11.773378;48.349268,11.773252;48.349230,11.772772;48.349303,11.772760;48.349291,11.772604;48.349218,11.772616;48.349142,11.771619;48.349213,11.771604;48.349203,11.771473;48.349132,11.771488;48.349064,11.770614;48.349136,11.770604;48.349126,11.770468;48.349054,11.770476;48.348976,11.769468;48.349048,11.769455;48.349036,11.769307;48.348965,11.769321;48.348900,11.768472;48.348971,11.768462;48.348960,11.768325;48.348889,11.768335;48.348812,11.767339;48.348883,11.767328;48.348873,11.767189;48.348802,11.767203;48.348735,11.766340;48.348806,11.766328;48.348795,11.766185;48.348725,11.766200;48.348675,11.765553;48.348441,11.765596;48.348444,11.765671;48.347971,11.765752;48.347934,11.765696;48.347980,11.766450|34,35,0;34,0,1;34,1,2;2,3,4;2,4,5;6,7,8;6,8,9;6,9,10;10,11,12;10,12,13;10,13,14;14,15,16;14,16,17;18,19,20;18,20,21;18,21,22;22,23,24;22,24,25;26,27,28;26,28,29;29,30,31;29,31,32;29,32,33;33,34,2;33,2,5;33,5,6;33,6,10;33,10,14;33,14,17;33,17,18;33,18,22;33,22,25;33,25,26;33,26,29
P|A|Ramp1|48.355650,11.776857;48.355354,11.776906;48.355300,11.776260;48.355441,11.776236;48.355510,11.776068;48.355655,11.776043;48.355659,11.776117;48.355759,11.776095;48.355764,11.776188;48.355901,11.776167;48.355967,11.775989;48.356102,11.775965;48.356106,11.776036;48.356216,11.776020;48.356222,11.776100;48.356336,11.776085;48.356395,11.775914;48.356529,11.775891;48.356533,11.775958;48.356657,11.775937;48.356662,11.776028;48.356744,11.776015;48.356821,11.775837;48.356969,11.775812;48.356973,11.775876;48.357134,11.775848;48.357141,11.775936;48.357203,11.775923;48.357255,11.775763;48.357397,11.775739;48.357401,11.775805;48.357516,11.775790;48.357524,11.775889;48.357565,11.775883;48.357616,11.776517;48.356979,11.776620;48.356128,11.776768|1,0,36;35,34,33;35,33,32;35,32,31;35,31,30;35,30,29;35,29,28;35,28,27;35,27,26;35,26,25;35,25,24;35,24,23;35,23,22;35,22,21;35,21,20;20,19,18;18,17,16;18,16,15;14,13,12;12,11,10;12,10,9;8,7,6;6,5,4;6,4,3;3,2,1;3,1,36;3,36,35;35,20,18;35,18,15;35,15,14;35,14,12;35,12,9;35,9,8;8,6,3;8,3,35
P|A|Ramp1|48.351231,11.777623;48.351184,11.776987;48.351328,11.776961;48.351339,11.776936;48.351329,11.776791;48.351525,11.776756;48.351532,11.776866;48.351588,11.776858;48.351592,11.776920;48.351656,11.776909;48.351703,11.776726;48.351895,11.776692;48.351901,11.776809;48.351940,11.776803;48.351943,11.776856;48.352080,11.776828;48.352129,11.776652;48.352330,11.776617;48.352337,11.776725;48.352390,11.776717;48.352392,11.776777;48.352567,11.776741;48.352614,11.776567;48.352811,11.776533;48.352816,11.776652;48.352858,11.776645;48.352861,11.776703;48.353049,11.776666;48.353108,11.776482;48.353313,11.776447;48.353318,11.776566;48.353372,11.776557;48.353378,11.776613;48.353532,11.776580;48.353589,11.776399;48.353786,11.776364;48.353793,11.776489;48.353848,11.776481;48.353851,11.776526;48.354029,11.776495;48.354067,11.776314;48.354262,11.776281;48.354265,11.776389;48.354301,11.776381;48.354304,11.776441;48.354459,11.776415;48.354498,11.776240;48.354708,11.776204;48.354712,11.776314;48.354754,11.776307;48.354757,11.776357;48.354841,11.776341;48.354875,11.776177;48.355021,11.776150;48.355028,11.776270;48.355209,11.776237;48.355260,11.776924;48.354629,11.777029;48.353719,11.777192;48.352748,11.777357|1,0,59;1,59,58;1,58,57;1,57,56;56,55,54;54,53,52;54,52,51;50,49,48;48,47,46;48,46,45;44,43,42;42,41,40;42,40,39;38,37,36;36,35,34;36,34,33;32,31,30;30,29,28;30,28,27;26,25,24;24,23,22;24,22,21;20,19,18;18,17,16;18,16,15;14,13,12;12,11,10;12,10,9;8,7,6;6,5,4;6,4,3;6,3,2;2,1,56;56,54,51;56,51,50;56,50,48;56,48,45;56,45,44;44,42,39;38,36,33;38,33,32;32,30,27;32,27,26;26,24,21;26,21,20;20,18,15;20,15,14;14,12,9;8,6,2;8,2,56;56,44,39;56,39,38;56,38,32;56,32,26;56,26,20;56,20,14;56,14,9;56,9,8
P|A|Ramp1|48.351143,11.777638;48.348751,11.778049;48.348406,11.778104;48.348360,11.777494;48.348601,11.777301;48.348638,11.777235;48.350986,11.776848;48.351019,11.776846;48.351049,11.776862;48.351074,11.776896;48.351091,11.776944|1,0,10;1,10,9;1,9,8;1,8,7;1,7,6;1,6,5;1,5,4;1,4,3;1,3,2
P|A|Ramp1|48.353727,11.778481;48.352406,11.778710;48.352211,11.778749;48.352148,11.778884;48.352207,11.779530;48.352333,11.779498;48.352352,11.779736;48.352439,11.779723;48.352446,11.779823;48.352519,11.779812;48.352528,11.779959;48.352651,11.779935;48.352644,11.779789;48.352716,11.779776;48.352713,11.779707;48.352799,11.779692;48.352792,11.779557;48.352988,11.779531;48.353018,11.779875;48.353454,11.779795;48.353439,11.779573;48.353804,11.779514|20,21,0;20,0,1;20,1,2;20,2,3;3,4,5;5,6,7;7,8,9;9,10,11;9,11,12;12,13,14;14,15,16;17,18,19;17,19,20;17,20,3;17,3,5;5,7,9;5,9,12;5,12,14;5,14,16;5,16,17
P|A|Ramp1|48.351357,11.778898;48.350641,11.779014;48.349114,11.779277;48.349168,11.779980;48.349242,11.779967;48.349259,11.780186;48.349309,11.780177;48.349335,11.780485;48.349481,11.780457;48.349464,11.780228;48.349601,11.780199;48.349758,11.780311;48.349765,11.780390;48.349885,11.780369;48.349876,11.780273;48.349921,11.780265;48.349902,11.780034;48.349852,11.779955;48.349829,11.779959;48.349824,11.779904;48.350084,11.779857;48.350101,11.780082;48.350169,11.780070;48.350189,11.780318;48.350281,11.780302;48.350271,11.780179;48.350303,11.780173;48.350298,11.780109;48.350323,11.780105;48.350300,11.779816;48.350546,11.779772;48.350564,11.780004;48.350631,11.779992;48.350651,11.780240;48.350781,11.780216;48.350766,11.780030;48.350823,11.780020;48.350800,11.779723;48.350957,11.779506;48.351006,11.779568;48.351025,11.779833;48.351115,11.779817;48.351140,11.780158;48.351226,11.780144;48.351201,11.779809;48.351218,11.779806;48.351212,11.779719;48.351236,11.779715;48.351398,11.779338;48.351365,11.778916|48,49,0;48,0,1;48,1,2;48,2,3;48,3,4;4,5,6;6,7,8;6,8,9;6,9,10;11,12,13;11,13,14;14,15,16;14,16,17;14,17,18;20,21,22;22,23,24;22,24,25;22,25,26;22,26,27;22,27,28;22,28,29;30,31,32;32,33,34;32,34,35;32,35,36;32,36,37;39,40,41;41,42,43;41,43,44;41,44,45;41,45,46;46,47,48;4,6,10;10,11,14;10,14,18;10,18,19;20,22,29;30,32,37;30,37,38;39,41,46;39,46,48;4,10,19;4,19,20;4,20,29;4,29,30;4,30,38;38,39,48;38,48,4
P|A|Ramp1|48.353925,11.780955;48.353866,11.780116;48.353471,11.780182;48.353454,11.779947;48.353020,11.780020;48.353036,11.780248;48.352848,11.780279;48.352838,11.780148;48.352750,11.780163;48.352690,11.780088;48.352468,11.780127;48.352479,11.780264;48.352385,11.780281;48.352403,11.780512;48.352281,11.780533;48.352320,11.781041;48.352489,11.781217|15,16,0;15,0,1;15,1,2;15,2,3;3,4,5;6,7,8;8,9,10;8,10,11;11,12,13;13,14,15;15,3,5;15,5,6;15,6,8;15,8,11;15,11,13
P|A|Ramp1|48.356108,11.781975;48.357087,11.781800;48.358066,11.781635;48.358355,11.781581;48.358400,11.781589;48.358442,11.781607;48.358484,11.782140;48.358294,11.782401;48.358212,11.782412;48.358232,11.782724;48.358090,11.782750;48.358080,11.782615;48.358044,11.782622;48.357838,11.782408;48.357732,11.782580;48.357748,11.782805;48.357599,11.782830;48.357589,11.782705;48.357510,11.782721;48.357495,11.782516;48.357443,11.782464;48.357241,11.782656;48.357255,11.782890;48.357118,11.782919;48.357109,11.782791;48.357022,11.782802;48.357009,11.782588;48.356910,11.782492;48.356760,11.782747;48.356775,11.782944;48.356636,11.782987;48.356623,11.782875;48.356533,11.782890;48.356521,11.782680;48.356426,11.782582;48.356326,11.782703;48.356272,11.782819;48.356290,11.783006;48.356187,11.783026|0,38,37;0,37,36;0,36,35;0,35,34;0,34,33;33,32,31;31,30,29;31,29,28;31,28,27;26,25,24;24,23,22;24,22,21;19,18,17;17,16,15;17,15,14;17,14,13;13,12,11;11,10,9;11,9,8;8,7,6;8,6,5;8,5,4;8,4,3;8,3,2;8,2,1;8,1,0;33,31,27;26,24,21;26,21,20;19,17,13;13,11,8;13,8,0;0,33,27;27,26,20;20,19,13;20,13,0;20,0,27
P|A|Ramp1|48.354066,11.782320;48.354084,11.782552;48.354570,11.783046;48.354606,11.783228;48.354571,11.783236;48.354568,11.783184;48.354559,11.783185;48.354466,11.783245;48.354441,11.783251;48.354448,11.783377;48.354184,11.783419;48.354179,11.783327;48.354090,11.783338;48.354079,11.783135;48.354042,11.783101;48.354051,11.783254;48.353993,11.783265;48.354002,11.783406;48.353951,11.783464;48.353699,11.783511;48.353689,11.783381;48.353602,11.783395;48.353585,11.783176;48.353491,11.783079;48.353500,11.783313;48.353352,11.783402;48.353366,11.783563;48.353117,11.783606;48.353113,11.783549;48.353059,11.783559;48.353054,11.783476;48.353007,11.783484;48.353012,11.783556;48.352842,11.783584;48.352847,11.783652;48.352688,11.783684;48.352683,11.783603;48.352563,11.783619;48.352514,11.783726;48.352405,11.783745;48.352414,11.783842;48.352311,11.783859;48.352288,11.783848;48.352243,11.783858;48.352215,11.783533;48.352015,11.783379;48.351969,11.782796;48.351971,11.782738;48.351993,11.782688;48.352027,11.782670|1,0,49;1,49,48;1,48,47;1,47,46;1,46,45;1,45,44;44,43,42;44,42,41;44,41,40;44,40,39;44,39,38;44,38,37;44,37,36;36,35,34;36,34,33;36,33,32;36,32,31;30,29,28;28,27,26;28,26,25;25,24,23;22,21,20;20,19,18;20,18,17;20,17,16;16,15,14;13,12,11;11,10,9;11,9,8;8,7,6;5,4,3;5,3,2;5,2,1;1,44,36;1,36,31;30,28,25;30,25,23;22,20,16;22,16,14;13,11,8;13,8,6;13,6,5;13,5,1;31,30,23;23,22,14;14,13,1;1,31,23;1,23,14
P|A|Ramp1|48.348432,11.783316;48.348935,11.783221;48.349913,11.783048;48.350826,11.782890;48.351176,11.782836;48.351432,11.782788;48.351466,11.782790;48.351495,11.782805;48.351518,11.782836;48.351534,11.782881;48.351545,11.782936;48.351588,11.783459;48.351413,11.783677;48.351421,11.783774;48.351400,11.783777;48.351413,11.783904;48.351239,11.783933;48.351234,11.783871;48.351200,11.783876;48.351194,11.783803;48.351136,11.783822;48.351124,11.783650;48.351059,11.783584;48.350987,11.783680;48.351000,11.783899;48.350846,11.783927;48.350833,11.783724;48.350739,11.783660;48.350645,11.783770;48.350653,11.783928;48.350550,11.783947;48.350553,11.783970;48.350408,11.783999;48.350402,11.783915;48.350335,11.783930;48.350316,11.783739;48.350217,11.783661;48.350070,11.783912;48.350088,11.784147;48.349941,11.784175;48.349932,11.784045;48.349856,11.784058;48.349841,11.783845;48.349744,11.783745;48.349585,11.783990;48.349603,11.784216;48.349457,11.784252;48.349446,11.784123;48.349363,11.784136;48.349348,11.783928;48.349252,11.783828;48.349157,11.783958;48.349172,11.784250;48.348959,11.784278;48.348951,11.784146;48.348871,11.784159;48.348864,11.783996;48.348778,11.783916;48.348729,11.783979;48.348744,11.784204;48.348597,11.784227;48.348585,11.784072;48.348490,11.784087;48.348463,11.783952;48.348398,11.783429;48.348397,11.783388;48.348403,11.783360;48.348417,11.783333|1,0,67;1,67,66;1,66,65;1,65,64;1,64,63;1,63,62;1,62,61;1,61,60;60,59,58;56,55,54;54,53,52;54,52,51;54,51,50;49,48,47;47,46,45;47,45,44;47,44,43;42,41,40;40,39,38;40,38,37;40,37,36;35,34,33;33,32,31;33,31,30;33,30,29;33,29,28;33,28,27;26,25,24;26,24,23;26,23,22;21,20,19;19,18,17;17,16,15;17,15,14;14,13,12;12,11,10;12,10,9;12,9,8;12,8,7;12,7,6;12,6,5;12,5,4;12,4,3;12,3,2;1,60,58;1,58,57;1,57,56;1,56,54;1,54,50;1,50,49;49,47,43;42,40,36;35,33,27;27,26,22;21,19,17;21,17,14;21,14,12;2,1,49;2,49,43;2,43,42;2,42,36;2,36,35;2,35,27;2,27,22;22,21,12;22,12,2
P|A|Ramp2|48.351080,11.791972;48.351140,11.791897;48.351171,11.791888;48.351135,11.791441;48.349814,11.791664;48.349790,11.791670;48.349753,11.791698;48.349798,11.792343;48.350423,11.792233;48.350409,11.792102;48.350438,11.792033;48.350502,11.792026;48.350513,11.792044;48.350525,11.792218;48.351068,11.792121|13,14,0;13,0,1;1,2,3;1,3,4;1,4,5;1,5,6;6,7,8;6,8,9;6,9,10;6,10,11;12,13,1;1,6,11;1,11,12
P|A|Ramp2|48.359287,11.792615;48.359248,11.792111;48.359174,11.792124;48.359036,11.791930;48.359026,11.791791;48.358959,11.791802;48.358949,11.791666;48.358898,11.791675;48.358894,11.791623;48.350150,11.793136;48.350125,11.793322;48.350061,11.793333;48.350079,11.793569;48.349814,11.793974;48.349848,11.794409;48.349860,11.794451;48.349883,11.794486;48.349905,11.794506;48.349935,11.794517;48.349966,11.794520;48.358731,11.793002;48.358771,11.792986;48.358809,11.792962|21,22,0;21,0,1;21,1,2;21,2,3;21,3,4;21,4,5;21,5,6;21,6,7;21,7,8;21,8,9;21,9,10;21,10,11;21,11,12;21,12,13;21,13,14;21,14,15;21,15,16;21,16,17;21,17,18;21,18,19;21,19,20
P|A|Ramp2|48.358726,11.795917;48.358789,11.796737;48.358804,11.796835;48.358823,11.797130;48.358526,11.797187;48.358432,11.796060;48.358439,11.796012;48.358455,11.795976;48.358489,11.795959|1,0,8;1,8,7;1,7,6;1,6,5;1,5,4;1,4,3;1,3,2
P|A|Ramp2|48.357471,11.796334;48.357461,11.796285;48.357442,11.796245;48.357418,11.796224;48.357388,11.796221;48.354017,11.796806;48.351929,11.797174;48.351903,11.797191;48.351884,11.797213;48.351850,11.797272;48.351836,11.797309;48.351906,11.798141;48.351972,11.798128;48.351978,11.798198;48.352080,11.798184;48.352107,11.798559;48.357407,11.797628;48.357378,11.797258;48.357398,11.797250;48.357381,11.797193;48.357368,11.797030;48.357437,11.797015;48.357469,11.797192;48.357544,11.797180;48.357549,11.797120;48.357536,11.797125|25,0,1;25,1,2;25,2,3;25,3,4;4,5,6;4,6,7;4,7,8;4,8,9;4,9,10;4,10,11;4,11,12;4,12,13;4,13,14;4,14,15;15,16,17;15,17,18;15,18,19;15,19,20;21,22,23;23,24,25;23,25,4;4,15,20;4,20,21;4,21,23
P|A|Ramp2|48.350487,11.798838;48.349817,11.798965;48.349784,11.798965;48.349757,11.798950;48.349735,11.798924;48.349723,11.798891;48.349715,11.798852;48.349706,11.798725;48.349688,11.798614;48.349634,11.798472;48.349618,11.798338;48.349619,11.798245;48.349639,11.798148;48.349689,11.798025;48.349729,11.797890;48.349739,11.797702;48.349724,11.797476;48.350308,11.797378;48.350399,11.797883;48.350435,11.798208|1,0,19;1,19,18;1,18,17;17,16,15;17,15,14;17,14,13;17,13,12;17,12,11;17,11,10;17,10,9;17,9,8;17,8,7;17,7,6;17,6,5;17,5,4;17,4,3;17,3,2;17,2,1
P|A|Ramp3|48.355844,11.799411;48.356072,11.798953;48.357442,11.798752;48.357455,11.798932;48.357534,11.798912;48.357540,11.799020;48.357591,11.799010;48.357598,11.799111;48.357666,11.799093;48.357684,11.799352;48.357640,11.799357;48.357683,11.799874;48.357428,11.799982;48.356957,11.800075;48.356891,11.800093;48.356828,11.800123;48.356763,11.800161;48.356698,11.800186;48.353662,11.800692;48.353618,11.800706;48.353527,11.800778;48.353482,11.800796;48.352155,11.801022;48.352123,11.801017;48.352094,11.800995;48.352075,11.800959;48.352067,11.800919;48.352020,11.800254;48.352029,11.800207;48.352113,11.800194;48.352118,11.800257;48.352195,11.800245;48.352162,11.799660;48.353652,11.799400;48.353887,11.799789|34,33,32;34,32,31;30,29,28;30,28,27;30,27,26;30,26,25;30,25,24;30,24,23;30,23,22;30,22,21;30,21,20;30,20,19;30,19,18;30,18,17;30,17,16;30,16,15;30,15,14;30,14,13;30,13,12;30,12,11;10,9,8;10,8,7;7,6,5;5,4,3;3,2,1;3,1,0;0,34,31;31,30,11;31,11,10;31,10,7;7,5,3;7,3,0;7,0,31
P|A|Ramp3|48.352328,11.802643;48.352294,11.802656;48.352267,11.802690;48.352248,11.802743;48.352243,11.802802;48.352284,11.803278;48.352294,11.803338;48.352317,11.803388;48.352351,11.803413;48.352387,11.803419;48.356591,11.802685;48.356648,11.802639;48.356661,11.802604;48.356669,11.802543;48.356668,11.802483;48.356620,11.801863;48.356614,11.801822;48.356600,11.801788;48.356579,11.801768;48.356552,11.801758;48.356519,11.801751;48.354580,11.802089;48.354517,11.802106;48.354462,11.802144;48.354330,11.802264;48.354285,11.802293;48.354237,11.802313|26,0,1;26,1,2;26,2,3;26,3,4;26,4,5;26,5,6;26,6,7;26,7,8;26,8,9;26,9,10;26,10,11;26,11,12;26,12,13;26,13,14;26,14,15;26,15,16;26,16,17;26,17,18;26,18,19;26,19,20;20,21,22;20,22,23;20,23,24;20,24,25;20,25,26
P|A|Ramp3|48.350142,11.803933;48.350153,11.804007;48.350182,11.804062;48.350224,11.804088;48.350267,11.804092;48.350862,11.803981;48.350780,11.803171;48.350463,11.798984;48.349885,11.799083;48.349842,11.799107;48.349811,11.799160;48.349801,11.799225;48.349800,11.799300|11,12,0;11,0,1;11,1,2;11,2,3;11,3,4;11,4,5;11,5,6;11,6,7;11,7,8;11,8,9;11,9,10
P|A|Schneedeponie SD 6|48.347169,11.810806;48.347702,11.810710;48.348411,11.809343;48.348395,11.808996;48.347041,11.809211|3,4,0;3,0,1;3,1,2
P|A|Vorfeld M3P|48.344823,11.748645;48.344845,11.748916;48.345622,11.748786;48.345600,11.748511|2,3,0;2,0,1
P|H|Hangar 1|48.348201,11.759949;48.348242,11.760523;48.348427,11.760490;48.348461,11.760952;48.348280,11.760981;48.348301,11.761264;48.347559,11.761387;48.347260,11.757288;48.347987,11.757168;48.348006,11.757423;48.348188,11.757393;48.348221,11.757851;48.348040,11.757881;48.348082,11.758452;48.348268,11.758421;48.348302,11.758884;48.348120,11.758914;48.348161,11.759475;48.348344,11.759445;48.348378,11.759917|0,19,18;0,18,17;16,15,14;16,14,13;12,11,10;12,10,9;9,8,7;9,7,6;6,5,4;4,3,2;4,2,1;1,0,17;17,16,13;13,12,9;13,9,6;6,4,1;6,1,17;6,17,13
P|H|Hangar 10|48.358691,11.797908;48.358974,11.801545;48.359335,11.801481;48.359052,11.797844|2,3,0;2,0,1
P|H|Hangar 3|48.347403,11.749728;48.347568,11.751901;48.346865,11.752022;48.346554,11.747927;48.347257,11.747807|0,4,3;0,3,2;0,2,1
P|H|Hangar 4|48.347056,11.745199;48.347216,11.747256;48.346502,11.747375;48.346348,11.745321|1,0,3;1,3,2
P|T|Flughafen München, Munich Airport Centre|48.353988,11.786583;48.354054,11.786493;48.354143,11.786478;48.354078,11.785569;48.353980,11.785585;48.353905,11.785512;48.353749,11.785540;48.353735,11.785367;48.353681,11.785377;48.353695,11.785550;48.353587,11.785569;48.353552,11.785655;48.353436,11.785674;48.353502,11.786583;48.353611,11.786565;48.353670,11.786639;48.353736,11.786628;48.353747,11.786769;48.353796,11.786761;48.353808,11.786922;48.353848,11.786915;48.353835,11.786754;48.353890,11.786744;48.353879,11.786603|23,0,1;1,2,3;1,3,4;1,4,5;1,5,6;6,7,8;6,8,9;6,9,10;6,10,11;11,12,13;11,13,14;11,14,15;11,15,16;16,17,18;18,19,20;18,20,21;21,22,23;23,1,6;23,6,11;23,11,16;23,16,18;23,18,21
P|T|General Aviation Terminal|48.357971,11.801406;48.357988,11.801633;48.357831,11.801661;48.357804,11.801307;48.357444,11.801369;48.357504,11.802150;48.357628,11.802129;48.357605,11.801820;48.357726,11.801799;48.357750,11.802106;48.357869,11.802085;48.357859,11.801956;48.358010,11.801929;48.358019,11.802053;48.358136,11.802032;48.358087,11.801386|14,15,0;14,0,1;14,1,2;2,3,4;4,5,6;4,6,7;4,7,8;8,9,10;8,10,11;8,11,12;12,13,14;12,14,2;12,2,4;12,4,8
P|T|Terminal 1|48.356002,11.784065;48.355054,11.784235;48.354823,11.784665;48.354399,11.784734;48.354113,11.784391;48.353170,11.784553;48.352935,11.784982;48.352672,11.785030;48.352501,11.785058;48.352228,11.784723;48.351277,11.784881;48.351067,11.785288;48.350621,11.785366;48.350359,11.785053;48.349470,11.785209;48.349453,11.784986;48.349245,11.785016;48.349231,11.784832;48.349209,11.784838;48.349221,11.784969;48.349111,11.784985;48.349122,11.785126;48.349089,11.785211;48.349060,11.785184;48.349094,11.785094;48.349084,11.784990;48.348691,11.785047;48.348662,11.784728;48.348894,11.784688;48.348866,11.784294;48.348915,11.784288;48.348941,11.784680;48.349194,11.784643;48.349201,11.784726;48.349293,11.784703;48.349259,11.784282;48.349246,11.784285;48.349254,11.784395;48.349214,11.784402;48.349206,11.784289;48.349253,11.784214;48.349319,11.784202;48.349324,11.784269;48.349314,11.784272;48.349342,11.784611;48.349694,11.784550;48.349668,11.784211;48.349656,11.784214;48.349664,11.784325;48.349624,11.784331;48.349616,11.784218;48.349663,11.784144;48.349770,11.784126;48.349775,11.784188;48.349767,11.784190;48.349792,11.784533;48.350297,11.784446;48.350272,11.784111;48.350259,11.784113;48.350268,11.784224;48.350228,11.784230;48.350219,11.784117;48.350266,11.784043;48.350374,11.784025;48.350379,11.784088;48.350370,11.784089;48.350396,11.784429;48.350420,11.784425;48.350401,11.784185;48.350388,11.784187;48.350382,11.784108;48.350441,11.784098;48.350447,11.784178;48.350436,11.784180;48.350454,11.784419;48.350729,11.784372;48.350704,11.784030;48.350691,11.784033;48.350699,11.784143;48.350659,11.784150;48.350651,11.784037;48.350698,11.783963;48.350805,11.783944;48.350810,11.784007;48.350802,11.784009;48.350827,11.784355;48.351158,11.784298;48.351132,11.783957;48.351120,11.783959;48.351128,11.784069;48.351088,11.784076;48.351079,11.783963;48.351127,11.783889;48.351234,11.783871;48.351239,11.783933;48.351230,11.783935;48.351256,11.784281;48.351491,11.784241;48.351466,11.783898;48.351453,11.783900;48.351461,11.784011;48.351421,11.784017;48.351413,11.783904;48.351460,11.783830;48.351568,11.783812;48.351572,11.783874;48.351564,11.783876;48.351590,11.784224;48.352175,11.784123;48.352149,11.783782;48.352136,11.783784;48.352145,11.783895;48.352105,11.783901;48.352097,11.783788;48.352142,11.783717;48.351704,11.783791;48.351642,11.782782;48.351889,11.782735;48.351957,11.783676;48.352188,11.783638;48.352193,11.783705;48.352251,11.783696;48.352256,11.783758;48.352247,11.783760;48.352273,11.784106;48.352606,11.784049;48.352580,11.783705;48.352567,11.783707;48.352576,11.783818;48.352536,11.783824;48.352527,11.783712;48.352574,11.783637;48.352682,11.783619;48.352687,11.783682;48.352678,11.783683;48.352704,11.784032;48.353034,11.783976;48.353008,11.783631;48.352995,11.783633;48.353004,11.783744;48.352964,11.783750;48.352956,11.783637;48.353003,11.783563;48.353110,11.783545;48.353115,11.783608;48.353106,11.783609;48.353133,11.783959;48.353465,11.783901;48.353439,11.783560;48.353426,11.783562;48.353435,11.783672;48.353395,11.783679;48.353386,11.783566;48.353434,11.783492;48.353541,11.783474;48.353546,11.783536;48.353538,11.783538;48.353563,11.783884;48.354068,11.783798;48.354042,11.783453;48.354029,11.783456;48.354037,11.783566;48.353998,11.783573;48.353989,11.783460;48.354036,11.783386;48.354144,11.783368;48.354149,11.783430;48.354140,11.783432;48.354166,11.783781;48.354496,11.783724;48.354471,11.783381;48.354458,11.783383;48.354466,11.783494;48.354426,11.783500;48.354418,11.783387;48.354465,11.783313;48.354573,11.783295;48.354577,11.783358;48.354569,11.783359;48.354595,11.783707;48.354901,11.783656;48.354879,11.783367;48.354852,11.783372;48.354762,11.782225;48.355081,11.782169;48.355193,11.781956;48.355205,11.781913;48.355209,11.781870;48.355142,11.781004;48.354854,11.781062;48.354839,11.780876;48.355127,11.780823;48.355048,11.779832;48.354762,11.779886;48.354748,11.779699;48.355034,11.779649;48.354975,11.778914;48.355078,11.778896;48.355061,11.778643;48.354670,11.778716;48.354655,11.778529;48.355136,11.778447;48.355161,11.778754;48.355302,11.778730;48.355340,11.779227;48.355674,11.779176;48.355688,11.779364;48.355354,11.779414;48.355430,11.780400;48.355767,11.780345;48.355778,11.780528;48.355444,11.780585;48.355520,11.781579;48.355858,11.781519;48.355869,11.781700;48.355534,11.781755;48.355537,11.781799;48.355542,11.781837;48.355553,11.781874;48.355665,11.782065;48.356085,11.781990;48.356175,11.783139;48.356079,11.783156;48.356102,11.783445;48.356385,11.783399;48.356360,11.783055;48.356347,11.783057;48.356355,11.783168;48.356315,11.783174;48.356307,11.783061;48.356354,11.782987;48.356462,11.782969;48.356466,11.783032;48.356458,11.783033;48.356484,11.783382;48.356813,11.783325;48.356788,11.782982;48.356775,11.782984;48.356783,11.783095;48.356743,11.783101;48.356735,11.782988;48.356782,11.782914;48.356890,11.782896;48.356895,11.782959;48.356886,11.782960;48.356912,11.783308;48.357413,11.783222;48.357387,11.782879;48.357374,11.782881;48.357383,11.782991;48.357343,11.782998;48.357335,11.782885;48.357382,11.782811;48.357489,11.782793;48.357494,11.782856;48.357486,11.782857;48.357511,11.783205;48.357841,11.783148;48.357817,11.782825;48.357804,11.782828;48.357812,11.782938;48.357772,11.782945;48.357764,11.782832;48.357811,11.782758;48.357919,11.782739;48.357923,11.782802;48.357915,11.782804;48.357939,11.783131;48.358042,11.783114;48.358025,11.782870;48.358013,11.782872;48.358004,11.782745;48.358066,11.782735;48.358074,11.782862;48.358066,11.782863;48.358083,11.783107;48.358331,11.783064;48.358338,11.783143;48.358355,11.783140;48.358325,11.782705;48.358303,11.782709;48.358310,11.782808;48.358265,11.782816;48.358259,11.782731;48.358305,11.782641;48.358359,11.782633;48.358364,11.782702;48.358357,11.782703;48.358390,11.783133;48.358428,11.783124;48.358475,11.783173;48.358484,11.783287;48.358444,11.783295;48.358437,11.783207;48.358344,11.783221;48.358348,11.783295;48.358313,11.783301;48.358320,11.783414;48.358168,11.783708;48.356949,11.783910;48.356714,11.784342;48.356292,11.784413|0,301,300;0,300,299;0,299,298;0,298,297;0,297,296;296,295,294;293,292,291;293,291,290;293,290,289;293,289,288;287,286,285;287,285,284;284,283,282;282,281,280;277,276,275;274,273,272;274,272,271;274,271,270;274,270,269;274,269,268;266,265,264;266,264,263;266,263,262;262,261,260;262,260,259;262,259,258;255,254,253;255,253,252;255,252,251;251,250,249;251,249,248;251,248,247;244,243,242;244,242,241;244,241,240;240,239,238;240,238,237;240,237,236;233,232,231;233,231,230;233,230,229;229,228,227;229,227,226;229,226,225;222,221,220;222,220,219;222,219,218;215,214,213;215,213,212;211,210,209;211,209,208;207,206,205;207,205,204;207,204,203;207,203,202;201,200,199;201,199,198;201,198,197;197,196,195;195,194,193;195,193,192;195,192,191;191,190,189;191,189,188;184,183,182;184,182,181;184,181,180;178,177,176;178,176,175;178,175,174;174,173,172;174,172,171;174,171,170;167,166,165;167,165,164;167,164,163;163,162,161;163,161,160;163,160,159;156,155,154;156,154,153;156,153,152;152,151,150;152,150,149;152,149,148;145,144,143;145,143,142;145,142,141;141,140,139;141,139,138;141,138,137;134,133,132;134,132,131;134,131,130;130,129,128;130,128,127;130,127,126;123,122,121;123,121,120;120,119,118;118,117,116;118,116,115;118,115,114;114,113,112;112,111,110;106,105,104;106,104,103;106,103,102;102,101,100;102,100,99;102,99,98;95,94,93;95,93,92;95,92,91;91,90,89;91,89,88;91,88,87;84,83,82;84,82,81;84,81,80;80,79,78;80,78,77;80,77,76;73,72,71;73,71,70;70,69,68;65,64,63;65,63,62;65,62,61;61,60,59;61,59,58;61,58,57;54,53,52;54,52,51;54,51,50;50,49,48;50,48,47;50,47,46;43,42,41;43,41,40;43,40,39;39,38,37;39,37,36;39,36,35;33,32,31;31,30,29;31,29,28;31,28,27;31,27,26;31,26,25;24,23,22;24,22,21;24,21,20;20,19,18;17,16,15;15,14,13;13,12,11;13,11,10;9,8,7;9,7,6;9,6,5;4,3,2;4,2,1;4,1,0;4,0,296;4,296,294;294,293,288;284,282,280;284,280,279;275,274,268;266,262,258;266,258,257;255,251,247;255,247,246;244,240,236;244,236,235;233,229,225;233,225,224;223,222,218;212,211,208;212,208,207;212,207,202;202,201,197;202,197,195;202,195,191;202,191,188;202,188,187;185,184,180;178,174,170;178,170,169;167,163,159;167,159,158;156,152,148;156,148,147;145,141,137;145,137,136;134,130,126;134,126,125;124,123,120;120,118,114;114,112,110;114,110,109;106,102,98;106,98,97;95,91,87;95,87,86;84,80,76;84,76,75;73,70,68;73,68,67;65,61,57;65,57,56;54,50,46;54,46,45;43,39,35;43,35,34;33,31,25;25,24,20;25,20,18;17,15,13;17,13,10;17,10,9;17,9,5;17,5,4;17,4,294;287,284,279;287,279,278;277,275,268;277,268,267;267,266,257;256,255,246;245,244,235;245,235,234;234,233,224;215,212,202;215,202,187;215,187,186;215,186,185;215,185,180;179,178,169;179,169,168;168,167,158;168,158,157;157,156,147;146,145,136;135,134,125;124,120,114;124,114,109;124,109,108;124,108,107;107,106,97;96,95,86;96,86,85;85,84,75;85,75,74;74,73,67;74,67,66;66,65,56;66,56,55;55,54,45;55,45,44;44,43,34;34,33,25;34,25,18;34,18,17;34,17,294;288,287,278;277,267,257;277,257,256;277,256,246;277,246,245;277,245,234;277,234,224;277,224,223;216,215,180;180,179,168;180,168,157;180,157,147;180,147,146;180,146,136;180,136,135;180,135,125;180,125,124;180,124,107;180,107,97;180,97,96;180,96,85;180,85,74;74,66,55;74,55,44;74,44,34;74,34,294;294,288,278;294,278,277;294,277,223;217,216,180;180,74,294;180,294,223;180,223,218;180,218,217
P|T|Terminal 2|48.358641,11.791826;48.358534,11.791844;48.358512,11.791565;48.358204,11.791618;48.358225,11.791900;48.358143,11.791915;48.358121,11.791633;48.357974,11.791659;48.357995,11.791930;48.357912,11.791944;48.357891,11.791673;48.357558,11.791730;48.357579,11.792008;48.357489,11.792024;48.357468,11.791748;48.357177,11.791798;48.357198,11.792064;48.357116,11.792078;48.357096,11.791810;48.356962,11.791833;48.356982,11.792096;48.356897,11.792110;48.356877,11.791846;48.356600,11.791894;48.356619,11.792156;48.356533,11.792171;48.356513,11.791909;48.356194,11.791964;48.356214,11.792228;48.356122,11.792244;48.356102,11.791979;48.355717,11.792049;48.355736,11.792312;48.355651,11.792326;48.355630,11.792054;48.355304,11.792117;48.355324,11.792390;48.355241,11.792405;48.355220,11.792129;48.355028,11.792162;48.355049,11.792434;48.354969,11.792448;48.354948,11.792176;48.354666,11.792225;48.354687,11.792502;48.354587,11.792519;48.354566,11.792237;48.354281,11.792286;48.354301,11.792548;48.354195,11.792566;48.354175,11.792310;48.353911,11.792355;48.353932,11.792624;48.353849,11.792639;48.353825,11.792331;48.353782,11.792338;48.353817,11.792800;48.353514,11.792853;48.353477,11.792377;48.353236,11.792419;48.353261,11.792750;48.353145,11.792770;48.353121,11.792441;48.352797,11.792497;48.352821,11.792808;48.352722,11.792825;48.352698,11.792511;48.352387,11.792565;48.352412,11.792902;48.352330,11.792916;48.352303,11.792568;48.352114,11.792600;48.352139,11.792934;48.352062,11.792947;48.352036,11.792617;48.351746,11.792667;48.351771,11.793000;48.351679,11.793015;48.351653,11.792675;48.351387,11.792720;48.351356,11.792726;48.351384,11.793094;48.351305,11.793107;48.351277,11.792743;48.351157,11.792764;48.351184,11.793117;48.351097,11.793132;48.351070,11.792776;48.350787,11.792825;48.350815,11.793187;48.350716,11.793204;48.350689,11.792851;48.350321,11.792914;48.350348,11.793262;48.350253,11.793278;48.350227,11.792936;48.349884,11.792995;48.349905,11.793278;48.349819,11.793293;48.349787,11.792882;48.350026,11.792841;48.350004,11.792544;48.352665,11.792079;48.352644,11.791815;48.351906,11.791944;48.351894,11.791781;48.352630,11.791646;48.353399,11.791525;48.353254,11.789652;48.354801,11.789394;48.354934,11.791269;48.356425,11.791012;48.356438,11.791193;48.355685,11.791323;48.355703,11.791556;48.358394,11.791092;48.358418,11.791401;48.358607,11.791368|1,0,117;116,115,114;113,112,111;113,111,110;110,109,108;110,108,107;107,106,105;107,105,104;107,104,103;107,103,102;102,101,100;99,98,97;99,97,96;99,96,95;95,94,93;95,93,92;91,90,89;91,89,88;87,86,85;87,85,84;87,84,83;83,82,81;83,81,80;78,77,76;78,76,75;78,75,74;74,73,72;74,72,71;70,69,68;70,68,67;70,67,66;66,65,64;66,64,63;66,63,62;62,61,60;62,60,59;58,57,56;58,56,55;58,55,54;54,53,52;54,52,51;54,51,50;50,49,48;50,48,47;46,45,44;46,44,43;46,43,42;42,41,40;42,40,39;42,39,38;38,37,36;38,36,35;38,35,34;34,33,32;34,32,31;34,31,30;30,29,28;30,28,27;30,27,26;26,25,24;26,24,23;26,23,22;22,21,20;22,20,19;22,19,18;18,17,16;18,16,15;18,15,14;14,13,12;14,12,11;10,9,8;10,8,7;6,5,4;6,4,3;2,1,117;2,117,116;2,116,114;114,113,110;114,110,107;114,107,102;114,102,100;100,99,95;100,95,92;100,92,91;100,91,88;100,88,87;100,87,83;100,83,80;100,80,79;100,79,78;100,78,74;100,74,71;100,71,70;100,70,66;100,66,62;100,62,59;100,59,58;54,50,47;54,47,46;54,46,42;54,42,38;54,38,34;54,34,30;54,30,26;54,26,22;54,22,18;54,18,14;54,14,11;54,11,10;54,10,7;54,7,6;54,6,3;54,3,2;54,2,114;114,100,58;114,58,54
P|T|Terminal 2 Satellit|48.351974,11.798802;48.352013,11.799321;48.351950,11.799332;48.352002,11.800019;48.352089,11.800004;48.352086,11.799966;48.352122,11.799960;48.352119,11.799923;48.352134,11.799921;48.352132,11.799895;48.352087,11.799902;48.352085,11.799884;48.352174,11.799869;48.352179,11.799928;48.352202,11.799924;48.352198,11.799868;48.352237,11.799861;48.352235,11.799834;48.352228,11.799836;48.352226,11.799803;48.352076,11.799829;48.352053,11.799522;48.352799,11.799393;48.352833,11.799844;48.352910,11.799830;48.352906,11.799778;48.352943,11.799772;48.352941,11.799737;48.353023,11.799723;48.353019,11.799670;48.352939,11.799684;48.352929,11.799545;48.352915,11.799547;48.352901,11.799359;48.353595,11.799239;48.353616,11.799507;48.353577,11.799514;48.353594,11.799743;48.353691,11.799726;48.353674,11.799499;48.353651,11.799503;48.353630,11.799230;48.353817,11.799198;48.353861,11.799769;48.353895,11.799763;48.353899,11.799811;48.353975,11.799798;48.353982,11.799884;48.354083,11.799867;48.354080,11.799835;48.354075,11.799836;48.354069,11.799770;48.354038,11.799776;48.354037,11.799758;48.354017,11.799762;48.354014,11.799723;48.353964,11.799732;48.353965,11.799749;48.353914,11.799758;48.353913,11.799739;48.353894,11.799742;48.353852,11.799194;48.353868,11.799191;48.353902,11.799636;48.354410,11.799548;48.354415,11.799612;48.354590,11.799582;48.354600,11.799711;48.354511,11.799727;48.354507,11.799684;48.354372,11.799707;48.354383,11.799847;48.354418,11.799841;48.354416,11.799820;48.354514,11.799803;48.354510,11.799747;48.354616,11.799729;48.354605,11.799580;48.354643,11.799574;48.354654,11.799708;48.354799,11.799683;48.354802,11.799715;48.354783,11.799718;48.354785,11.799737;48.354801,11.799734;48.354802,11.799755;48.354878,11.799742;48.354877,11.799724;48.354939,11.799713;48.354931,11.799614;48.354792,11.799638;48.354794,11.799657;48.354678,11.799677;48.354670,11.799569;48.355045,11.799504;48.355054,11.799616;48.355216,11.799588;48.355222,11.799669;48.355362,11.799645;48.355353,11.799532;48.355069,11.799581;48.355063,11.799501;48.355247,11.799469;48.355241,11.799398;48.355750,11.799310;48.355717,11.798873;48.355764,11.798865;48.355807,11.799422;48.355734,11.799435;48.355736,11.799457;48.355630,11.799475;48.355632,11.799500;48.355594,11.799507;48.355602,11.799610;48.355747,11.799584;48.355741,11.799494;48.355764,11.799490;48.355764,11.799479;48.355848,11.799465;48.355801,11.798858;48.356106,11.798806;48.356140,11.799249;48.356200,11.799238;48.356199,11.799224;48.356234,11.799217;48.356232,11.799189;48.356265,11.799183;48.356263,11.799154;48.356314,11.799145;48.356310,11.799093;48.356242,11.799105;48.356231,11.798965;48.356219,11.798967;48.356205,11.798780;48.356876,11.798663;48.356905,11.799048;48.356913,11.799046;48.356920,11.799129;48.357022,11.799111;48.357020,11.799093;48.356992,11.799098;48.356989,11.799058;48.357044,11.799049;48.357042,11.799021;48.357095,11.799012;48.357090,11.798953;48.357027,11.798964;48.357017,11.798831;48.357003,11.798833;48.356989,11.798644;48.357495,11.798557;48.357447,11.797931;48.357493,11.797923;48.357462,11.797525;48.357515,11.797516;48.357502,11.797346;48.357409,11.797362;48.357449,11.797854;48.357255,11.797887;48.357231,11.797567;48.357286,11.797558;48.357275,11.797404;48.357262,11.797406;48.357171,11.797422;48.357182,11.797564;48.357196,11.797562;48.357221,11.797893;48.356868,11.797954;48.356844,11.797635;48.356887,11.797628;48.356891,11.797677;48.356910,11.797674;48.356904,11.797604;48.356888,11.797607;48.356886,11.797573;48.356881,11.797574;48.356871,11.797447;48.356778,11.797463;48.356785,11.797546;48.356789,11.797545;48.356797,11.797644;48.356805,11.797642;48.356830,11.797961;48.356506,11.798017;48.356483,11.797710;48.356530,11.797702;48.356534,11.797744;48.356550,11.797741;48.356545,11.797679;48.356526,11.797682;48.356521,11.797627;48.356519,11.797628;48.356510,11.797512;48.356416,11.797528;48.356422,11.797613;48.356435,11.797610;48.356467,11.798024;48.356109,11.798086;48.356085,11.797771;48.356126,11.797764;48.356129,11.797802;48.356163,11.797796;48.356158,11.797728;48.356125,11.797733;48.356119,11.797651;48.356114,11.797652;48.356109,11.797579;48.356016,11.797595;48.356029,11.797770;48.356043,11.797768;48.356068,11.798093;48.355600,11.798174;48.355576,11.797861;48.355621,11.797853;48.355628,11.797941;48.355659,11.797936;48.355651,11.797827;48.355633,11.797830;48.355621,11.797672;48.355516,11.797690;48.355554,11.798182;48.355080,11.798264;48.355056,11.797944;48.355080,11.797940;48.355076,11.797897;48.355071,11.797898;48.355058,11.797726;48.355049,11.797728;48.355043,11.797653;48.354952,11.797669;48.354959,11.797758;48.354917,11.797765;48.354931,11.797952;48.355015,11.797938;48.355041,11.798271;48.354496,11.798365;48.354471,11.798047;48.354523,11.798038;48.354510,11.797869;48.354507,11.797869;48.354506,11.797849;48.354413,11.797865;48.354428,11.798057;48.354434,11.798056;48.354458,11.798372;48.353967,11.798457;48.353942,11.798133;48.353984,11.798125;48.353969,11.797926;48.353961,11.797927;48.353952,11.797819;48.353940,11.797821;48.353944,11.797866;48.353839,11.797884;48.353858,11.798144;48.353904,11.798136;48.353929,11.798464;48.353490,11.798540;48.353465,11.798223;48.353518,11.798213;48.353504,11.798031;48.353455,11.798040;48.353452,11.798007;48.353437,11.798009;48.353439,11.798029;48.353415,11.798033;48.353430,11.798221;48.353433,11.798221;48.353458,11.798545;48.353107,11.798606;48.353083,11.798292;48.353124,11.798285;48.353120,11.798230;48.353137,11.798227;48.353135,11.798205;48.353121,11.798207;48.353118,11.798170;48.353104,11.798172;48.353099,11.798098;48.353034,11.798109;48.353072,11.798612;48.352742,11.798669;48.352718,11.798347;48.352765,11.798339;48.352762,11.798298;48.352780,11.798296;48.352777,11.798266;48.352768,11.798268;48.352762,11.798191;48.352753,11.798193;48.352750,11.798157;48.352653,11.798174;48.352660,11.798262;48.352664,11.798261;48.352671,11.798352;48.352679,11.798351;48.352704,11.798676;48.352371,11.798733;48.352346,11.798411;48.352396,11.798402;48.352400,11.798447;48.352434,11.798441;48.352430,11.798382;48.352404,11.798386;48.352404,11.798393;48.352395,11.798395;48.352392,11.798357;48.352389,11.798357;48.352377,11.798228;48.352373,11.798229;48.352282,11.798244;48.352320,11.798742|311,0,1;1,2,3;1,3,4;1,4,5;5,6,7;7,8,9;7,9,10;12,13,14;12,14,15;12,15,16;12,16,17;12,17,18;12,18,19;12,19,20;22,23,24;22,24,25;22,25,26;22,26,27;27,28,29;27,29,30;27,30,31;27,31,32;35,36,37;35,37,38;38,39,40;42,43,44;44,45,46;46,47,48;48,49,50;50,51,52;52,53,54;54,55,56;54,56,57;54,57,58;58,59,60;62,63,64;64,65,66;68,69,70;68,70,71;71,72,73;73,74,75;81,82,83;81,83,84;81,84,85;81,85,86;81,86,87;81,87,88;81,88,89;89,90,91;96,97,98;96,98,99;96,99,100;101,102,103;103,104,105;107,108,109;109,110,111;111,112,113;111,113,114;111,114,115;111,115,116;111,116,117;111,117,118;120,121,122;120,122,123;120,123,124;120,124,125;120,125,126;120,126,127;127,128,129;127,129,130;130,131,132;134,135,136;137,138,139;137,139,140;137,140,141;141,142,143;143,144,145;143,145,146;146,147,148;149,150,151;151,152,153;153,154,155;153,155,156;153,156,157;159,160,161;159,161,162;159,162,163;163,164,165;169,170,171;169,171,172;169,172,173;169,173,174;169,174,175;175,176,177;177,178,179;179,180,181;185,186,187;185,187,188;185,188,189;189,190,191;191,192,193;193,194,195;199,200,201;199,201,202;199,202,203;199,203,204;199,204,205;205,206,207;205,207,208;205,208,209;213,214,215;213,215,216;213,216,217;213,217,218;213,218,219;222,223,224;222,224,225;222,225,226;222,226,227;222,227,228;222,228,229;222,229,230;222,230,231;231,232,233;236,237,238;236,238,239;236,239,240;236,240,241;236,241,242;236,242,243;236,243,244;246,247,248;246,248,249;246,249,250;250,251,252;252,253,254;252,254,255;252,255,256;258,259,260;258,260,261;258,261,262;258,262,263;258,263,264;258,264,265;265,266,267;270,271,272;272,273,274;272,274,275;272,275,276;272,276,277;277,278,279;282,283,284;284,285,286;284,286,287;284,287,288;284,288,289;289,290,291;289,291,292;289,292,293;289,293,294;289,294,295;299,300,301;299,301,302;302,303,304;305,306,307;307,308,309;307,309,310;5,7,10;5,10,11;11,12,20;22,27,32;22,32,33;34,35,38;34,38,40;34,40,41;46,48,50;46,50,52;46,52,54;46,54,58;62,64,66;68,71,73;68,73,75;68,75,76;80,81,89;80,89,91;80,91,92;95,96,100;95,100,101;101,103,105;109,111,118;120,127,130;120,130,132;120,132,133;136,137,141;136,141,143;136,143,146;136,146,148;136,148,149;151,153,157;151,157,158;158,159,163;158,163,165;158,165,166;158,166,167;168,169,175;168,175,177;168,177,179;168,179,181;168,181,182;184,185,189;184,189,191;184,191,193;184,193,195;184,195,196;198,199,205;198,205,209;198,209,210;212,213,219;212,219,220;222,231,233;222,233,234;235,236,244;235,244,245;246,250,252;246,252,256;257,258,265;257,265,267;257,267,268;257,268,269;270,272,277;270,277,279;270,279,280;282,284,289;282,289,295;282,295,296;299,302,304;299,304,305;299,305,307;299,307,310;5,11,20;5,20,21;21,22,33;33,34,41;44,46,58;44,58,60;44,60,61;67,68,76;67,76,77;79,80,92;79,92,93;94,95,101;94,101,105;107,109,118;107,118,119;119,120,133;134,136,149;134,149,151;134,151,158;134,158,167;134,167,168;134,168,182;134,182,183;183,184,196;197,198,210;211,212,220;211,220,221;221,222,234;245,246,256;269,270,280;281,282,296;298,299,310;298,310,311;1,5,21;1,21,33;1,33,41;1,41,42;42,44,61;42,61,62;66,67,77;66,77,78;78,79,93;93,94,105;106,107,119;106,119,133;133,134,183;133,183,196;133,196,197;133,197,210;133,210,211;133,211,221;133,221,234;133,234,235;133,235,245;133,245,256;133,256,257;133,257,269;133,269,280;133,280,281;133,281,296;133,296,297;297,298,311;297,311,1;297,1,42;297,42,62;62,66,78;62,78,93;62,93,105;62,105,106;62,106,133;62,133,297
P|T|Terminal F|48.357059,11.790359;48.357079,11.790628;48.356986,11.790657;48.356956,11.790681;48.356929,11.790713;48.356909,11.790746;48.356889,11.790796;48.356876,11.790854;48.356874,11.790929;48.356888,11.791118;48.356954,11.791107;48.356939,11.790911;48.356942,11.790866;48.356957,11.790819;48.356977,11.790778;48.357005,11.790749;48.357033,11.790736;48.357086,11.790725;48.357100,11.790917;48.357156,11.790907;48.357163,11.790982;48.357211,11.791049;48.357219,11.791150;48.358455,11.790929;48.358450,11.790826;48.358485,11.790775;48.358478,11.790626;48.358524,11.790615;48.358514,11.790470;48.358557,11.790461;48.358603,11.790474;48.358642,11.790506;48.358670,11.790562;48.358685,11.790648;48.358696,11.790811;48.358772,11.790798;48.358760,11.790632;48.358747,11.790539;48.358724,11.790464;48.358689,11.790403;48.358652,11.790368;48.358604,11.790341;48.358553,11.790341;48.358499,11.790349;48.358483,11.790104;48.358179,11.790154|44,45,0;44,0,1;1,2,3;1,3,4;1,4,5;1,5,6;1,6,7;7,8,9;7,9,10;7,10,11;7,11,12;7,12,13;7,13,14;7,14,15;17,18,19;19,20,21;21,22,23;21,23,24;21,24,25;21,25,26;26,27,28;33,34,35;33,35,36;33,36,37;33,37,38;33,38,39;33,39,40;40,41,42;40,42,43;43,44,1;1,7,15;1,15,16;1,16,17;1,17,19;1,19,21;1,21,26;1,26,28;1,28,29;32,33,40;40,43,1;40,1,29;40,29,30;40,30,31;40,31,32
