H|gnd|1|LIRF
M|osm|2026-05-31T22:37:44Z|ODbL|openstreetmap.org/copyright
A|LIRF|41.804530|12.252000|23.0|osm
N|0|41.815523|12.226362||
N|1|41.814893|12.226639|X|
N|2|41.814445|12.226835|X|
N|3|41.807177|12.229849|X|
N|4|41.801106|12.232425|X|
N|5|41.799562|12.233071||
N|6|41.797429|12.233938|X|
N|7|41.796719|12.234235|X|
N|8|41.793829|12.235465|X|
N|9|41.793122|12.235765|X|
N|10|41.783028|12.239981|X|
N|11|41.782969|12.240006|X|
N|12|41.782013|12.240406||
N|13|41.783623|12.243014||
N|14|41.786655|12.241750||
N|15|41.787040|12.241589||
N|16|41.787392|12.241442|HT|A1
N|17|41.788745|12.240868||
N|18|41.789265|12.240655||
N|19|41.789664|12.240485||
N|20|41.790062|12.240325||
N|21|41.790816|12.240003|HT|A2
N|22|41.792079|12.239463||
N|23|41.792580|12.239254||
N|24|41.792794|12.239164||
N|25|41.793158|12.239020||
N|26|41.793524|12.238866||
N|27|41.793850|12.238733||
N|28|41.794886|12.238302|HT|A3
N|29|41.796232|12.237735||
N|30|41.797042|12.237394||
N|31|41.797583|12.237167|HT|A4
N|32|41.797702|12.237118||
N|33|41.798229|12.236899||
N|34|41.798666|12.236723||
N|35|41.799156|12.236510||
N|36|41.799620|12.236309|HR|A Sud
N|37|41.799882|12.236200||
N|38|41.800390|12.235986|X|
N|39|41.801136|12.235672|HR|A Nord
N|40|41.804469|12.234292|HT|A5
N|41|41.806029|12.233634||
N|42|41.808190|12.232717||
N|43|41.811109|12.231512|HT|A6
N|44|41.813709|12.230420||
N|45|41.789957|12.238888|HR|
N|46|41.789584|12.239417||
N|47|41.808106|12.230988|HR|
N|48|41.796870|12.249672||
N|49|41.797139|12.249542||
N|50|41.797524|12.249340||
N|51|41.797919|12.249133||
N|52|41.798298|12.248946||
N|53|41.799704|12.248242||
N|54|41.800329|12.247962||
N|55|41.800374|12.247940||
N|56|41.801139|12.247736||
N|57|41.801275|12.247742|HT|R1
N|58|41.801777|12.247730||
N|59|41.844684|12.262045|X|
N|60|41.845987|12.259463|HR|
N|61|41.843936|12.259122||
N|62|41.804335|12.264232||
N|63|41.803804|12.263724||
N|64|41.803331|12.263805|HT|EG1
N|65|41.803125|12.263906||
N|66|41.802269|12.264163||
N|67|41.802068|12.264084||
N|68|41.801287|12.263601||
N|69|41.801179|12.263534||
N|70|41.800788|12.263289||
N|71|41.800593|12.263168||
N|72|41.800370|12.263031||
N|73|41.799545|12.262528||
N|74|41.799506|12.262504||
N|75|41.799015|12.262199||
N|76|41.798406|12.261837||
N|77|41.797850|12.261484||
N|78|41.812476|12.275510||
N|79|41.813878|12.274924|X|
N|80|41.815949|12.274058|X|
N|81|41.823552|12.270880|X|
N|82|41.828467|12.268826|X|
N|83|41.830150|12.268122|X|
N|84|41.834994|12.266097|X|
N|85|41.843580|12.262507|X|
N|86|41.845916|12.261551||
N|87|41.813728|12.273454|HR|
N|88|41.812290|12.272363|HR|D5
N|89|41.818980|12.270923|HR|
N|90|41.818889|12.270894||
N|91|41.818685|12.270834||
N|92|41.816195|12.270729||
N|93|41.829220|12.268456||
N|94|41.826400|12.268509||
N|95|41.825422|12.268207|HR|
N|96|41.822348|12.268155||
N|97|41.831488|12.266385||
N|98|41.830497|12.266087|HR|
N|99|41.827701|12.265910||
N|100|41.844876|12.260389|HR|
N|101|41.838618|12.262697|HR|
N|102|41.838036|12.261591||
N|103|41.832172|12.265391|HR|
N|104|41.832291|12.264295||
N|105|41.832066|12.264090||
N|106|41.831825|12.264002||
N|107|41.827089|12.267512|HR|
N|108|41.827227|12.267311||
N|109|41.826326|12.266492||
N|110|41.837612|12.261769||
N|111|41.836017|12.262437||
N|112|41.834560|12.263046||
N|113|41.832381|12.263958||
N|114|41.831818|12.264193||
N|115|41.831054|12.264513||
N|116|41.827608|12.265943||
N|117|41.820557|12.268896|HT|D7
N|118|41.819083|12.269520||
N|119|41.818286|12.269859||
N|120|41.815553|12.270998|HT|D6
N|121|41.811038|12.272882||
N|122|41.810806|12.272979||
N|123|41.810348|12.273178||
N|124|41.808791|12.273450|HR|D4
N|125|41.806491|12.272073||
N|126|41.806198|12.270984||
N|127|41.806130|12.270835||
N|128|41.806027|12.270456||
N|129|41.805890|12.269854||
N|130|41.805791|12.269497||
N|131|41.805088|12.266955|HT|D3
N|132|41.804355|12.264304|HT|D2
N|133|41.804067|12.263257||
N|134|41.803803|12.262300||
N|135|41.803727|12.262026||
N|136|41.803659|12.261779||
N|137|41.803515|12.261257||
N|138|41.803389|12.260803||
N|139|41.803156|12.259959||
N|140|41.801950|12.255589|HT|D1
N|141|41.801522|12.254029||
N|142|41.801458|12.253803||
N|143|41.801292|12.253212||
N|144|41.801163|12.252745||
N|145|41.801053|12.252346||
N|146|41.800996|12.252100||
N|147|41.801001|12.250500||
N|148|41.811170|12.273373||
N|149|41.810635|12.272796||
N|150|41.810430|12.272421||
N|151|41.810253|12.271840||
N|152|41.809784|12.270085||
N|153|41.809625|12.269481|X|
N|154|41.800608|12.236793|X|
N|155|41.801748|12.240947|X|
N|156|41.803849|12.248530|X|
N|157|41.804887|12.252311|X|
N|158|41.805609|12.254931|X|
N|159|41.809563|12.269259|X|
N|160|41.789331|12.241122||
N|161|41.789360|12.241337|HT|Y1
N|162|41.789392|12.241621||
N|163|41.789414|12.241786||
N|164|41.789520|12.242490||
N|165|41.789559|12.242645||
N|166|41.789677|12.243091||
N|167|41.789782|12.243464||
N|168|41.789827|12.243623||
N|169|41.789941|12.244040||
N|170|41.789677|12.246289||
N|171|41.789278|12.246355||
N|172|41.788804|12.246430||
N|173|41.788401|12.246495||
N|174|41.788184|12.246530||
N|175|41.788003|12.246559||
N|176|41.787597|12.246620||
N|177|41.814742|12.228196|HR|
N|178|41.806241|12.233153|HR|
N|179|41.802022|12.250026||
N|180|41.801488|12.251838|HT|G1
N|181|41.801009|12.253184||
N|182|41.800894|12.253511||
N|183|41.800769|12.253865||
N|184|41.800307|12.255156||
N|185|41.800179|12.255530||
N|186|41.800129|12.255665||
N|187|41.800015|12.255991||
N|188|41.799249|12.258187||
N|189|41.799119|12.258549||
N|190|41.799014|12.258840||
N|191|41.798859|12.259316||
N|192|41.798650|12.259904||
N|193|41.798439|12.260498||
N|194|41.798241|12.261058||
N|195|41.807681|12.271145||
N|196|41.809148|12.270912|HR|
N|197|41.831046|12.263770||
N|198|41.799902|12.247612||
N|199|41.799454|12.246013||
N|200|41.799045|12.244529||
N|201|41.799028|12.244463||
N|202|41.798997|12.244347||
N|203|41.798777|12.244059||
N|204|41.798676|12.244010||
N|205|41.798350|12.243744||
N|206|41.798325|12.243660||
N|207|41.798105|12.242852||
N|208|41.798031|12.242560||
N|209|41.797757|12.241530||
N|210|41.797511|12.240636||
N|211|41.797122|12.239227||
N|212|41.796833|12.238216|HT|M1
N|213|41.796788|12.238052||
N|214|41.796568|12.238836||
N|215|41.795515|12.239353||
N|216|41.794857|12.239678||
N|217|41.793851|12.240173||
N|218|41.793622|12.240343||
N|219|41.793521|12.240412||
N|220|41.793177|12.240590||
N|221|41.793078|12.240639||
N|222|41.792516|12.240908||
N|223|41.792107|12.241103||
N|224|41.791490|12.241399||
N|225|41.790879|12.241692||
N|226|41.790260|12.241989||
N|227|41.789981|12.242122||
N|228|41.789674|12.243058||
N|229|41.801246|12.253692||
N|230|41.801296|12.253718||
N|231|41.801708|12.253928||
N|232|41.798413|12.237558||
N|233|41.800568|12.236644|X|
N|234|41.799927|12.255733||
N|235|41.799653|12.255559||
N|236|41.799482|12.255446||
N|237|41.799335|12.255354||
N|238|41.798552|12.254864||
N|239|41.798172|12.254627||
N|240|41.797788|12.254387||
N|241|41.797399|12.254144||
N|242|41.797142|12.253983||
N|243|41.800083|12.255270||
N|244|41.799820|12.255102||
N|245|41.799643|12.254991||
N|246|41.799503|12.254907||
N|247|41.799503|12.254907||
N|248|41.799297|12.254772||
N|249|41.798795|12.254450||
N|250|41.798374|12.254189||
N|251|41.797924|12.253906||
N|252|41.797469|12.253621||
N|253|41.807582|12.270790||
N|254|41.807390|12.270563||
N|255|41.809890|12.271990||
N|256|41.811642|12.274318|HR|
N|257|41.799331|12.232214||
N|258|41.842733|12.259619||
N|259|41.809442|12.272180||
N|260|41.811983|12.271127|HR|C1
N|261|41.816946|12.269080||
N|262|41.826569|12.265010||
N|263|41.830184|12.263564|HT|CD1
N|264|41.808610|12.272526|HR|
N|265|41.805310|12.271506||
N|266|41.804308|12.271997||
N|267|41.805107|12.270758||
N|268|41.804107|12.271250||
N|269|41.805006|12.270395||
N|270|41.804005|12.270886||
N|271|41.804919|12.270073||
N|272|41.803915|12.270566||
N|273|41.805519|12.270394||
N|274|41.805068|12.270617||
N|275|41.804236|12.272166||
N|276|41.805221|12.270363||
N|277|41.805790|12.270430||
N|278|41.805679|12.270415||
N|279|41.805337|12.270383||
N|280|41.805692|12.270151||
N|281|41.805628|12.270241||
N|282|41.805403|12.270542||
N|283|41.805356|12.270601||
N|284|41.805228|12.271195||
N|285|41.807516|12.270568||
N|286|41.807962|12.270455||
N|287|41.807373|12.270049||
N|288|41.808894|12.270014|HR|
N|289|41.806527|12.270469||
N|290|41.806438|12.270459||
N|291|41.806787|12.270497|HT|DM1
N|292|41.807058|12.270525||
N|293|41.807315|12.269829||
N|294|41.827156|12.265555||
N|295|41.817971|12.269302||
N|296|41.805333|12.262696||
N|297|41.807095|12.269029|HT|B4
N|298|41.807765|12.271444||
N|299|41.795928|12.256441||
N|300|41.796258|12.256650||
N|301|41.796627|12.256886||
N|302|41.797001|12.257121||
N|303|41.797416|12.257384||
N|304|41.797877|12.257676||
N|305|41.798356|12.257963||
N|306|41.798433|12.258019||
N|307|41.798539|12.258150||
N|308|41.798702|12.258283||
N|309|41.798767|12.258326||
N|310|41.798849|12.258382||
N|311|41.799414|12.258731||
N|312|41.801749|12.260160||
N|313|41.802289|12.260503||
N|314|41.802470|12.260605|HT|NG1
N|315|41.802659|12.260727||
N|316|41.803256|12.261097||
N|317|41.803448|12.261216||
N|318|41.797644|12.260689||
N|319|41.797713|12.260484|HT|H2
N|320|41.798105|12.259371||
N|321|41.798292|12.258851||
N|322|41.798470|12.258354||
N|323|41.798506|12.258245||
N|324|41.798677|12.257766||
N|325|41.799214|12.256230||
N|326|41.799405|12.255693||
N|327|41.799548|12.255260||
N|328|41.799575|12.255183||
N|329|41.799707|12.254809||
N|330|41.800111|12.253666||
N|331|41.800148|12.253562||
N|332|41.800396|12.252855||
N|333|41.800541|12.252426||
N|334|41.800596|12.252220||
N|335|41.800677|12.251914||
N|336|41.800843|12.251294||
N|337|41.800946|12.248326||
N|338|41.800710|12.247473||
N|339|41.800643|12.247234||
N|340|41.799825|12.244138||
N|341|41.799543|12.243167||
N|342|41.799323|12.242467||
N|343|41.799146|12.240921||
N|344|41.804499|12.253957||
N|345|41.803682|12.254354|HR|
N|346|41.802932|12.253977||
N|347|41.803289|12.255273||
N|348|41.798751|12.238778|HT|H1
N|349|41.798847|12.239157||
N|350|41.800563|12.253348||
N|351|41.800610|12.253372||
N|352|41.802552|12.254347|HT|P1
N|353|41.802588|12.254363||
N|354|41.802740|12.254431||
N|355|41.803078|12.254482||
N|356|41.799864|12.248044||
N|357|41.800817|12.251995||
N|358|41.800277|12.251652||
N|359|41.799295|12.251044||
N|360|41.798683|12.250662||
N|361|41.798088|12.250284||
N|362|41.797750|12.250067||
N|363|41.797612|12.249978||
N|364|41.797272|12.249759||
N|365|41.800920|12.252097||
N|366|41.802834|12.263480||
N|367|41.802981|12.263069||
N|368|41.803135|12.262628||
N|369|41.803163|12.262549||
N|370|41.803274|12.262230|HT|EA1
N|371|41.803353|12.262004||
N|372|41.803367|12.261965||
N|373|41.802828|12.263509||
N|374|41.803450|12.261336||
N|375|41.801128|12.262957||
N|376|41.801273|12.262529||
N|377|41.801488|12.261915||
N|378|41.801730|12.261213||
N|379|41.801902|12.260709||
N|380|41.799813|12.264890||
N|381|41.799507|12.263786||
N|382|41.799304|12.263057|HT|EH2
N|383|41.799257|12.262896||
N|384|41.791941|12.266707||
N|385|41.792735|12.264469||
N|386|41.792942|12.263792||
N|387|41.793964|12.260863||
N|388|41.794034|12.260668||
N|389|41.794066|12.260581||
N|390|41.794351|12.260265||
N|391|41.794582|12.260191|HT|NE1
N|392|41.797616|12.260786||
N|393|41.797497|12.261121||
N|394|41.797363|12.261420||
N|395|41.797292|12.261560||
N|396|41.796301|12.263162|HT|H3
N|397|41.794191|12.264755||
N|398|41.800544|12.252094||
N|399|41.802547|12.247408|HR|
N|400|41.802205|12.247572||
N|401|41.802041|12.247652||
N|402|41.801598|12.247065||
N|403|41.801888|12.248204||
N|404|41.799320|12.243796||
N|405|41.799216|12.243848||
N|406|41.798855|12.244018||
N|407|41.798500|12.244185||
N|408|41.798188|12.244347||
N|409|41.797564|12.244663||
N|410|41.796702|12.245099||
N|411|41.796319|12.245288||
N|412|41.795972|12.245458||
N|413|41.795569|12.245655||
N|414|41.795538|12.245670||
N|415|41.795201|12.245835||
N|416|41.799046|12.244161||
N|417|41.800372|12.242631||
N|418|41.799827|12.242225||
N|419|41.799761|12.242256|HT|T1
N|420|41.799694|12.242289||
N|421|41.798592|12.242847||
N|422|41.798535|12.242881||
N|423|41.797900|12.243566||
N|424|41.796819|12.244101||
N|425|41.795950|12.244530||
N|426|41.795391|12.245325||
N|427|41.800633|12.240001|HR|
N|428|41.800258|12.240194||
N|429|41.815594|12.228218|HR|
N|430|41.797100|12.239159||
N|431|41.797791|12.235320|HR|
N|432|41.797911|12.235756||
N|433|41.798042|12.236226||
N|434|41.781954|12.241945|HR|
N|435|41.782943|12.241546|HR|
N|436|41.797223|12.235376|HR|
N|437|41.793715|12.237355|HR|
N|438|41.793395|12.237825||
N|439|41.793296|12.237988||
N|440|41.793271|12.239483||
N|441|41.792627|12.239294||
N|442|41.792512|12.239732||
N|443|41.792733|12.239122||
N|444|41.792582|12.239989|HT|W1
N|445|41.792691|12.240373||
N|446|41.792897|12.241131||
N|447|41.793456|12.243138||
N|448|41.793438|12.243477||
N|449|41.793416|12.243542||
N|450|41.792983|12.244402||
N|451|41.792925|12.244643||
N|452|41.792936|12.244746||
N|453|41.792949|12.244833||
N|454|41.792999|12.245175||
N|455|41.793077|12.245701||
N|456|41.793084|12.245745||
N|457|41.793156|12.246233||
N|458|41.793184|12.246423||
N|459|41.793205|12.246573||
N|460|41.793234|12.246769||
N|461|41.793285|12.247126||
N|462|41.793312|12.247313||
N|463|41.793371|12.247722||
N|464|41.793318|12.239664|HT|V1
N|465|41.793380|12.239895||
N|466|41.793490|12.240274||
N|467|41.793532|12.240621||
N|468|41.793592|12.240967||
N|469|41.793925|12.242161||
N|470|41.793978|12.242351||
N|471|41.794136|12.242919||
N|472|41.793587|12.240591||
N|473|41.793488|12.243410||
N|474|41.793253|12.243582||
N|475|41.792994|12.243705||
N|476|41.792617|12.243887||
N|477|41.792390|12.243997||
N|478|41.792234|12.244072||
N|479|41.791709|12.244329||
N|480|41.791331|12.244513||
N|481|41.790951|12.244696||
N|482|41.800946|12.260739||
N|483|41.799359|12.259999||
N|484|41.799140|12.260604||
N|485|41.798943|12.261233||
N|486|41.796601|12.261316||
N|487|41.796249|12.262342||
N|488|41.796165|12.261042||
N|489|41.795806|12.262066||
N|490|41.795004|12.260320||
N|491|41.794639|12.261333||
N|492|41.795367|12.260549||
N|493|41.795015|12.261568||
N|494|41.795797|12.260818||
N|495|41.795444|12.261837||
N|496|41.796937|12.255999||
N|497|41.797309|12.256232||
N|498|41.797734|12.256474||
N|499|41.797896|12.255409||
N|500|41.797514|12.255189||
N|501|41.797119|12.254946||
N|502|41.796698|12.254689||
N|503|41.797748|12.252813||
N|504|41.798196|12.253120||
N|505|41.798639|12.253402||
N|506|41.799053|12.253694||
N|507|41.799080|12.253606||
N|508|41.799317|12.253163||
N|509|41.799379|12.252437||
N|510|41.798871|12.252254||
N|511|41.798267|12.251834||
N|512|41.797671|12.251444||
N|513|41.797224|12.251093||
N|514|41.796441|12.248544||
N|515|41.796821|12.248355||
N|516|41.797213|12.248165||
N|517|41.797597|12.247972||
N|518|41.797984|12.247788||
N|519|41.798199|12.246677||
N|520|41.797513|12.246226||
N|521|41.797065|12.246385||
N|522|41.796657|12.246544||
N|523|41.796325|12.246744||
N|524|41.795894|12.246840||
N|525|41.795563|12.247124||
N|526|41.796094|12.242781||
N|527|41.796411|12.242627||
N|528|41.796844|12.242406||
N|529|41.796618|12.242070||
N|530|41.796378|12.241188||
N|531|41.796203|12.240662||
N|532|41.795962|12.240925||
N|533|41.795305|12.241250||
N|534|41.794864|12.241375||
N|535|41.795106|12.241802||
N|536|41.795298|12.242712||
N|537|41.793968|12.244717||
N|538|41.793886|12.245504||
N|539|41.794023|12.246163||
N|540|41.794054|12.246878||
N|541|41.794147|12.247469||
N|542|41.791998|12.244894||
N|543|41.792029|12.245079||
N|544|41.792078|12.245421||
N|545|41.792164|12.245940||
N|546|41.792247|12.246486||
N|547|41.792296|12.246825||
N|548|41.792325|12.247017||
N|549|41.792557|12.247517||
N|550|41.792785|12.242939||
N|551|41.792403|12.243109||
N|552|41.792031|12.243334||
N|553|41.791499|12.243545||
N|554|41.791117|12.243733||
N|555|41.790746|12.243936||
N|556|41.790669|12.243503||
N|557|41.791283|12.243205||
N|558|41.791889|12.242909||
N|559|41.792528|12.242657||
N|560|41.788380|12.242262||
N|561|41.788747|12.242843||
N|562|41.788590|12.243111||
N|563|41.788899|12.243405||
N|564|41.788811|12.243913||
N|565|41.789057|12.243992||
N|566|41.789751|12.247085||
N|567|41.789356|12.247157||
N|568|41.788875|12.247225||
N|569|41.788474|12.247299||
N|570|41.788070|12.247359||
N|571|41.787672|12.247426||
N|572|41.801687|12.247395||
N|573|41.801924|12.248373||
N|574|41.803165|12.254810||
N|575|41.800204|12.240212||
N|576|41.800023|12.240315||
N|577|41.799834|12.240687||
N|578|41.799873|12.240859||
N|579|41.793938|12.260076||
N|580|41.792304|12.259045||
N|581|41.793100|12.264416||
N|582|41.790285|12.262644||
N|583|41.798323|12.247268||
N|584|41.786937|12.242050||
N|585|41.787127|12.242866||
N|586|41.787328|12.243732||
N|587|41.787335|12.243763||
N|588|41.787483|12.244398||
N|589|41.787542|12.244654||
N|590|41.787602|12.244914||
N|591|41.787721|12.245430||
N|592|41.787736|12.245496||
N|593|41.788174|12.242413||
N|594|41.788387|12.243312||
N|595|41.788589|12.244193||
N|596|41.788801|12.245053||
N|597|41.786069|12.243318||
N|598|41.786268|12.244174||
N|599|41.786755|12.244709||
N|600|41.786871|12.245220||
N|601|41.786985|12.245736||
N|602|41.800065|12.241524||
N|603|41.800879|12.244409|HT|B2
N|604|41.804635|12.260161|HT|B3
N|605|41.804790|12.260724||
N|606|41.804936|12.261257||
N|607|41.805074|12.261756||
N|608|41.805206|12.262237||
N|609|41.805277|12.262492||
N|610|41.798981|12.244383||
N|611|41.798007|12.245980||
N|612|41.808667|12.272162|HR|CM1
N|613|41.807812|12.271568||
N|614|41.799020|12.237062||
N|615|41.799405|12.238455|HT|B1
N|616|41.799814|12.239943||
N|617|41.799597|12.240519||
N|618|41.799647|12.240495||
N|619|41.797755|12.261406||
N|620|41.798277|12.255654||
N|621|41.798362|12.255703||
N|622|41.798188|12.256800||
N|623|41.796554|12.255826||
N|624|41.796236|12.255577||
N|625|41.798149|12.258383||
N|626|41.797585|12.258026||
N|627|41.797224|12.257798||
N|628|41.796852|12.257566||
N|629|41.796486|12.257332||
N|630|41.796123|12.257103||
N|631|41.795751|12.256866||
N|632|41.797298|12.258821||
N|633|41.797197|12.259358||
N|634|41.797280|12.260975||
N|635|41.797240|12.260950||
N|636|41.796658|12.260578||
N|637|41.796289|12.260347||
N|638|41.795923|12.260117||
N|639|41.795557|12.259887||
N|640|41.795191|12.259659||
N|641|41.794824|12.259430||
N|642|41.796563|12.258379||
N|643|41.796929|12.258603||
N|644|41.796193|12.258151||
N|645|41.795822|12.257934||
N|646|41.795453|12.257688||
N|647|41.796998|12.259618||
N|648|41.796623|12.259391||
N|649|41.796270|12.259159||
N|650|41.795896|12.258943||
N|651|41.795527|12.258708||
N|652|41.795155|12.258484||
N|653|41.795927|12.260897||
N|654|41.794567|12.261265||
N|655|41.800348|12.263367||
N|656|41.800268|12.263407||
N|657|41.799894|12.263596||
N|658|41.798960|12.264054||
N|659|41.798592|12.264234||
N|660|41.798161|12.264445||
N|661|41.797805|12.264620||
N|662|41.797367|12.264835||
N|663|41.796998|12.265015||
N|664|41.796625|12.265198||
N|665|41.801243|12.264460||
N|666|41.800983|12.264589||
N|667|41.800066|12.265040||
N|668|41.799682|12.265230||
N|669|41.796677|12.266710||
N|670|41.797191|12.267845||
N|671|41.797551|12.267668||
N|672|41.797909|12.267492||
N|673|41.798355|12.267273||
N|674|41.798732|12.267088||
N|675|41.799166|12.266874||
N|676|41.799545|12.266688||
N|677|41.800239|12.266347||
N|678|41.800703|12.266111||
N|679|41.801139|12.263394||
N|680|41.800701|12.261442||
N|681|41.800486|12.262048||
N|682|41.804114|12.261622||
N|683|41.804190|12.261670||
N|684|41.804635|12.261827||
N|685|41.803925|12.261625||
N|686|41.803444|12.261924||
N|687|41.802515|12.262250||
N|688|41.802365|12.262687||
N|689|41.802211|12.263136||
N|690|41.802667|12.261805||
N|691|41.802030|12.262983||
N|692|41.802239|12.262376||
N|693|41.802481|12.261674||
N|694|41.800514|12.264303||
N|695|41.800143|12.264487||
N|696|41.799205|12.264951||
N|697|41.798839|12.265134||
N|698|41.798404|12.265346||
N|699|41.798051|12.265518||
N|700|41.797613|12.265730||
N|701|41.797241|12.265913||
N|702|41.796873|12.266099||
N|703|41.800493|12.265319||
N|704|41.800013|12.265532||
N|705|41.799329|12.265882||
N|706|41.798946|12.266066||
N|707|41.798505|12.266277||
N|708|41.798131|12.266456||
N|709|41.797686|12.266679||
N|710|41.797325|12.266847||
N|711|41.796965|12.267023||
N|712|41.805385|12.261758||
N|713|41.805547|12.261866||
N|714|41.806507|12.262017||
N|715|41.805499|12.261576||
N|716|41.806324|12.261230||
E|0|1|R|16R/34L|60.0|o|0|73.6|
E|1|2|R|16R/34L|60.0|o|0|52.4|
E|2|3|R|16R/34L|60.0|o|0|845.2|41.812525,12.227615
E|3|4|R|16R/34L|60.0|o|0|707.5|41.802604,12.231755;41.801313,12.232344
E|4|5|R|16R/34L|60.0|o|0|179.7|
E|5|6|R|16R/34L|60.0|o|0|247.7|
E|6|7|R|16R/34L|60.0|o|0|82.6|41.796942,12.234133
E|7|8|R|16R/34L|60.0|o|0|336.9|41.796594,12.234291;41.796264,12.234441;41.795805,12.234635;41.794351,12.235244
E|8|9|R|16R/34L|60.0|o|0|82.3|
E|9|10|R|16R/34L|60.0|o|0|1174.6|41.791765,12.236320
E|10|11|R|16R/34L|60.0|o|0|6.9|
E|11|12|R|16R/34L|60.0|o|0|111.2|
E|13|14|T|A|23.0|d|0|352.8|
E|14|15|T|A|23.0|d|0|44.7|
E|15|16|T|A|23.0|d|0|41.0|
E|16|17|T|A|23.0|d|0|157.6|41.788401,12.241022
E|17|18|T|A|23.0|d|0|60.4|
E|18|19|T|A|23.0|d|0|46.5|41.789526,12.240544
E|19|20|T|A|23.0|d|0|46.2|
E|20|21|T|A|23.0|d|0|87.8|
E|21|22|T|A|23.0|d|0|147.3|
E|22|23|T|A|23.0|d|0|58.3|41.792468,12.239300
E|23|24|T|A|23.0|d|0|24.9|41.792665,12.239218
E|24|25|T|A|23.0|d|0|42.2|41.792858,12.239138;41.792923,12.239112
E|25|26|T|A|23.0|d|0|42.6|
E|26|27|T|A|23.0|d|0|37.9|
E|27|28|T|A|23.0|d|0|120.5|
E|28|29|T|A|23.0|d|0|156.7|
E|29|30|T|A|23.0|d|0|94.4|41.796659,12.237556
E|30|31|T|A|23.0|d|0|62.9|41.797116,12.237363;41.797336,12.237271
E|31|32|T|A|23.0|d|0|13.8|
E|32|33|T|A|23.0|d|0|61.3|
E|33|34|T|A|23.0|d|0|50.7|
E|34|35|T|A|23.0|d|0|57.3|41.798724,12.236698
E|35|36|T|A|23.0|d|0|54.2|
E|36|37|T|A|23.0|d|0|30.5|
E|37|38|T|A|23.0|d|0|59.2|
E|38|39|T|A|23.0|d|0|86.9|
E|39|40|T|A|23.0|d|0|387.5|41.802389,12.235144
E|40|41|T|A|23.0|d|0|181.8|
E|41|42|T|A|23.0|d|0|251.8|41.806346,12.233505
E|42|43|T|A|23.0|d|0|339.3|
E|43|44|T|A|23.0|d|0|302.7|41.812573,12.230901
E|9|45|T|AH|23.0|d|1|442.3|41.792586,12.236092;41.792028,12.236452;41.791514,12.236890;41.791220,12.237175;41.790908,12.237538
E|45|46|T|AH|23.0|d|1|60.5|
E|46|18|T|AH|23.0|d|1|114.2|41.789425,12.239651;41.789310,12.239906;41.789259,12.240149;41.789243,12.240397
E|42|47|T|AC|23.0|d|0|156.5|41.808299,12.232608;41.808365,12.232448;41.808389,12.232212
E|47|3|T|AC|23.0|d|0|165.1|41.807937,12.230256;41.807858,12.230065;41.807728,12.229907;41.807488,12.229777
E|48|49|T|R|23.0|d|0|31.9|
E|49|50|T|R|23.0|d|0|45.9|
E|50|51|T|R|23.0|d|0|47.1|
E|51|52|T|R|23.0|d|0|44.9|41.798025,12.249072
E|52|53|T|R|23.0|d|0|166.7|
E|53|54|T|R|23.0|d|0|73.3|
E|54|55|T|R|23.0|d|0|5.3|
E|55|56|T|R|23.0|d|0|87.2|41.800434,12.247912;41.800668,12.247808;41.800803,12.247780
E|56|57|T|R|23.0|d|0|15.1|
E|57|58|T|R|23.0|d|0|55.8|41.801375,12.247746;41.801632,12.247745
E|59|60|T|DA|23.0|d|0|289.4|41.844989,12.261905;41.845111,12.261824;41.845213,12.261741;41.845326,12.261613;41.845435,12.261459;41.845825,12.260887;41.845895,12.260772;41.845957,12.260637;41.846015,12.260473;41.846055,12.260308;41.846075,12.260149;41.846078,12.259969;41.846069,12.259801;41.846035,12.259622
E|60|61|T|DA|23.0|d|0|258.2|41.845937,12.259330;41.845873,12.259205;41.845796,12.259086;41.845691,12.258964;41.845571,12.258859;41.845451,12.258786;41.845313,12.258728;41.845180,12.258706;41.845064,12.258704;41.844901,12.258725;41.844737,12.258786;41.844443,12.258910
E|62|63|T|EG|23.0|d|0|75.2|41.804245,12.264067;41.804171,12.263951;41.804093,12.263867;41.804008,12.263803;41.803911,12.263755
E|63|64|T|EG|23.0|d|0|53.8|41.803747,12.263713;41.803649,12.263706;41.803561,12.263714;41.803466,12.263741
E|64|65|T|EG|23.0|d|0|24.4|
E|65|66|T|EG|23.0|d|0|98.9|41.802883,12.264028;41.802678,12.264130;41.802565,12.264162;41.802484,12.264175;41.802399,12.264177;41.802339,12.264173
E|66|67|T|EG|23.0|d|0|23.3|41.802174,12.264137;41.802105,12.264103
E|67|68|T|EG|23.0|d|0|95.6|
E|68|69|T|EG|23.0|d|0|13.2|
E|69|70|T|EG|23.0|d|0|48.0|41.801171,12.263529
E|70|71|T|EG|23.0|d|0|23.8|41.800644,12.263199
E|71|72|T|EG|23.0|d|0|27.4|
E|72|73|T|EG|23.0|d|0|100.6|41.800229,12.262944
E|73|74|T|EG|23.0|d|0|4.7|
E|74|75|T|EG|23.0|d|0|60.2|
E|75|76|T|EG|23.0|d|0|74.0|41.798773,12.262051
E|76|77|T|EG|23.0|d|0|68.4|41.797931,12.261533
E|78|79|R|16L/34R|60.0|o|0|163.1|41.813228,12.275195
E|79|80|R|16L/34R|60.0|o|0|241.1|
E|80|81|R|16L/34R|60.0|o|0|884.8|
E|81|82|R|16L/34R|60.0|o|0|571.9|
E|82|83|R|16L/34R|60.0|o|0|195.8|
E|83|84|R|16L/34R|60.0|o|0|563.7|
E|84|85|R|16L/34R|60.0|o|0|999.2|
E|85|59|R|16L/34R|60.0|o|0|128.5|
E|59|86|R|16L/34R|60.0|o|0|142.8|
E|80|87|T|DK|23.0|d|0|268.8|41.815524,12.274202;41.815318,12.274250;41.815096,12.274252;41.814858,12.274214;41.814632,12.274167;41.814415,12.274095;41.814277,12.274033;41.814156,12.273967;41.814058,12.273896;41.813970,12.273812;41.813880,12.273705;41.813800,12.273591
E|87|88|T|DK|23.0|d|0|212.9|41.813671,12.273316;41.813622,12.273148;41.813579,12.272974;41.813529,12.272837;41.813467,12.272714;41.813381,12.272583;41.813308,12.272497;41.813221,12.272414;41.813123,12.272343;41.813025,12.272294;41.812921,12.272259;41.812828,12.272241;41.812680,12.272238;41.812542,12.272266
E|81|89|T|DH|23.0|d|0|516.3|41.822784,12.271152;41.822360,12.271267;41.821981,12.271344;41.821624,12.271393;41.821269,12.271410;41.820894,12.271404;41.820649,12.271372;41.820319,12.271302;41.819951,12.271197
E|89|90|T|DH|23.0|d|0|10.4|
E|90|91|T|DH|23.0|d|0|23.2|41.818714,12.270840
E|91|92|T|DH|23.0|d|0|282.2|41.817895,12.270587;41.817677,12.270524;41.817441,12.270487;41.817159,12.270468;41.816911,12.270497;41.816639,12.270562
E|83|93|T|DG|23.0|d|0|107.0|41.829562,12.268344
E|93|94|T|DG|23.0|d|0|316.3|41.829024,12.268520;41.828668,12.268604;41.828360,12.268656;41.827926,12.268703;41.827573,12.268711;41.827241,12.268695;41.826813,12.268628
E|94|95|T|DG|23.0|d|0|111.4|
E|95|96|T|DG|23.0|d|0|349.1|41.824245,12.267861;41.824031,12.267804;41.823790,12.267779;41.823603,12.267778;41.823437,12.267791;41.823217,12.267823;41.823082,12.267866
E|84|97|T|DE|23.0|d|0|394.9|41.834222,12.266351;41.833829,12.266457;41.833454,12.266532;41.833067,12.266579;41.832744,12.266589;41.832410,12.266577;41.832183,12.266549;41.831961,12.266512;41.831717,12.266449
E|97|98|T|DE|23.0|d|0|112.8|
E|98|99|T|DE|23.0|d|0|316.5|41.829419,12.265765;41.829202,12.265706;41.829086,12.265683;41.828911,12.265662;41.828743,12.265655;41.828521,12.265665;41.828366,12.265691;41.828221,12.265726;41.828045,12.265782
E|61|100|T|DB|23.0|d|0|177.4|41.844056,12.259097;41.844164,12.259098;41.844280,12.259118;41.844372,12.259152;41.844469,12.259206;41.844554,12.259272;41.844649,12.259375;41.844723,12.259486;41.844789,12.259606;41.844844,12.259751;41.844877,12.259899;41.844892,12.260048;41.844897,12.260178;41.844890,12.260301
E|100|85|T|DB|23.0|d|0|236.3|41.844850,12.260506;41.844810,12.260630;41.844423,12.261615;41.844331,12.261815;41.844250,12.261950;41.844152,12.262082;41.844042,12.262200;41.843937,12.262292;41.843834,12.262368;41.843727,12.262433
E|84|101|T|DC|23.0|d|0|499.9|41.835350,12.265920;41.835977,12.265577;41.836231,12.265411;41.836484,12.265243;41.836710,12.265067;41.836938,12.264867;41.837158,12.264657;41.837360,12.264448;41.837514,12.264269;41.837703,12.264029
E|101|102|T|DC|23.0|d|0|189.0|41.838787,12.262454;41.838839,12.262355;41.838876,12.262252;41.838896,12.262143;41.838898,12.262026;41.838889,12.261924;41.838866,12.261838;41.838832,12.261747;41.838786,12.261665;41.838716,12.261576;41.838639,12.261515;41.838550,12.261472;41.838457,12.261458;41.838357,12.261469
E|82|93|T|DD|23.0|d|0|89.1|41.829002,12.268567
E|93|97|T|DD|23.0|d|0|307.8|41.829301,12.268414;41.829774,12.268112;41.830104,12.267878;41.830346,12.267689;41.830581,12.267475;41.830807,12.267256;41.831021,12.267009;41.831243,12.266728
E|97|103|T|DD|23.0|d|0|112.2|
E|103|104|T|DD|23.0|d|0|106.1|41.832334,12.265154;41.832394,12.265043;41.832427,12.264937;41.832440,12.264837;41.832446,12.264730;41.832436,12.264622;41.832409,12.264512;41.832370,12.264418;41.832319,12.264332
E|104|105|T|DD|23.0|d|0|30.5|41.832242,12.264230;41.832175,12.264165;41.832115,12.264120
E|105|106|T|DD|23.0|d|0|27.8|41.832014,12.264061;41.831951,12.264040
E|81|94|T|DF|23.0|d|0|377.0|41.824245,12.270513;41.824633,12.270280;41.824942,12.270065;41.825324,12.269768;41.825612,12.269483;41.825880,12.269202;41.826132,12.268893
E|94|107|T|DF|23.0|d|0|112.8|
E|107|108|T|DF|23.0|d|0|22.7|
E|108|109|T|DF|23.0|d|0|186.0|41.827286,12.267220;41.827306,12.267179;41.827319,12.267143;41.827326,12.267122;41.827332,12.267099;41.827337,12.267075;41.827343,12.267051;41.827350,12.267005;41.827354,12.266978;41.827356,12.266952;41.827359,12.266919;41.827360,12.266900;41.827361,12.266851;41.827357,12.266795;41.827351,12.266745;41.827340,12.266690;41.827333,12.266666;41.827326,12.266641;41.827318,12.266618;41.827309,12.266595;41.827289,12.266549;41.827277,12.266528;41.827266,12.266508;41.827251,12.266486;41.827237,12.266466;41.827172,12.266387;41.827119,12.266344;41.827055,12.266308;41.826982,12.266286;41.826897,12.266282;41.826824,12.266290
E|110|111|T|D|23.0|d|0|185.7|
E|111|112|T|D|23.0|d|0|169.6|
E|112|113|T|D|23.0|d|0|253.6|
E|113|105|T|D|23.0|d|0|36.6|
E|105|114|T|D|23.0|d|0|28.8|
E|114|115|T|D|23.0|d|0|89.0|
E|115|99|T|D|23.0|d|0|390.0|
E|99|116|T|D|23.0|d|0|10.7|
E|116|109|T|D|23.0|d|0|149.6|
E|109|96|T|D|23.0|d|0|462.9|
E|96|117|T|D|23.0|d|0|208.3|
E|117|118|T|D|23.0|d|0|171.7|
E|118|119|T|D|23.0|d|0|92.9|
E|119|92|T|D|23.0|d|0|243.2|
E|92|120|T|D|23.0|d|0|74.8|
E|120|88|T|D|23.0|d|0|379.7|
E|88|121|T|D|23.0|d|0|145.6|
E|121|122|T|D|23.0|d|0|27.0|
E|122|123|T|D|23.0|d|0|53.5|
E|123|124|T|D|23.0|d|0|177.3|41.809978,12.273338;41.809750,12.273426;41.809560,12.273488;41.809364,12.273520;41.809166,12.273518;41.808968,12.273485
E|124|125|T|D|23.0|d|0|298.3|41.807485,12.273145;41.807239,12.273080;41.807077,12.273005;41.806984,12.272942;41.806888,12.272859;41.806783,12.272732;41.806707,12.272619;41.806631,12.272478;41.806577,12.272347;41.806533,12.272213
E|125|126|T|D|23.0|d|0|96.1|
E|126|127|T|D|23.0|d|0|14.5|
E|127|128|T|D|23.0|d|0|33.6|
E|128|129|T|D|23.0|d|0|52.2|
E|129|130|T|D|23.0|d|0|31.6|
E|130|131|T|D|23.0|d|0|225.2|
E|131|132|T|D|23.0|d|0|234.8|
E|132|62|T|D|23.0|d|0|6.4|
E|62|133|T|D|23.0|d|0|86.3|
E|133|134|T|D|23.0|d|0|84.7|
E|134|135|T|D|23.0|d|0|24.3|41.803757,12.262135
E|135|136|T|D|23.0|d|0|21.8|
E|136|137|T|D|23.0|d|0|46.3|41.803652,12.261755
E|137|138|T|D|23.0|d|0|40.2|
E|138|139|T|D|23.0|d|0|74.7|
E|139|140|T|D|23.0|d|0|387.1|
E|140|141|T|D|23.0|d|0|138.1|
E|141|142|T|D|23.0|d|0|20.1|
E|142|143|T|D|23.0|d|0|52.4|
E|143|144|T|D|23.0|d|0|41.3|41.801223,12.252959
E|144|145|T|D|23.0|d|0|35.3|41.801100,12.252524
E|145|146|T|D|23.0|d|0|21.4|
E|146|147|T|D|23.0|d|0|134.3|41.800971,12.251964;41.800953,12.251836;41.800936,12.251703;41.800925,12.251562;41.800921,12.251429;41.800921,12.251252;41.800932,12.251076;41.800948,12.250905
E|148|122|T|CL|23.0|d|0|52.0|
E|122|149|T|CL|23.0|d|0|24.3|
E|149|150|T|CL|23.0|d|0|39.4|41.810590,12.272750;41.810543,12.272689;41.810498,12.272614;41.810462,12.272526
E|150|151|T|CL|23.0|d|0|52.1|
E|151|152|T|CL|23.0|d|0|154.9|41.810078,12.271185;41.809880,12.270442
E|152|153|T|CL|23.0|d|0|53.2|
E|154|155|R|07/25|45.0|o|0|367.6|41.801126,12.238706;41.801599,12.240408
E|155|156|R|07/25|45.0|o|0|671.9|41.803196,12.246158;41.803422,12.246971;41.803649,12.247800
E|156|157|R|07/25|45.0|o|0|334.7|
E|157|158|R|07/25|45.0|o|0|232.0|41.805235,12.253579;41.805279,12.253739;41.805288,12.253770
E|158|159|R|07/25|45.0|o|0|1269.1|
E|159|153|R|07/25|45.0|o|0|19.7|
E|18|160|T|Y|23.0|d|0|39.5|
E|160|161|T|Y|23.0|d|0|18.2|
E|161|162|T|Y|23.0|d|0|23.8|
E|162|163|T|Y|23.0|d|0|13.9|
E|163|164|T|Y|23.0|d|0|59.7|41.789460,12.242137;41.789506,12.242430
E|164|165|T|Y|23.0|d|0|13.6|
E|165|166|T|Y|23.0|d|0|39.3|41.789575,12.242708;41.789668,12.243059
E|166|167|T|Y|23.0|d|0|33.1|
E|167|168|T|Y|23.0|d|0|14.2|
E|168|169|T|Y|23.0|d|0|36.9|41.789917,12.243944
E|169|170|T|Y|23.0|d|0|198.3|41.789965,12.244190;41.789984,12.244419;41.789968,12.244655;41.789910,12.244949;41.789872,12.245159;41.789858,12.245315;41.789854,12.245578;41.789859,12.245931;41.789848,12.246039;41.789828,12.246135;41.789805,12.246182;41.789770,12.246234;41.789721,12.246276
E|170|171|T|Y|23.0|d|0|44.6|41.789622,12.246300
E|171|172|T|Y|23.0|d|0|53.0|41.789062,12.246390
E|172|173|T|Y|23.0|d|0|45.1|
E|173|174|T|Y|23.0|d|0|24.4|
E|174|175|T|Y|23.0|d|0|20.2|
E|175|176|T|Y|23.0|d|0|45.4|
E|2|177|T|AB|23.0|d|0|159.5|41.814611,12.226843;41.814711,12.226873;41.814804,12.226936;41.814885,12.227025;41.814933,12.227116;41.814970,12.227224;41.814982,12.227327;41.814988,12.227427;41.814981,12.227532;41.814963,12.227640
E|177|44|T|AB|23.0|d|0|220.3|41.814424,12.228992;41.814103,12.229813;41.813970,12.230135;41.813861,12.230294
E|4|178|T|AD|23.0|d|1|605.0|41.802001,12.232148;41.802584,12.232030;41.802982,12.231992;41.803422,12.231985;41.804064,12.232071;41.804680,12.232226;41.805936,12.232623;41.806081,12.232710;41.806185,12.232875;41.806223,12.233001
E|178|41|T|AD|23.0|d|1|47.7|41.806231,12.233261;41.806188,12.233391;41.806125,12.233509
E|179|180|T|G|23.0|d|0|162.2|41.801971,12.250313;41.801891,12.250635;41.801769,12.251018
E|180|144|T|G|23.0|d|0|83.6|41.801278,12.252425
E|144|181|T|G|23.0|d|0|40.2|41.801059,12.253036
E|181|182|T|G|23.0|d|0|30.1|
E|182|183|T|G|23.0|d|0|32.5|
E|183|184|T|G|23.0|d|0|118.9|41.800607,12.254319;41.800590,12.254364
E|184|185|T|G|23.0|d|0|34.2|
E|185|186|T|G|23.0|d|0|12.4|
E|186|187|T|G|23.0|d|0|29.9|
E|187|188|T|G|23.0|d|0|201.3|41.799582,12.257232;41.799568,12.257274;41.799262,12.258149
E|188|189|T|G|23.0|d|0|33.3|
E|189|190|T|G|23.0|d|0|26.8|
E|190|191|T|G|23.0|d|0|43.2|
E|191|192|T|G|23.0|d|0|54.1|
E|192|193|T|G|23.0|d|0|54.6|
E|193|194|T|G|23.0|d|0|51.5|41.798407,12.260587;41.798282,12.260935
E|194|77|T|G|23.0|d|0|61.9|41.798173,12.261222;41.798131,12.261320;41.798095,12.261386;41.798052,12.261444;41.798006,12.261476;41.797933,12.261498
E|195|196|T|BA|23.0|d|0|179.0|41.807703,12.271202;41.807733,12.271250;41.807772,12.271300;41.807812,12.271344;41.807866,12.271384;41.807926,12.271405;41.807991,12.271419;41.808070,12.271414;41.808172,12.271384
E|196|152|T|BA|23.0|d|0|112.7|41.809579,12.270701;41.809645,12.270658;41.809695,12.270604;41.809739,12.270533;41.809768,12.270466;41.809787,12.270409;41.809799,12.270326;41.809802,12.270244;41.809797,12.270169
E|46|20|T||23.0|d|1|114.2|41.789541,12.239567;41.789529,12.239693;41.789534,12.239830;41.789567,12.239972;41.789605,12.240061;41.789695,12.240185;41.789763,12.240251;41.789851,12.240300;41.789940,12.240328
E|115|197|T|CD|23.0|d|0|79.3|41.831104,12.264469;41.831141,12.264430;41.831177,12.264380;41.831203,12.264334;41.831224,12.264276;41.831236,12.264218;41.831242,12.264149;41.831240,12.264084;41.831231,12.264028;41.831210,12.263966;41.831182,12.263910;41.831147,12.263856;41.831106,12.263810
E|112|111|T|Backtrack|23.0|d|0|303.9|41.834669,12.262977;41.834739,12.262909;41.834802,12.262827;41.834860,12.262697;41.834919,12.262550;41.835120,12.261999;41.835173,12.261868;41.835212,12.261798;41.835258,12.261747;41.835326,12.261693;41.835470,12.261629;41.835561,12.261592;41.835640,12.261574;41.835708,12.261572;41.835767,12.261584;41.835821,12.261603;41.835861,12.261625;41.836079,12.261793;41.836130,12.261843;41.836163,12.261894;41.836187,12.261948;41.836206,12.262014;41.836214,12.262075;41.836213,12.262146;41.836202,12.262206;41.836178,12.262272;41.836141,12.262336;41.836096,12.262390
E|54|198|T|M|23.0|d|0|57.6|41.800204,12.247921;41.800121,12.247880;41.800035,12.247809;41.799982,12.247749
E|198|199|T|M|23.0|d|0|141.9|
E|199|200|T|M|23.0|d|0|131.4|
E|200|201|T|M|23.0|d|0|5.9|
E|201|202|T|M|23.0|d|0|10.2|41.799013,12.244403
E|202|203|T|M|23.0|d|0|35.0|41.798973,12.244288;41.798955,12.244249;41.798934,12.244217;41.798911,12.244183;41.798889,12.244157;41.798863,12.244129;41.798822,12.244095
E|203|204|T|M|23.0|d|0|11.9|
E|204|205|T|M|23.0|d|0|43.2|41.798577,12.243962;41.798547,12.243946;41.798504,12.243919;41.798463,12.243887;41.798428,12.243854;41.798381,12.243793
E|205|206|T|M|23.0|d|0|7.6|41.798342,12.243721
E|206|207|T|M|23.0|d|0|71.4|41.798168,12.243103
E|207|208|T|M|23.0|d|0|25.7|
E|208|209|T|M|23.0|d|0|90.7|
E|209|210|T|M|23.0|d|0|79.2|
E|210|211|T|M|23.0|d|0|124.8|41.797483,12.240535
E|211|212|T|M|23.0|d|0|90.0|41.797102,12.239156;41.796960,12.238670
E|212|213|T|M|23.0|d|0|14.5|
E|213|30|T|M|23.0|d|0|65.8|41.796782,12.237889;41.796814,12.237747;41.796852,12.237635;41.796913,12.237511
E|214|215|T|Z|23.0|d|0|124.6|
E|215|216|T|Z|23.0|d|0|77.9|
E|216|217|T|Z|23.0|d|0|119.1|
E|217|218|T|Z|23.0|d|0|29.3|41.793768,12.240227;41.793680,12.240278
E|218|219|T|Z|23.0|d|0|12.5|
E|219|220|T|Z|23.0|d|0|41.0|
E|220|221|T|Z|23.0|d|0|11.8|41.793149,12.240605
E|221|222|T|Z|23.0|d|0|66.3|
E|222|223|T|Z|23.0|d|0|48.2|
E|223|224|T|Z|23.0|d|0|72.9|
E|224|225|T|Z|23.0|d|0|72.1|
E|225|226|T|Z|23.0|d|0|73.1|
E|226|227|T|Z|23.0|d|0|32.9|
E|227|228|T|Z|23.0|d|0|93.9|41.789879,12.242194;41.789781,12.242308;41.789718,12.242423;41.789663,12.242550;41.789641,12.242721
E|228|166|T|Z|23.0|d|0|2.7|
E|229|183|T||23.0|d|0|57.6|41.801121,12.253668;41.801030,12.253676;41.800940,12.253709;41.800854,12.253770
E|141|230|T||23.0|d|0|36.7|41.801447,12.253872;41.801383,12.253790
E|231|143|T||23.0|d|0|76.8|41.801599,12.253830;41.801516,12.253719;41.801450,12.253613;41.801381,12.253472
E|232|34|T|H|23.0|d|0|79.1|41.798401,12.237428;41.798405,12.237332;41.798412,12.237247;41.798428,12.237156;41.798460,12.237054;41.798492,12.236976;41.798539,12.236883;41.798610,12.236782
E|37|233|T||23.0|d|0|90.3|41.800086,12.236196;41.800266,12.236260;41.800422,12.236394
E|233|154|T||23.0|d|0|13.2|
E|187|234|T||23.0|d|0|24.7|41.800018,12.255957;41.800017,12.255924;41.800011,12.255890;41.800002,12.255858;41.799988,12.255828;41.799975,12.255801;41.799955,12.255767
E|186|234|T|NZ|23.0|d|0|24.4|41.800102,12.255693;41.800075,12.255717;41.800052,12.255731;41.800030,12.255740;41.800007,12.255746;41.799986,12.255749;41.799957,12.255743
E|234|235|T|NZ|23.0|d|0|33.7|
E|235|236|T|NZ|23.0|d|0|21.2|41.799613,12.255534
E|236|237|T|NZ|23.0|d|0|18.0|
E|237|238|T|NZ|23.0|d|0|96.0|41.799325,12.255347;41.799277,12.255317;41.799097,12.255205;41.798759,12.254993
E|238|239|T|NZ|23.0|d|0|46.6|
E|239|240|T|NZ|23.0|d|0|47.0|
E|240|241|T|NZ|23.0|d|0|47.7|
E|241|242|T|NZ|23.0|d|0|31.6|
E|243|185|T||23.0|d|0|26.4|41.800134,12.255313;41.800163,12.255356;41.800186,12.255450
E|184|243|T|NW|23.0|d|0|29.7|41.800242,12.255263;41.800199,12.255287;41.800139,12.255287
E|243|244|T|NW|23.0|d|0|32.4|
E|244|245|T|NW|23.0|d|0|21.7|41.799728,12.255045
E|245|246|T|NW|23.0|d|0|17.1|
E|247|248|T|NW|23.0|d|0|25.4|41.799420,12.254858
E|248|249|T|NW|23.0|d|0|61.9|41.799257,12.254744
E|249|250|T|NW|23.0|d|0|51.6|
E|250|251|T|NW|23.0|d|0|55.2|
E|251|252|T|NW|23.0|d|0|55.8|
E|253|254|T|DM|23.0|d|0|29.6|41.807560,12.270729;41.807544,12.270700;41.807527,12.270670;41.807503,12.270639;41.807482,12.270617;41.807455,12.270596;41.807426,12.270577
E|150|255|T|CL|23.0|d|0|76.6|41.810375,12.272268;41.810317,12.272170;41.810262,12.272100;41.810212,12.272056;41.810152,12.272018;41.810099,12.271994;41.810043,12.271979;41.809997,12.271974;41.809958,12.271974
E|79|256|T|DL|23.0|d|0|270.6|41.813455,12.275089;41.813350,12.275112;41.813238,12.275120;41.813098,12.275108;41.812922,12.275070;41.812402,12.274970;41.812272,12.274932;41.812169,12.274892;41.812076,12.274843;41.811995,12.274784;41.811910,12.274711;41.811834,12.274628;41.811757,12.274527;41.811693,12.274419
E|256|148|T|DL|23.0|d|0|96.0|41.811595,12.274206;41.811552,12.274074;41.811515,12.273940;41.811458,12.273787;41.811400,12.273675;41.811330,12.273562;41.811256,12.273461
E|148|123|T|DL|23.0|d|0|95.7|41.811059,12.273286;41.810951,12.273219;41.810862,12.273180;41.810784,12.273157;41.810706,12.273140;41.810632,12.273134;41.810555,12.273133;41.810456,12.273146
E|121|149|T|CL|23.0|d|0|46.6|41.810955,12.272901;41.810891,12.272903;41.810826,12.272895;41.810756,12.272873;41.810695,12.272839
E|194|76|T||23.0|d|0|72.9|41.798198,12.261247;41.798197,12.261356;41.798213,12.261467;41.798250,12.261587;41.798293,12.261678;41.798349,12.261761
E|257|5|R||45.0|o|0|75.7|
E|5|38|R||45.0|o|0|259.1|41.799663,12.233405
E|38|233|R||45.0|o|0|58.1|
E|233|154|R||45.0|o|0|13.2|
E|258|102|T|D|23.0|d|0|546.8|
E|102|110|T|D|23.0|d|0|49.4|
E|61|258|T|D|23.0|d|0|139.8|
E|259|255|T|C|23.0|d|0|52.2|
E|255|151|T|C|23.0|d|0|42.2|
E|151|260|T|C|23.0|d|0|201.1|
E|260|261|T|C|23.0|d|0|576.9|41.813002,12.270725
E|261|262|T|C|23.0|d|0|1121.0|41.817129,12.269005;41.817747,12.268743
E|262|263|T|C|23.0|d|0|419.6|41.826613,12.264991;41.829885,12.263633;41.830021,12.263588;41.830101,12.263573
E|104|114|T|DD|23.0|d|1|55.7|41.832227,12.264238;41.832158,12.264192;41.832097,12.264167;41.832036,12.264153;41.831963,12.264153;41.831894,12.264165
E|113|106|T|CD|23.0|d|0|62.5|41.832243,12.264003;41.832172,12.264020;41.832097,12.264030;41.832009,12.264031;41.831937,12.264027
E|263|197|T|CD|23.0|d|0|97.5|41.830320,12.263567;41.830412,12.263581;41.830495,12.263604;41.830760,12.263680
E|197|106|T|CD|23.0|d|0|88.6|
E|259|264|T|C|23.0|d|0|96.9|
E|264|125|T|C|23.0|d|0|268.3|41.807775,12.272871;41.807663,12.272903;41.807566,12.272925;41.807434,12.272926;41.807316,12.272909;41.807215,12.272889;41.807110,12.272842;41.807000,12.272775;41.806888,12.272690;41.806789,12.272591;41.806687,12.272465;41.806607,12.272331;41.806548,12.272206
E|32|232|T|H|23.0|d|0|93.3|41.797802,12.237104;41.797897,12.237106;41.797977,12.237119;41.798060,12.237147;41.798134,12.237188;41.798188,12.237234;41.798239,12.237286;41.798302,12.237361;41.798360,12.237446
E|265|266|P|101|||0|118.5|
E|267|268|P|102|||0|118.3|
E|269|270|P|104|||0|118.5|
E|271|272|P|105|||0|118.8|
E|273|274|P|103|||0|53.4|
E|274|266|P|103|||0|147.3|41.804861,12.270714
E|266|275|P|103|||0|16.2|
E|276|269|T|U|23.0|d|0|24.4|41.805168,12.270354;41.805129,12.270352;41.805092,12.270360;41.805058,12.270370
E|128|277|T|U|23.0|d|0|26.3|
E|277|278|T|U|23.0|d|0|12.4|
E|278|273|T|U|23.0|d|0|17.9|
E|273|279|T|U|23.0|d|0|20.2|
E|280|281|T|U|23.0|d|0|10.3|
E|281|273|T|U|23.0|d|0|17.6|
E|273|282|T|U|23.0|d|0|17.8|
E|282|283|T|U|23.0|d|0|7.2|
E|283|267|T|U|23.0|d|0|30.7|41.805296,12.270647;41.805236,12.270690;41.805174,12.270726
E|130|280|T|U|23.0|d|0|57.6|41.805806,12.269586;41.805813,12.269687;41.805811,12.269773;41.805800,12.269864;41.805783,12.269939;41.805763,12.270003;41.805729,12.270075
E|280|281|T|U|23.0|d|0|10.3|
E|281|279|T|U|23.0|d|0|35.1|41.805598,12.270270;41.805551,12.270309;41.805505,12.270342;41.805464,12.270354;41.805426,12.270366
E|279|276|T|U|23.0|d|0|13.0|41.805274,12.270377
E|276|271|T|U|23.0|d|0|42.3|41.805155,12.270338;41.805096,12.270301;41.805056,12.270262;41.805004,12.270202;41.804960,12.270134
E|265|284|T|U|23.0|d|0|27.4|
E|284|267|T|U|23.0|d|0|38.8|
E|267|274|T|U|23.0|d|0|12.5|
E|274|269|T|U|23.0|d|0|19.7|
E|269|271|T|U|23.0|d|0|28.4|
E|127|277|T|U|23.0|d|0|52.7|41.806092,12.270733;41.806057,12.270654;41.806012,12.270589;41.805974,12.270547;41.805925,12.270504;41.805883,12.270476
E|277|278|T|U|23.0|d|0|12.4|
E|278|282|T|U|23.0|d|0|32.8|41.805611,12.270425;41.805546,12.270445;41.805489,12.270476
E|282|283|T|U|23.0|d|0|7.2|
E|283|284|T|U|23.0|d|0|53.7|41.805310,12.270667;41.805270,12.270743;41.805238,12.270852;41.805223,12.270944;41.805218,12.271056
E|285|286|T|BB|23.0|d|0|50.5|41.807623,12.270555;41.807715,12.270538;41.807824,12.270503
E|287|286|T|BB|23.0|d|0|79.3|41.807415,12.270155;41.807463,12.270235;41.807525,12.270310;41.807585,12.270365;41.807655,12.270412;41.807735,12.270444;41.807825,12.270465;41.807892,12.270468
E|286|288|T|BB|23.0|d|0|109.8|41.808035,12.270426;41.808131,12.270383
E|288|159|T|BB|23.0|d|0|107.6|41.809271,12.269832;41.809366,12.269781;41.809438,12.269722;41.809487,12.269644;41.809523,12.269561;41.809551,12.269465;41.809568,12.269368;41.809569,12.269304
E|129|289|T|DM|23.0|d|0|91.8|41.805921,12.269947;41.805948,12.270013;41.805982,12.270081;41.806015,12.270135;41.806067,12.270203;41.806117,12.270260;41.806174,12.270304;41.806243,12.270351;41.806320,12.270395;41.806401,12.270433;41.806465,12.270455
E|126|290|T|DM|23.0|d|0|57.6|41.806190,12.270917;41.806189,12.270835;41.806197,12.270758;41.806213,12.270696;41.806238,12.270635;41.806269,12.270583;41.806303,12.270540;41.806344,12.270502;41.806388,12.270474;41.806413,12.270463
E|128|290|T|DM|23.0|d|0|45.7|
E|290|289|T|DM|23.0|d|0|9.9|
E|289|291|T|DM|23.0|d|0|29.0|
E|291|292|T|DM|23.0|d|0|30.2|
E|292|254|T|DM|23.0|d|0|37.0|
E|254|285|T|DM|23.0|d|0|14.1|
E|293|292|T|DM|23.0|d|0|72.2|41.807326,12.269892;41.807326,12.269963;41.807323,12.270084;41.807315,12.270141;41.807302,12.270202;41.807287,12.270257;41.807259,12.270333;41.807238,12.270379;41.807212,12.270429;41.807191,12.270456;41.807159,12.270486;41.807121,12.270509;41.807088,12.270521
E|108|294|T|DF|23.0|d|0|157.4|41.827321,12.267175;41.827337,12.267150;41.827356,12.267118;41.827373,12.267077;41.827388,12.267037;41.827398,12.266998;41.827408,12.266958;41.827416,12.266914;41.827422,12.266867;41.827425,12.266824;41.827427,12.266776;41.827425,12.266733;41.827422,12.266688;41.827416,12.266643;41.827408,12.266599;41.827398,12.266556
E|99|116|T|CE|23.0|d|0|10.7|
E|116|294|T|CE|23.0|d|0|63.6|41.827573,12.265946;41.827533,12.265943;41.827490,12.265934;41.827447,12.265916;41.827406,12.265896;41.827370,12.265873;41.827335,12.265846;41.827306,12.265819;41.827279,12.265788;41.827252,12.265750;41.827230,12.265713;41.827206,12.265667;41.827182,12.265616
E|294|262|T|CE|23.0|d|0|88.7|41.827136,12.265460;41.827121,12.265402;41.827099,12.265329;41.827080,12.265282;41.827052,12.265232;41.827023,12.265188;41.826982,12.265141;41.826940,12.265099;41.826895,12.265068;41.826846,12.265045;41.826797,12.265028;41.826745,12.265015;41.826665,12.265007
E|118|295|T|CH|23.0|d|0|126.4|41.818818,12.269565;41.818611,12.269528;41.818379,12.269446;41.818144,12.269364
E|295|261|T|CH|23.0|d|0|116.0|41.817882,12.269271;41.817693,12.269204;41.817435,12.269113;41.817174,12.269079
E|90|91|T|DH|23.0|d|0|23.2|
E|91|119|T|DH|23.0|d|0|96.0|41.818564,12.270748;41.818484,12.270619;41.818440,12.270480;41.818356,12.270147
E|119|295|T|DH|23.0|d|0|60.1|41.818244,12.269696;41.818152,12.269476
E|296|297|T|B|23.0|d|0|561.4|
E|297|293|T|B|23.0|d|0|70.9|
E|293|287|T|B|23.0|d|0|19.4|
E|287|285|T|B|23.0|d|0|46.0|
E|285|253|T|B|23.0|d|0|19.8|
E|253|195|T|B|23.0|d|0|31.5|
E|195|298|T|B|23.0|d|0|26.5|
E|299|300|T|NG|23.0|d|0|40.5|
E|300|301|T|NG|23.0|d|0|45.4|
E|301|302|T|NG|23.0|d|0|45.9|
E|302|303|T|NG|23.0|d|0|51.0|
E|303|304|T|NG|23.0|d|0|56.7|
E|304|305|T|NG|23.0|d|0|58.3|41.798174,12.257854
E|305|306|T|NG|23.0|d|0|9.7|
E|306|307|T|NG|23.0|d|0|16.1|41.798475,12.258057
E|307|308|T|NG|23.0|d|0|21.4|41.798566,12.258187;41.798610,12.258222
E|308|309|T|NG|23.0|d|0|8.0|
E|309|310|T|NG|23.0|d|0|10.2|
E|310|189|T|NG|23.0|d|0|33.1|
E|189|311|T|NG|23.0|d|0|36.1|
E|311|312|T|NG|23.0|d|0|285.3|41.799835,12.258988;41.801165,12.259803
E|312|313|T|NG|23.0|d|0|66.3|
E|313|314|T|NG|23.0|d|0|21.8|
E|314|315|T|NG|23.0|d|0|23.3|
E|315|316|T|NG|23.0|d|0|73.1|
E|316|317|T|NG|23.0|d|0|23.5|
E|317|137|T|NG|23.0|d|0|8.1|
E|318|319|T|H|23.0|d|0|18.7|
E|319|320|T|H|23.0|d|0|102.2|
E|320|321|T|H|23.0|d|0|47.9|
E|321|322|T|H|23.0|d|0|45.8|
E|322|323|T|H|23.0|d|0|9.9|
E|323|307|T|H|23.0|d|0|8.7|
E|307|324|T|H|23.0|d|0|35.4|
E|324|325|T|H|23.0|d|0|140.9|41.798952,12.256968;41.798959,12.256951
E|325|326|T|H|23.0|d|0|49.4|
E|326|236|T|H|23.0|d|0|22.4|41.799426,12.255604
E|236|327|T|H|23.0|d|0|17.0|41.799541,12.255280
E|327|328|T|H|23.0|d|0|7.1|
E|328|245|T|H|23.0|d|0|17.6|41.799585,12.255154
E|245|329|T|H|23.0|d|0|16.7|
E|329|330|T|H|23.0|d|0|105.1|41.799786,12.254586;41.800003,12.253973;41.800009,12.253955
E|330|331|T|H|23.0|d|0|9.5|
E|331|332|T|H|23.0|d|0|64.9|41.800179,12.253475
E|332|333|T|H|23.0|d|0|39.1|41.800413,12.252808
E|333|334|T|H|23.0|d|0|18.1|
E|334|335|T|H|23.0|d|0|27.0|
E|335|336|T|H|23.0|d|0|54.7|
E|336|147|T|H|23.0|d|0|68.2|41.800847,12.251276
E|147|337|T|H|23.0|d|0|183.6|41.801063,12.250097;41.801087,12.249832;41.801102,12.249509;41.801081,12.249105;41.801048,12.248821;41.800994,12.248509
E|337|338|T|H|23.0|d|0|75.6|41.800913,12.248200
E|338|339|T|H|23.0|d|0|21.2|
E|339|340|T|H|23.0|d|0|272.8|41.800598,12.247074
E|340|341|T|H|23.0|d|0|86.6|
E|341|342|T|H|23.0|d|0|63.1|
E|342|343|T|H|23.0|d|0|131.1|41.799237,12.242118;41.799199,12.241931;41.799171,12.241749;41.799140,12.241364
E|157|344|T|BE|23.0|d|1|153.9|41.804937,12.252609;41.804940,12.252804;41.804924,12.253016;41.804874,12.253268;41.804766,12.253612;41.804687,12.253771;41.804604,12.253873
E|344|345|T|BE|23.0|d|1|96.5|41.804232,12.254094
E|345|346|T|BE|23.0|d|1|96.9|41.803508,12.254407;41.803343,12.254399;41.803208,12.254324;41.803106,12.254235;41.803027,12.254143
E|158|344|T|BE|23.0|d|1|159.7|41.805487,12.254606;41.805388,12.254438;41.805240,12.254257;41.805059,12.254107;41.804884,12.253979;41.804753,12.253930;41.804618,12.253922
E|345|347|T|BE|23.0|d|1|95.9|41.803534,12.254452;41.803455,12.254540;41.803373,12.254668;41.803310,12.254836;41.803290,12.255004
E|33|232|T|H|23.0|d|0|58.5|
E|232|348|T|H|23.0|d|0|108.1|41.798543,12.238027;41.798683,12.238531
E|348|349|T|H|23.0|d|0|33.2|
E|350|351|T|P|23.0|d|0|5.5|
E|351|182|T|P|23.0|d|0|33.6|
E|182|229|T|P|23.0|d|0|41.9|41.800994,12.253561
E|229|230|T|P|23.0|d|0|6.0|
E|230|142|T|P|23.0|d|0|19.4|
E|142|231|T|P|23.0|d|0|29.6|41.801571,12.253861
E|231|352|T|P|23.0|d|0|100.0|41.802289,12.254210
E|352|353|T|P|23.0|d|0|4.2|
E|353|354|T|P|23.0|d|0|17.8|
E|354|355|T|P|23.0|d|0|37.9|41.802931,12.254471
E|355|345|T|P|23.0|d|0|68.3|41.803194,12.254484;41.803418,12.254449
E|198|356|T|M|23.0|d|0|37.2|41.799919,12.247732;41.799919,12.247819;41.799904,12.247922
E|356|53|T|M|23.0|d|0|24.4|41.799806,12.248142
E|146|357|T|CF|23.0|d|0|21.7|
E|357|335|T|CF|23.0|d|0|16.9|
E|335|358|T|CF|23.0|d|0|49.5|41.800421,12.251740
E|358|359|T|CF|23.0|d|0|120.2|41.800163,12.251581;41.799550,12.251203
E|359|360|T|CF|23.0|d|0|75.0|
E|360|361|T|CF|23.0|d|0|73.2|41.798415,12.250494
E|361|362|T|CF|23.0|d|0|41.7|
E|362|363|T|CF|23.0|d|0|17.0|
E|363|364|T|CF|23.0|d|0|41.9|
E|364|48|T|CF|23.0|d|0|45.8|41.797184,12.249712;41.797097,12.249682;41.797020,12.249669
E|51|362|T||23.0|d|0|95.9|41.797802,12.249222;41.797748,12.249282;41.797696,12.249360;41.797661,12.249446;41.797635,12.249536;41.797619,12.249648;41.797626,12.249772;41.797652,12.249871;41.797687,12.249974
E|145|365|T||23.0|d|0|25.6|41.801004,12.252225;41.800973,12.252168;41.800943,12.252126
E|365|357|T||23.0|d|0|14.3|41.800896,12.252068
E|180|146|T||23.0|d|0|62.7|41.801441,12.251912;41.801404,12.251961;41.801365,12.252003;41.801330,12.252034;41.801282,12.252071;41.801223,12.252097;41.801165,12.252113;41.801103,12.252118;41.801052,12.252115
E|146|365|T||23.0|d|0|8.4|
E|365|334|T||23.0|d|0|41.4|41.800834,12.252081;41.800764,12.252071;41.800718,12.252073;41.800681,12.252089;41.800652,12.252120
E|133|63|T||23.0|d|0|55.8|41.804076,12.263355;41.804068,12.263439;41.804049,12.263512;41.804022,12.263580;41.803992,12.263620;41.803948,12.263662;41.803910,12.263689;41.803866,12.263711
E|66|366|T|EA|23.0|d|0|90.0|41.802327,12.264156;41.802371,12.264143;41.802433,12.264109;41.802496,12.264069;41.802562,12.264021;41.802617,12.263963;41.802665,12.263889;41.802708,12.263814;41.802748,12.263730;41.802790,12.263619;41.802824,12.263508
E|366|367|T|EA|23.0|d|0|37.9|41.802965,12.263116
E|367|368|T|EA|23.0|d|0|40.4|41.802999,12.263017
E|368|369|T|EA|23.0|d|0|7.2|41.803153,12.262576
E|369|370|T|EA|23.0|d|0|29.2|41.803174,12.262515
E|370|371|T|EA|23.0|d|0|20.8|
E|371|372|T|EA|23.0|d|0|3.6|
E|65|373|T||23.0|d|0|56.8|41.803040,12.263905;41.802998,12.263898;41.802956,12.263880;41.802910,12.263847;41.802879,12.263815;41.802852,12.263773;41.802835,12.263730;41.802820,12.263678;41.802813,12.263627;41.802813,12.263579
E|373|366|T||23.0|d|0|2.5|
E|372|374|T||23.0|d|0|53.3|41.803395,12.261836;41.803420,12.261706;41.803437,12.261589;41.803448,12.261470
E|374|317|T||23.0|d|0|10.0|
E|317|138|T||23.0|d|0|35.0|41.803437,12.261082
E|315|139|T||23.0|d|0|102.4|41.802736,12.260740;41.802807,12.260733;41.802898,12.260704;41.802990,12.260643;41.803055,12.260573;41.803115,12.260471;41.803156,12.260351;41.803176,12.260228;41.803176,12.260115
E|375|376|T|EB|23.0|d|0|39.1|41.801162,12.262847;41.801170,12.262820
E|376|377|T|EB|23.0|d|0|56.3|41.801290,12.262480
E|377|378|T|EB|23.0|d|0|64.3|41.801502,12.261872;41.801532,12.261788;41.801589,12.261622
E|378|379|T|EB|23.0|d|0|46.0|
E|379|312|T|EB|23.0|d|0|52.5|41.801916,12.260641;41.801921,12.260559;41.801916,12.260483;41.801897,12.260392;41.801864,12.260312;41.801814,12.260229
E|379|313|T||23.0|d|0|49.6|41.801936,12.260645;41.801982,12.260578;41.802039,12.260533;41.802100,12.260507;41.802158,12.260497;41.802226,12.260497
E|380|381|T|EH|23.0|d|0|97.8|41.799796,12.264829
E|381|382|T|EH|23.0|d|0|64.7|41.799385,12.263348
E|382|383|T|EH|23.0|d|0|14.3|
E|383|75|T|EH|23.0|d|0|65.0|41.799112,12.262359;41.799093,12.262301;41.799069,12.262251
E|383|74|T||23.0|d|0|50.9|41.799250,12.262793;41.799255,12.262739;41.799261,12.262691;41.799272,12.262659;41.799289,12.262619;41.799315,12.262582;41.799346,12.262556;41.799377,12.262533;41.799417,12.262513;41.799463,12.262500
E|74|73|T||23.0|d|0|4.7|
E|384|385|T||23.0|d|0|205.8|
E|385|386|T||23.0|d|0|60.8|
E|386|387|T||23.0|d|0|268.6|
E|387|388|T||23.0|d|0|17.9|
E|388|389|T||23.0|d|0|8.1|
E|389|390|T||23.0|d|0|41.7|41.794100,12.260509;41.794119,12.260480;41.794153,12.260441;41.794191,12.260406;41.794268,12.260336
E|390|391|T||23.0|d|0|26.4|41.794415,12.260243;41.794483,12.260214
E|318|392|T|H|23.0|d|0|8.6|
E|392|393|T|H|23.0|d|0|30.8|
E|393|394|T|H|23.0|d|0|29.1|41.797446,12.261262;41.797401,12.261352
E|394|395|T|H|23.0|d|0|14.1|
E|395|396|T|H|23.0|d|0|179.3|41.797266,12.261604;41.797219,12.261708;41.796885,12.262640;41.796836,12.262726;41.796761,12.262811
E|396|397|T|H|23.0|d|0|269.1|
E|77|395|T||23.0|d|0|66.9|41.797711,12.261406;41.797625,12.261390;41.797555,12.261397;41.797483,12.261414;41.797405,12.261460;41.797347,12.261507
E|311|188|T||23.0|d|0|52.8|41.799347,12.258669;41.799320,12.258629;41.799295,12.258590;41.799276,12.258552;41.799259,12.258507;41.799249,12.258462;41.799239,12.258396;41.799234,12.258338;41.799236,12.258282
E|188|310|T||23.0|d|0|51.9|41.799214,12.258263;41.799185,12.258297;41.799153,12.258332;41.799115,12.258366;41.799080,12.258386;41.799035,12.258405;41.798986,12.258415;41.798944,12.258412;41.798906,12.258402
E|310|309|T||23.0|d|0|10.2|
E|309|324|T||23.0|d|0|52.0|41.798710,12.258247;41.798680,12.258189;41.798659,12.258141;41.798646,12.258086;41.798638,12.258036;41.798634,12.257979;41.798635,12.257928;41.798642,12.257869
E|328|244|T||23.0|d|0|30.2|41.799610,12.255137;41.799652,12.255102;41.799700,12.255081;41.799746,12.255077
E|183|350|T||23.0|d|0|53.0|41.800774,12.253764;41.800765,12.253638;41.800731,12.253525;41.800686,12.253455
E|350|331|T||23.0|d|0|53.7|41.800486,12.253329;41.800401,12.253321;41.800322,12.253350;41.800265,12.253395;41.800219,12.253443
E|181|351|T||23.0|d|0|50.6|41.800958,12.253269;41.800907,12.253323;41.800865,12.253355;41.800815,12.253380;41.800767,12.253392;41.800719,12.253392
E|351|350|T||23.0|d|0|5.5|
E|350|332|T||23.0|d|0|48.4|41.800508,12.253303;41.800460,12.253239;41.800425,12.253165;41.800399,12.253079;41.800390,12.252992
E|333|398|T||23.0|d|0|27.8|41.800557,12.252299;41.800555,12.252188
E|398|358|T||23.0|d|0|48.8|41.800524,12.251993;41.800489,12.251904;41.800452,12.251837;41.800415,12.251783
E|358|336|T||23.0|d|0|76.5|41.800359,12.251677;41.800439,12.251679;41.800517,12.251665;41.800589,12.251637;41.800647,12.251600;41.800699,12.251561;41.800743,12.251504;41.800776,12.251445
E|156|399|T|BF|23.0|d|1|204.5|41.803624,12.247807;41.803547,12.247630;41.803440,12.247485;41.803349,12.247391;41.803224,12.247317;41.803116,12.247279;41.802973,12.247256;41.802844,12.247279;41.802670,12.247349
E|399|400|T|BF|23.0|d|1|40.3|41.802357,12.247499
E|400|401|T|BF|23.0|d|1|19.4|
E|401|58|T|BF|23.0|d|1|30.2|41.801918,12.247704;41.801845,12.247728
E|402|57|T||23.0|d|0|78.2|41.801620,12.247228;41.801618,12.247315;41.801605,12.247422;41.801570,12.247519;41.801521,12.247600;41.801451,12.247673;41.801381,12.247724
E|57|403|T||23.0|d|0|82.7|41.801438,12.247767;41.801528,12.247794;41.801623,12.247837;41.801693,12.247894;41.801758,12.247965;41.801820,12.248052
E|56|338|T||23.0|d|0|55.1|41.801017,12.247733;41.800962,12.247719;41.800898,12.247682;41.800831,12.247637;41.800778,12.247577
E|338|339|T||23.0|d|0|21.2|
E|339|55|T||23.0|d|0|73.7|41.800668,12.247384;41.800668,12.247464;41.800653,12.247549;41.800634,12.247639;41.800590,12.247736;41.800541,12.247810;41.800484,12.247869
E|55|337|T||23.0|d|0|78.8|41.800503,12.247909;41.800590,12.247912;41.800662,12.247943;41.800727,12.247982;41.800793,12.248036;41.800846,12.248102;41.800884,12.248175
E|340|404|T|S|23.0|d|0|66.9|41.799760,12.244027;41.799707,12.243950;41.799639,12.243879;41.799552,12.243821;41.799478,12.243800;41.799411,12.243786
E|404|405|T|S|23.0|d|0|12.3|
E|405|406|T|S|23.0|d|0|42.5|
E|406|203|T|S|23.0|d|0|9.4|
E|203|407|T|S|23.0|d|0|32.4|
E|407|408|T|S|23.0|d|0|37.2|
E|408|409|T|S|23.0|d|0|74.1|
E|409|410|T|S|23.0|d|0|102.3|
E|410|411|T|S|23.0|d|0|45.4|41.796538,12.245180
E|411|412|T|S|23.0|d|0|41.1|
E|412|413|T|S|23.0|d|0|47.6|
E|413|414|T|S|23.0|d|0|3.7|
E|414|415|T|S|23.0|d|0|39.8|
E|406|204|T||23.0|d|0|19.9|
E|405|416|T||23.0|d|0|33.0|41.799153,12.243915;41.799121,12.243956;41.799106,12.243981;41.799091,12.244009;41.799080,12.244040;41.799067,12.244074;41.799057,12.244110
E|416|200|T||23.0|d|0|30.8|41.799040,12.244223;41.799035,12.244280;41.799033,12.244325;41.799033,12.244366
E|408|205|T||23.0|d|0|59.8|41.798258,12.244282;41.798288,12.244252;41.798308,12.244228;41.798340,12.244184;41.798362,12.244141;41.798373,12.244094;41.798380,12.244046;41.798383,12.243996;41.798383,12.243951;41.798380,12.243906;41.798373,12.243862
E|417|418|T|T|23.0|d|0|75.8|41.800328,12.242506;41.800273,12.242406;41.800230,12.242359;41.800163,12.242296;41.800093,12.242245;41.800016,12.242218;41.799923,12.242212
E|418|419|T|T|23.0|d|0|7.8|
E|419|420|T|T|23.0|d|0|7.9|
E|420|342|T|T|23.0|d|0|43.8|
E|342|421|T|T|23.0|d|0|87.2|41.798722,12.242768
E|421|422|T|T|23.0|d|0|6.9|
E|422|423|T|T|23.0|d|0|91.2|41.798398,12.242992;41.798283,12.243113;41.798136,12.243297;41.798049,12.243434;41.797974,12.243514
E|423|424|T|T|23.0|d|0|128.1|
E|424|425|T|T|23.0|d|0|102.9|
E|425|426|T|T|23.0|d|0|94.6|41.795824,12.244596;41.795737,12.244656;41.795647,12.244746;41.795567,12.244874;41.795492,12.245051
E|426|415|T|T|23.0|d|0|47.3|
E|426|414|T||23.0|d|0|41.8|41.795359,12.245447;41.795359,12.245494;41.795368,12.245545;41.795391,12.245589;41.795417,12.245626;41.795452,12.245650;41.795485,12.245669
E|207|423|T||23.0|d|0|68.5|41.798119,12.242951;41.798124,12.242992;41.798125,12.243045;41.798125,12.243093;41.798121,12.243144;41.798114,12.243192;41.798100,12.243248;41.798089,12.243288;41.798076,12.243322;41.798057,12.243369;41.798040,12.243399;41.798005,12.243451
E|423|206|T||23.0|d|0|52.7|41.798017,12.243508;41.798085,12.243492;41.798119,12.243491;41.798150,12.243499;41.798179,12.243511;41.798203,12.243528;41.798232,12.243548;41.798256,12.243571;41.798276,12.243591
E|206|422|T||23.0|d|0|75.1|41.798298,12.243499;41.798294,12.243446;41.798295,12.243393;41.798296,12.243347;41.798305,12.243273;41.798319,12.243214;41.798334,12.243165;41.798350,12.243120;41.798373,12.243071;41.798423,12.242995
E|208|421|T||23.0|d|0|73.2|41.798047,12.242600;41.798067,12.242639;41.798086,12.242674;41.798108,12.242709;41.798164,12.242771;41.798194,12.242799;41.798226,12.242827;41.798265,12.242850;41.798302,12.242865;41.798377,12.242882;41.798419,12.242884;41.798464,12.242882;41.798509,12.242872
E|421|343|T|BT|23.0|d|0|177.2|41.798713,12.242752;41.798765,12.242692;41.798797,12.242637;41.798844,12.242519;41.798873,12.242409;41.799075,12.241365;41.799116,12.241151;41.799132,12.241048;41.799141,12.240967
E|343|349|T|BT|23.0|d|0|151.8|41.799151,12.240793;41.799149,12.240595;41.799140,12.240450;41.799119,12.240252;41.799085,12.240068;41.799041,12.239872;41.798980,12.239639
E|155|427|T|BG|23.0|d|1|168.7|41.801583,12.240444;41.801517,12.240300;41.801447,12.240183;41.801361,12.240094;41.801277,12.240024;41.801148,12.239962;41.801039,12.239928;41.800944,12.239923;41.800827,12.239933;41.800725,12.239964
E|427|428|T|BG|23.0|d|1|44.7|
E|44|429|T|AA|23.0|d|0|299.5|41.814747,12.229989;41.814877,12.229921;41.814987,12.229781;41.815082,12.229533
E|429|1|T|AA|23.0|d|0|192.5|41.815639,12.228102;41.815691,12.227923;41.815697,12.227711;41.815535,12.227012;41.815496,12.226898;41.815439,12.226781;41.815357,12.226692;41.815274,12.226629;41.815182,12.226600;41.815083,12.226591
E|29|213|T||23.0|d|0|73.3|41.796362,12.237704;41.796474,12.237717;41.796567,12.237760;41.796653,12.237829;41.796724,12.237915
E|213|214|T||23.0|d|0|76.2|41.796817,12.238271;41.796814,12.238422;41.796778,12.238542;41.796734,12.238654;41.796676,12.238736
E|214|430|T||23.0|d|0|69.5|41.796686,12.238817;41.796785,12.238839;41.796871,12.238882;41.796948,12.238933;41.797028,12.239032
E|430|211|T||23.0|d|0|6.2|41.797111,12.239192
E|7|431|T|AE|23.0|d|1|175.9|41.797046,12.234154;41.797198,12.234175;41.797313,12.234227;41.797408,12.234300;41.797500,12.234407;41.797562,12.234525;41.797632,12.234739
E|431|432|T|AE|23.0|d|1|38.6|41.797885,12.235662
E|432|433|T|AE|23.0|d|1|41.6|41.798001,12.236080
E|433|33|T|AE|23.0|d|1|59.7|
E|13|434|T|AL|23.0|d|0|269.6|41.783429,12.243095;41.783118,12.243234;41.782910,12.243315;41.782736,12.243388;41.782659,12.243403;41.782565,12.243403;41.782491,12.243382;41.782412,12.243335;41.782338,12.243273;41.782273,12.243176;41.782227,12.243082;41.782174,12.242910
E|434|11|T|AL|23.0|d|0|207.5|41.781945,12.241848;41.781951,12.241720;41.781972,12.241595;41.782022,12.241441;41.782141,12.241186;41.782579,12.240288;41.782639,12.240199;41.782713,12.240142
E|13|435|T|AK|23.0|d|0|156.9|41.783542,12.243017;41.783466,12.242996;41.783394,12.242965;41.783326,12.242902;41.783271,12.242832;41.783223,12.242730;41.783192,12.242615
E|435|10|T|AK|23.0|d|0|149.9|41.782723,12.240609;41.782715,12.240518;41.782723,12.240400;41.782742,12.240306;41.782791,12.240205;41.782863,12.240095
E|8|436|T|AF|23.0|d|1|381.5|41.794305,12.235334;41.794859,12.235196;41.795512,12.235106;41.795972,12.235112;41.796624,12.235202
E|436|432|T|AF|23.0|d|1|85.3|41.797679,12.235514;41.797800,12.235591
E|34|433|T||23.0|d|0|85.0|41.798504,12.236694;41.798428,12.236668;41.798364,12.236637;41.798303,12.236601;41.798240,12.236546;41.798168,12.236464;41.798109,12.236378
E|433|32|T||23.0|d|0|89.9|41.798051,12.236378;41.798049,12.236480;41.798028,12.236621;41.797993,12.236745;41.797941,12.236869;41.797886,12.236948;41.797811,12.237034
E|6|437|T|AG|23.0|d|1|508.7|41.796667,12.234335;41.796141,12.234645;41.795781,12.234904;41.795312,12.235279;41.794828,12.235802;41.794461,12.236269
E|437|438|T|AG|23.0|d|1|52.8|
E|438|439|T|AG|23.0|d|1|17.5|41.793356,12.237883
E|439|25|T|AG|23.0|d|1|89.7|41.793174,12.238304;41.793136,12.238548;41.793129,12.238776
E|438|27|T||23.0|d|1|110.8|41.793354,12.238060;41.793354,12.238211;41.793396,12.238378;41.793457,12.238529;41.793527,12.238632;41.793627,12.238705;41.793716,12.238735
E|26|440|T||23.0|d|0|64.5|41.793418,12.238941;41.793361,12.239002;41.793306,12.239096;41.793271,12.239195;41.793258,12.239324
E|440|24|T||23.0|d|0|66.2|41.793210,12.239320;41.793156,12.239234;41.793079,12.239182;41.792973,12.239143
E|24|441|T||23.0|d|0|21.4|
E|441|442|T||23.0|d|0|40.0|41.792563,12.239397;41.792515,12.239556
E|442|22|T||23.0|d|0|57.1|41.792460,12.239620;41.792380,12.239530;41.792281,12.239474;41.792195,12.239457
E|443|441|T||23.0|d|1|18.5|
E|17|161|T||23.0|d|0|90.3|41.788884,12.240822;41.789027,12.240840;41.789134,12.240897;41.789224,12.240984;41.789297,12.241119
E|161|160|T||23.0|d|0|18.2|
E|160|19|T||23.0|d|0|69.8|41.789335,12.240954;41.789371,12.240807;41.789438,12.240679;41.789543,12.240562
E|162|227|T|Z|23.0|d|0|86.3|41.789434,12.241780;41.789471,12.241868;41.789529,12.241957;41.789595,12.242031;41.789677,12.242084;41.789772,12.242127;41.789867,12.242137
E|442|444|T|W|23.0|d|0|22.7|
E|444|445|T|W|23.0|d|0|34.1|
E|445|446|T|W|23.0|d|0|67.0|41.792698,12.240400
E|446|447|T|W|23.0|d|0|178.0|41.792915,12.241196;41.793168,12.242109;41.793437,12.243064
E|447|448|T|W|23.0|d|0|29.1|41.793466,12.243174;41.793477,12.243309;41.793458,12.243418
E|448|449|T|W|23.0|d|0|6.0|
E|449|450|T|W|23.0|d|0|86.1|41.793292,12.243790;41.793118,12.244135
E|450|451|T|W|23.0|d|0|21.0|41.792944,12.244544
E|451|452|T|W|23.0|d|0|8.6|
E|452|453|T|W|23.0|d|0|7.4|
E|453|454|T|W|23.0|d|0|29.0|
E|454|455|T|W|23.0|d|0|44.6|
E|455|456|T|W|23.0|d|0|3.7|
E|456|457|T|W|23.0|d|0|41.3|41.793085,12.245758
E|457|458|T|W|23.0|d|0|16.1|
E|458|459|T|W|23.0|d|0|12.7|
E|459|460|T|W|23.0|d|0|16.6|
E|460|461|T|W|23.0|d|0|30.2|
E|461|462|T|W|23.0|d|0|15.9|
E|462|463|T|W|23.0|d|0|34.6|
E|440|464|T|V|23.0|d|0|16.0|
E|464|465|T|V|23.0|d|0|20.4|41.793366,12.239846
E|465|466|T|V|23.0|d|0|33.8|
E|466|219|T|V|23.0|d|0|12.0|
E|219|467|T|V|23.0|d|0|17.4|
E|467|468|T|V|23.0|d|0|29.8|41.793548,12.240801
E|468|469|T|V|23.0|d|0|105.8|
E|469|470|T|V|23.0|d|0|16.9|
E|470|471|T|V|23.0|d|0|50.3|
E|218|467|T||23.0|d|0|25.6|41.793577,12.240419;41.793551,12.240511
E|466|472|T||23.0|d|0|28.5|
E|217|465|T||23.0|d|0|63.1|41.793773,12.240201;41.793699,12.240207;41.793636,12.240192;41.793571,12.240160;41.793517,12.240120;41.793454,12.240035
E|465|220|T||23.0|d|0|70.4|41.793425,12.240120;41.793423,12.240201;41.793401,12.240306;41.793369,12.240394;41.793332,12.240449;41.793286,12.240507
E|220|468|T||23.0|d|0|61.7|41.793254,12.240577;41.793319,12.240583;41.793386,12.240612;41.793443,12.240671;41.793499,12.240738
E|220|445|T||23.0|d|0|62.2|41.793056,12.240627;41.792984,12.240633;41.792917,12.240615;41.792860,12.240586;41.792804,12.240539;41.792763,12.240490
E|445|222|T||23.0|d|0|52.0|41.792704,12.240481;41.792697,12.240574;41.792680,12.240650;41.792647,12.240738;41.792617,12.240793
E|222|446|T||23.0|d|0|49.2|41.792597,12.240904;41.792686,12.240915;41.792745,12.240942;41.792812,12.241000
E|446|221|T||23.0|d|0|48.3|41.792899,12.241006;41.792908,12.240927;41.792932,12.240834;41.792980,12.240743
E|469|473|T|K|23.0|d|0|118.7|41.793930,12.242183;41.793936,12.242207;41.793940,12.242234;41.793943,12.242265;41.793945,12.242301;41.793945,12.242334;41.793943,12.242368;41.793941,12.242401;41.793937,12.242432;41.793931,12.242465;41.793925,12.242497;41.793917,12.242526;41.793908,12.242554;41.793900,12.242576;41.793891,12.242600;41.793875,12.242632;41.793858,12.242668
E|473|448|T|K|23.0|d|0|7.8|
E|448|474|T|K|23.0|d|0|22.4|41.793396,12.243508;41.793335,12.243544
E|474|475|T|K|23.0|d|0|30.5|41.793073,12.243667
E|475|476|T|K|23.0|d|0|44.6|
E|476|477|T|K|23.0|d|0|26.8|
E|477|478|T|K|23.0|d|0|18.4|41.792326,12.244028
E|478|479|T|K|23.0|d|0|62.1|
E|479|480|T|K|23.0|d|0|44.6|41.791359,12.244500
E|480|481|T|K|23.0|d|0|44.9|
E|481|169|T|K|23.0|d|0|141.7|41.790861,12.244739;41.790741,12.244774;41.790637,12.244779;41.790557,12.244770;41.790472,12.244747;41.790344,12.244692;41.790209,12.244585;41.790109,12.244453;41.790026,12.244310
E|447|474|T||23.0|d|0|48.0|41.793462,12.243263;41.793458,12.243321;41.793436,12.243394;41.793408,12.243446;41.793360,12.243511
E|452|477|T||23.0|d|0|103.4|41.792920,12.244637;41.792889,12.244421;41.792861,12.244262;41.792842,12.244209;41.792809,12.244155;41.792761,12.244083;41.792686,12.244018;41.792602,12.243977;41.792527,12.243970
E|25|440|T||23.0|d|0|40.6|41.793183,12.239183
E|378|482|P|203|||0|95.6|
E|191|483|P|321|||0|86.5|41.799248,12.259554
E|192|484|P|322|||0|87.5|41.799041,12.260144
E|193|485|P|323|||0|91.3|41.798835,12.260734
E|486|487|L|314|23.0|d|0|93.7|
E|488|489|L|315|23.0|d|0|93.9|
E|490|491|L|318|23.0|d|0|93.4|
E|492|493|L|317|23.0|d|0|93.2|
E|494|495|L|316|23.0|d|0|93.3|
E|301|496|L|410|23.0|d|0|81.3|
E|302|497|L|409|23.0|d|0|81.4|
E|303|498|L|408|23.0|d|0|83.5|
E|239|499|L|404|23.0|d|0|71.9|
E|240|500|L|403|23.0|d|0|73.3|
E|241|501|L|402|23.0|d|0|73.6|
E|242|502|L|401|23.0|d|0|82.4|41.796942,12.254052
E|252|503|P|502|||0|73.9|
E|251|504|P|504|||0|72.0|
E|250|505|P|506|||0|71.7|
E|249|506|P|518|||0|69.0|
E|248|507|P|508|||0|99.8|
E|330|508|P|510|||0|97.6|
E|398|509|P|509|||0|132.6|
E|359|510|P|507|||0|111.1|
E|360|511|P|505|||0|107.8|
E|361|512|P|503|||0|107.0|
E|363|513|P|501|||0|102.2|
E|48|514|P|614|||0|111.2|41.796793,12.249674;41.796724,12.249587
E|364|49|P|613|||0|23.4|41.797189,12.249646
E|49|515|P|613|||0|104.7|41.797081,12.249319
E|50|516|P|612|||0|103.6|
E|51|517|P|611|||0|102.9|
E|52|518|P|610|||0|102.4|
E|199|519|P|608|||0|149.9|
E|409|520|P|606|||0|130.0|
E|410|521|P|605|||0|114.2|
E|411|522|P|604|||0|110.9|
E|412|523|P|603|||0|113.9|
E|413|524|P|602|||0|104.9|
E|415|525|P|601|||0|114.4|
E|425|526|P|711|||0|146.2|
E|424|527|P|710|||0|130.6|
E|423|528|P|709|||0|151.8|
E|209|529|P|708|||0|134.2|
E|210|530|P|707|||0|133.8|
E|430|531|P|706|||0|159.8|
E|215|532|P|705|||0|139.7|
E|216|533|P|704|||0|139.7|
E|472|534|P|703|||0|156.0|
E|470|535|P|702|||0|133.4|
E|471|536|P|701|||0|137.8|41.794500,12.243105
E|450|537|P|802|||0|112.4|
E|456|538|P|804|||0|91.3|
E|458|539|P|805|||0|95.7|
E|461|540|P|806|||0|87.9|
E|463|541|P|807|||0|88.7|
E|451|542|P|808|||0|105.1|
E|453|543|P|809|||0|104.1|
E|454|544|P|810|||0|104.3|
E|455|545|P|811|||0|103.3|
E|457|546|P|812|||0|103.1|
E|459|547|P|813|||0|103.1|
E|460|548|P|814|||0|103.0|
E|462|549|P|815|||0|85.6|
E|475|550|P|824|||0|67.7|
E|476|551|P|825|||0|68.9|
E|478|552|P|826|||0|65.3|
E|479|553|P|827|||0|69.2|
E|480|554|P|828|||0|69.0|
E|481|555|P|829|||0|67.1|
E|226|556|P|823|||0|133.8|
E|225|557|P|822|||0|133.5|
E|224|558|P|821|||0|133.0|
E|223|559|P|820|||0|137.3|
E|163|560|P|831|||0|121.4|
E|164|561|P|832|||0|90.7|
E|165|562|P|833|||0|114.4|
E|228|563|P|834|||0|90.8|
E|167|564|P|835|||0|114.1|
E|168|565|P|836|||0|90.8|
E|170|566|P|842|||0|66.6|
E|171|567|P|843|||0|67.2|
E|172|568|P|844|||0|66.5|
E|173|569|P|845|||0|67.3|
E|175|570|P|846|||0|66.8|
E|176|571|P|847|||0|67.5|
E|326|235|T||23.0|d|0|33.6|41.799434,12.255610;41.799467,12.255576;41.799510,12.255550;41.799552,12.255539;41.799594,12.255541
E|572|402|T||23.0|d|0|29.2|
E|400|573|T||23.0|d|1|81.1|41.802067,12.247683;41.802010,12.247754;41.801972,12.247824;41.801935,12.247908;41.801912,12.248005;41.801902,12.248095;41.801905,12.248206
E|310|190|T||23.0|d|0|45.8|41.798918,12.258444;41.798943,12.258472;41.798961,12.258496;41.798985,12.258539;41.799002,12.258597;41.799013,12.258653;41.799021,12.258708;41.799023,12.258764
E|190|311|T||23.0|d|0|48.7|41.799048,12.258798;41.799088,12.258761;41.799129,12.258726;41.799172,12.258706;41.799231,12.258684;41.799278,12.258680;41.799317,12.258689
E|439|443|T||23.0|d|1|113.3|41.793211,12.238149;41.793069,12.238439;41.792912,12.238808;41.792819,12.238984
E|443|23|T||23.0|d|1|20.2|
E|354|574|T||23.0|d|0|57.7|41.802918,12.254536;41.803052,12.254646
E|353|346|T||23.0|d|0|57.1|41.802701,12.254361;41.802794,12.254313;41.802878,12.254222;41.802920,12.254098
E|401|572|T||23.0|d|1|47.2|41.801985,12.247651;41.801942,12.247643;41.801870,12.247613;41.801812,12.247576;41.801753,12.247516
E|428|575|T||23.0|d|1|6.1|
E|575|576|T||23.0|d|1|21.9|41.800081,12.240277
E|576|577|T||23.0|d|1|39.3|41.799959,12.240364;41.799912,12.240422;41.799863,12.240526
E|577|578|T||23.0|d|1|15.0|
E|579|389|T||23.0|d|0|46.9|41.793976,12.260116;41.794004,12.260156;41.794036,12.260230;41.794054,12.260295;41.794068,12.260362;41.794077,12.260424;41.794078,12.260484
E|389|388|T||23.0|d|0|8.1|41.794046,12.260636
E|388|387|T||23.0|d|0|17.9|
E|390|579|T||23.0|d|0|49.6|41.794295,12.260278;41.794251,12.260271;41.794210,12.260249
E|579|580|T||23.0|d|0|200.7|
E|397|581|T||23.0|d|0|132.6|41.794083,12.264845;41.794018,12.264880;41.793937,12.264895;41.793841,12.264880;41.793771,12.264842
E|581|386|T||23.0|d|0|59.8|41.793012,12.264313;41.792954,12.264209;41.792921,12.264111;41.792909,12.264002
E|386|582|T||23.0|d|0|330.3|41.792850,12.263948;41.792746,12.264036;41.792635,12.264073;41.792459,12.264032
E|385|581|T||23.0|d|0|43.0|41.792829,12.264399;41.792915,12.264365;41.793013,12.264378
E|54|356|P|609|||0|52.3|41.800067,12.248033
E|356|583|P|609|||0|184.1|41.799756,12.248041;41.799654,12.248022;41.799561,12.247988
E|584|14|T|J|23.0|d|0|41.4|41.786885,12.241940;41.786835,12.241865;41.786759,12.241801
E|584|15|T|J|23.0|d|0|41.6|41.786929,12.241921;41.786941,12.241814;41.786971,12.241710
E|584|585|T|J|23.0|d|0|71.0|
E|585|586|T|J|23.0|d|0|75.3|
E|586|587|T|J|23.0|d|0|2.7|
E|587|588|T|J|23.0|d|0|55.3|
E|588|589|T|J|23.0|d|0|22.3|
E|589|590|T|J|23.0|d|0|22.6|
E|590|591|T|J|23.0|d|0|44.8|
E|591|592|T|J|23.0|d|0|5.8|
E|592|174|T|J|23.0|d|0|105.9|41.787914,12.246254;41.787940,12.246336;41.787973,12.246399;41.788011,12.246443;41.788066,12.246476
E|585|593|P|901|||0|122.2|
E|587|594|P|902|||0|122.7|
E|589|595|P|903|||0|122.5|
E|592|596|P|904|||0|123.9|
E|585|597|P|905|||0|123.3|
E|586|598|P|906|||0|123.3|
E|588|599|P|907|||0|84.8|
E|590|600|P|908|||0|85.1|
E|591|601|P|909|||0|85.6|
E|578|602|T|B|23.0|d|0|59.2|
E|602|417|T|B|23.0|d|0|98.1|
E|417|603|T|B|23.0|d|0|158.1|
E|603|402|T|B|23.0|d|0|234.7|41.801496,12.246681
E|402|572|T|B|23.0|d|0|29.2|
E|572|58|T|B|23.0|d|0|29.5|
E|58|403|T|B|23.0|d|0|41.3|41.801869,12.248119
E|403|573|T|B|23.0|d|0|14.7|
E|573|179|T|B|23.0|d|0|138.8|41.801950,12.248495;41.802019,12.248913;41.802050,12.249289;41.802044,12.249640
E|179|346|T|B|23.0|d|0|345.8|41.802019,12.250317;41.802044,12.250685;41.802122,12.251052
E|346|355|T|B|23.0|d|0|45.0|
E|355|574|T|B|23.0|d|0|28.9|
E|574|347|T|B|23.0|d|0|40.9|
E|347|604|T|B|23.0|d|0|432.8|
E|604|605|T|B|23.0|d|0|49.8|41.804778,12.260683
E|605|606|T|B|23.0|d|0|47.2|41.804843,12.260917;41.804895,12.261107
E|606|607|T|B|23.0|d|0|44.2|
E|607|608|T|B|23.0|d|0|42.6|
E|608|609|T|B|23.0|d|0|22.6|41.805255,12.262413
E|609|296|T|B|23.0|d|0|18.1|
E|418|602|T||23.0|d|0|68.4|41.799881,12.242181;41.799935,12.242120;41.799993,12.242028;41.800029,12.241921;41.800059,12.241812;41.800075,12.241700
E|420|341|T||23.0|d|0|82.1|41.799614,12.242375;41.799557,12.242466;41.799515,12.242556;41.799492,12.242666;41.799481,12.242779;41.799491,12.242894
E|404|341|T||23.0|d|0|62.7|41.799396,12.243738;41.799448,12.243677;41.799495,12.243585;41.799524,12.243509;41.799549,12.243404;41.799553,12.243299
E|416|202|P|607|||0|16.4|
E|202|610|P|607|||0|3.5|
E|610|611|P|607|||0|171.7|41.798859,12.244685
E|407|610|T||23.0|d|0|58.6|41.798599,12.244169;41.798662,12.244170;41.798726,12.244182;41.798785,12.244206;41.798839,12.244241;41.798895,12.244281;41.798927,12.244315
E|610|201|T||23.0|d|0|8.4|
E|612|259|T|CM|23.0|d|0|87.5|41.808907,12.272230;41.809025,12.272249;41.809129,12.272251;41.809204,12.272244;41.809302,12.272227
E|298|613|T|B|23.0|d|0|11.5|
E|613|612|T|CM|23.0|d|0|110.9|41.807885,12.271699;41.807949,12.271794;41.808026,12.271876;41.808111,12.271950;41.808210,12.272016;41.808329,12.272060
E|35|614|T|B|23.0|d|0|50.6|41.799095,12.236604;41.799042,12.236726;41.799009,12.236886
E|614|615|T|B|23.0|d|0|123.4|41.799126,12.237431;41.799226,12.237791
E|615|616|T|B|23.0|d|0|131.7|41.799607,12.239189
E|616|577|T|B|23.0|d|0|62.6|41.799845,12.240076;41.799854,12.240235;41.799827,12.240510
E|577|578|T|B|23.0|d|0|15.0|
E|343|617|T|BT|23.0|d|0|62.4|41.799184,12.240832;41.799218,12.240774;41.799252,12.240724;41.799297,12.240680;41.799337,12.240654;41.799376,12.240632;41.799574,12.240530
E|617|618|T|BT|23.0|d|0|5.9|
E|618|576|T|BT|23.0|d|0|44.4|41.799808,12.240417
E|575|616|T|BG|23.0|d|0|52.5|41.800079,12.240218;41.800003,12.240192;41.799889,12.240083
E|614|34|T|B|23.0|d|0|51.4|41.798937,12.236879;41.798846,12.236781;41.798763,12.236750
E|616|618|T||23.0|d|0|54.2|41.799820,12.240087;41.799815,12.240205;41.799804,12.240281;41.799788,12.240343;41.799759,12.240399;41.799730,12.240433
E|577|617|T||23.0|d|0|33.2|41.799796,12.240593;41.799748,12.240533;41.799706,12.240515;41.799650,12.240508
E|246|328|T||23.0|d|0|25.9|41.799543,12.254962;41.799565,12.255006;41.799580,12.255057;41.799582,12.255116
E|329|247|T||23.0|d|0|25.6|41.799677,12.254856;41.799651,12.254879;41.799610,12.254904;41.799570,12.254912
E|244|329|T||23.0|d|0|29.6|41.799752,12.255036;41.799730,12.254992;41.799713,12.254943;41.799702,12.254896
E|235|327|T||23.0|d|0|29.9|41.799589,12.255502;41.799565,12.255458;41.799549,12.255399;41.799543,12.255337
E|237|326|T||23.0|d|0|31.7|41.799380,12.255408;41.799402,12.255454;41.799417,12.255509;41.799423,12.255562
E|327|237|T||23.0|d|0|26.8|41.799519,12.255305;41.799489,12.255335;41.799448,12.255357;41.799403,12.255371
E|77|619|T|H|23.0|d|0|12.4|
E|619|392|T|H|23.0|d|0|56.1|41.797710,12.261329;41.797671,12.261258;41.797643,12.261191;41.797623,12.261117;41.797609,12.261043;41.797603,12.260955;41.797605,12.260879
E|392|318|T|H|23.0|d|0|8.6|
E|306|323|T||23.0|d|0|21.3|41.798461,12.258049;41.798482,12.258091;41.798495,12.258140;41.798501,12.258189
E|324|305|T||23.0|d|0|41.0|41.798633,12.257839;41.798594,12.257881;41.798545,12.257915;41.798492,12.257939;41.798442,12.257956;41.798399,12.257963
E|308|322|T||23.0|d|0|28.9|41.798639,12.258257;41.798596,12.258253;41.798552,12.258269;41.798516,12.258294
E|449|473|T||23.0|d|0|13.6|
E|238|620|L|405|23.0|d|0|72.4|
E|621|325|L|406|23.0|d|0|104.4|
E|622|304|L|407|23.0|d|0|80.6|
E|623|300|L|411|23.0|d|0|76.0|
E|624|299|L|412|23.0|d|0|79.6|
E|322|625|T|NC|23.0|d|0|39.2|41.798420,12.258413;41.798392,12.258434;41.798363,12.258448;41.798323,12.258456;41.798277,12.258451;41.798212,12.258419
E|625|626|T|NC|23.0|d|0|69.3|41.798073,12.258336;41.798032,12.258309;41.797718,12.258112
E|626|627|T|NC|23.0|d|0|44.4|
E|627|628|T|NC|23.0|d|0|45.6|
E|628|629|T|NC|23.0|d|0|45.0|
E|629|630|T|NC|23.0|d|0|44.6|
E|630|631|T|NC|23.0|d|0|45.8|
E|625|321|T|NC|23.0|d|0|44.8|41.798211,12.258449;41.798237,12.258489;41.798268,12.258551;41.798282,12.258598;41.798293,12.258656;41.798300,12.258721
E|626|632|L|306|23.0|d|0|73.4|
E|320|633|L|307|23.0|d|0|109.1|41.797726,12.259118
E|392|634|T|NH|23.0|d|0|43.8|41.797557,12.260887;41.797523,12.260924;41.797487,12.260953;41.797436,12.260979;41.797399,12.260987;41.797340,12.260992
E|634|635|T|NH|23.0|d|0|4.9|
E|635|636|T|NH|23.0|d|0|71.6|41.797126,12.260878
E|636|637|T|NH|23.0|d|0|45.3|
E|637|638|T|NH|23.0|d|0|44.9|
E|638|639|T|NH|23.0|d|0|45.0|
E|639|640|T|NH|23.0|d|0|44.9|
E|640|641|T|NH|23.0|d|0|44.9|
E|635|634|T|NH|23.0|d|0|4.9|
E|634|393|T|NH|23.0|d|0|27.0|41.797360,12.261027;41.797429,12.261072
E|393|619|T|NH|23.0|d|0|37.3|41.797531,12.261152;41.797609,12.261246;41.797663,12.261311;41.797699,12.261354
E|619|77|T|NH|23.0|d|0|12.4|
E|628|642|L|304|23.0|d|0|74.8|
E|627|643|L|305|23.0|d|0|74.4|
E|629|644|L|303|23.0|d|0|75.4|
E|630|645|L|302|23.0|d|0|76.7|
E|631|646|L|301|23.0|d|0|75.9|
E|647|636|L|308|23.0|d|0|88.2|
E|648|637|L|309|23.0|d|0|87.7|
E|649|638|L|310|23.0|d|0|88.5|
E|650|639|L|311|23.0|d|0|87.0|
E|651|640|L|312|23.0|d|0|87.3|
E|652|641|L|313|23.0|d|0|86.8|
E|391|490|T|NE|23.0|d|0|48.7|41.794656,12.260190;41.794722,12.260194;41.794782,12.260211;41.794854,12.260235;41.794939,12.260279
E|490|492|T|NE|23.0|d|0|44.6|
E|492|494|T|NE|23.0|d|0|52.7|
E|494|653|T|NE|23.0|d|0|15.9|
E|653|488|T|NE|23.0|d|0|29.1|
E|488|486|T|NE|23.0|d|0|53.5|
E|486|394|T|NE|23.0|d|0|91.5|41.796856,12.261475;41.796909,12.261508;41.796960,12.261539;41.797020,12.261557;41.797078,12.261558;41.797138,12.261554;41.797202,12.261536;41.797257,12.261509;41.797309,12.261467
E|653|654|L|399|23.0|d|0|154.1|
E|70|655|T|EC|23.0|d|0|50.7|41.800720,12.263260;41.800672,12.263252;41.800622,12.263253;41.800571,12.263265;41.800489,12.263297
E|655|656|T|EC|23.0|d|0|9.5|41.800319,12.263382
E|656|657|T|EC|23.0|d|0|44.3|
E|657|381|T|EC|23.0|d|0|45.8|
E|381|658|T|EC|23.0|d|0|64.7|41.799183,12.263944
E|658|659|T|EC|23.0|d|0|43.5|
E|659|660|T|EC|23.0|d|0|51.0|
E|660|661|T|EC|23.0|d|0|42.1|
E|661|662|T|EC|23.0|d|0|51.9|
E|662|663|T|EC|23.0|d|0|43.6|
E|663|664|T|EC|23.0|d|0|44.1|
E|69|665|T|ED|23.0|d|0|84.6|41.801341,12.264123;41.801350,12.264166;41.801354,12.264218;41.801347,12.264272;41.801335,12.264324;41.801315,12.264366;41.801292,12.264406;41.801269,12.264435
E|665|666|T|ED|23.0|d|0|30.9|
E|666|667|T|ED|23.0|d|0|108.5|41.800534,12.264810
E|667|668|T|ED|23.0|d|0|45.5|
E|668|669|T|ED|23.0|d|0|355.7|41.799555,12.265292
E|670|671|T|EF|23.0|d|0|42.6|
E|671|672|T|EF|23.0|d|0|42.4|
E|672|673|T|EF|23.0|d|0|52.8|
E|673|674|T|EF|23.0|d|0|44.5|
E|674|675|T|EF|23.0|d|0|51.5|
E|675|676|T|EF|23.0|d|0|44.8|
E|676|677|T|EF|23.0|d|0|82.1|41.799894,12.266516
E|677|678|T|EF|23.0|d|0|55.2|
E|678|666|T|EF|23.0|d|0|161.2|41.800952,12.265997;41.800988,12.265967;41.801023,12.265930;41.801045,12.265883;41.801059,12.265835;41.801064,12.265774;41.801059,12.265726;41.801044,12.265648;41.801009,12.265531;41.800852,12.264951;41.800848,12.264911;41.800849,12.264865;41.800851,12.264817;41.800856,12.264790;41.800866,12.264755;41.800884,12.264710;41.800902,12.264676;41.800928,12.264637
E|665|67|T|EF|23.0|d|0|97.0|41.802019,12.264087;41.802040,12.264082
E|655|72|T||23.0|d|0|33.5|41.800381,12.263333;41.800404,12.263300;41.800418,12.263268;41.800428,12.263226;41.800430,12.263182;41.800424,12.263139;41.800414,12.263099;41.800395,12.263066
E|380|667|T||23.0|d|0|32.8|41.799834,12.264932;41.799857,12.264962;41.799887,12.264996;41.799914,12.265015;41.799944,12.265030;41.799968,12.265041;41.800000,12.265045;41.800030,12.265045
E|380|668|T||23.0|d|0|34.5|41.799817,12.264923;41.799820,12.264963;41.799815,12.265003;41.799808,12.265048;41.799794,12.265086;41.799776,12.265126;41.799759,12.265159;41.799737,12.265184;41.799717,12.265204
E|375|679|T||23.0|d|0|37.6|41.801103,12.263041;41.801098,12.263122;41.801101,12.263223;41.801117,12.263325
E|679|69|T||23.0|d|0|12.5|
E|679|68|T||23.0|d|0|23.9|41.801178,12.263466;41.801219,12.263526
E|375|71|T||23.0|d|0|65.5|41.801094,12.263008;41.801054,12.263050;41.800994,12.263103;41.800921,12.263157;41.800846,12.263185;41.800770,12.263195;41.800697,12.263191
E|377|680|P|202|||0|95.8|
E|376|681|P|201|||0|96.0|
E|137|682|T|N|23.0|d|0|73.1|41.804067,12.261592
E|682|683|T|N|23.0|d|0|9.4|
E|683|684|T|N|23.0|d|0|51.6|41.804278,12.261726;41.804359,12.261767;41.804459,12.261802;41.804593,12.261821
E|684|607|T|N|23.0|d|0|49.4|41.804750,12.261835;41.804894,12.261818;41.804987,12.261788
E|684|609|T||23.0|d|0|93.4|41.804741,12.261863;41.804836,12.261913;41.804956,12.261998;41.805043,12.262085;41.805124,12.262203;41.805202,12.262333
E|605|683|T||23.0|d|0|123.8|41.804820,12.260916;41.804819,12.261010;41.804805,12.261121;41.804783,12.261227;41.804750,12.261326;41.804710,12.261395;41.804652,12.261473;41.804580,12.261546;41.804516,12.261603;41.804441,12.261643;41.804344,12.261676;41.804272,12.261680
E|682|685|T||23.0|d|0|21.1|41.804051,12.261610;41.803992,12.261613
E|685|136|T||23.0|d|0|32.2|41.803854,12.261663
E|136|686|T||23.0|d|0|26.8|41.803464,12.261909
E|686|371|T||23.0|d|0|12.1|41.803404,12.261954
E|136|374|T||23.0|d|0|43.7|41.803596,12.261619;41.803535,12.261477;41.803481,12.261383
E|374|316|T||23.0|d|0|29.4|41.803416,12.261284;41.803345,12.261195
E|686|134|T||23.0|d|0|54.6|41.803494,12.261922;41.803556,12.261939;41.803609,12.261970;41.803672,12.262025;41.803721,12.262108;41.803754,12.262181
E|685|135|T||23.0|d|0|42.3|41.803848,12.261688;41.803807,12.261744;41.803762,12.261815;41.803747,12.261874;41.803732,12.261956
E|368|687|P|209|||0|75.7|
E|367|688|P|208|||0|75.4|
E|373|689|P|207|||0|75.2|
E|369|690|P|210|||0|97.0|41.802977,12.261859;41.802919,12.261862;41.802869,12.261868;41.802823,12.261879;41.802801,12.261885
E|376|691|P|206|||0|92.2|
E|377|692|P|205|||0|91.8|
E|378|693|P|204|||0|91.7|
E|656|694|P|221|||0|79.3|
E|657|695|P|222|||0|79.0|
E|658|696|P|223|||0|79.4|
E|659|697|P|224|||0|79.7|
E|660|698|P|225|||0|79.6|
E|661|699|P|226|||0|79.4|
E|662|700|P|227|||0|79.3|
E|663|701|P|228|||0|79.3|
E|664|702|P|229|||0|79.7|
E|678|703|P|230|||0|69.9|
E|677|704|P|231|||0|72.2|
E|676|705|P|232|||0|71.1|
E|675|706|P|233|||0|71.4|
E|674|707|P|234|||0|71.9|
E|673|708|P|235|||0|72.3|
E|672|709|P|236|||0|72.0|
E|671|710|P|237|||0|72.7|
E|670|711|P|238|||0|72.8|
E|607|712|T|BC|23.0|d|0|35.2|41.805116,12.261737;41.805174,12.261728;41.805229,12.261724;41.805286,12.261728;41.805332,12.261740
E|712|713|T|BC|23.0|d|0|20.1|41.805493,12.261827
E|713|714|T|BC|23.0|d|0|112.6|41.805673,12.261954;41.805820,12.262048;41.805892,12.262084;41.805951,12.262110;41.806027,12.262131;41.806117,12.262137;41.806199,12.262129;41.806267,12.262115;41.806340,12.262085
E|606|715|T|BD|23.0|d|0|71.6|41.804972,12.261311;41.805022,12.261384;41.805079,12.261448;41.805141,12.261499;41.805199,12.261541;41.805269,12.261567;41.805368,12.261583;41.805433,12.261584
E|715|716|T|BD|23.0|d|0|96.0|41.805608,12.261532
E|606|712|T||23.0|d|0|66.0|41.804967,12.261329;41.804992,12.261373;41.805039,12.261443;41.805082,12.261495;41.805133,12.261556;41.805225,12.261634;41.805306,12.261695
E|715|607|T||23.0|d|0|49.5|
E|608|713|T||23.0|d|0|57.6|41.805201,12.262201;41.805202,12.262168;41.805207,12.262128;41.805221,12.262080;41.805239,12.262033;41.805259,12.261989;41.805289,12.261949;41.805318,12.261917;41.805351,12.261890;41.805388,12.261870;41.805426,12.261858;41.805462,12.261854;41.805501,12.261855
S|905|41.786069|12.243318|162.3|597|o
S|906|41.786268|12.244174|162.7|598|o
S|907|41.786755|12.244709|162.2|599|o
S|908|41.786871|12.245220|162.6|600|o
S|909|41.786985|12.245736|162.7|601|o
S|847|41.787672|12.247426|83.0|571|o
S|846|41.788070|12.247359|83.6|570|o
S|901|41.788174|12.242413|342.1|593|o
S|831|41.788380|12.242262|161.0|560|o
S|902|41.788387|12.243312|342.2|594|o
S|845|41.788474|12.247299|83.2|569|o
S|833|41.788590|12.243111|160.2|562|o
S|903|41.788589|12.244193|341.7|595|o
S|832|41.788747|12.242843|161.1|561|o
S|835|41.788811|12.243913|160.9|564|o
S|904|41.788801|12.245053|342.7|596|o
S|844|41.788875|12.247225|83.2|568|o
S|834|41.788899|12.243405|161.5|563|o
S|836|41.789057|12.243992|160.3|565|o
S|843|41.789356|12.247157|82.6|567|o
S|842|41.789751|12.247085|82.9|566|o
S|823|41.790669|12.243503|70.1|556|o
S|829|41.790746|12.243936|250.2|555|o
S|828|41.791117|12.243733|249.8|554|o
S|822|41.791283|12.243205|70.3|557|o
S|827|41.791499|12.243545|250.2|553|o
S|821|41.791889|12.242909|70.5|558|o
S|826|41.792031|12.243334|249.8|552|o
S|808|41.791998|12.244894|168.6|542|o
S|809|41.792029|12.245079|168.7|543|o
S|810|41.792078|12.245421|168.7|544|o
S|811|41.792164|12.245940|168.9|545|o
S|812|41.792247|12.246486|168.2|546|o
S|813|41.792296|12.246825|168.3|547|o
S|814|41.792325|12.247017|168.4|548|o
S|825|41.792403|12.243109|249.8|551|o
S|820|41.792528|12.242657|70.1|559|o
S|815|41.792557|12.247517|168.6|549|o
S|824|41.792785|12.242939|249.9|550|o
S|804|41.793886|12.245504|347.3|538|o
S|802|41.793968|12.244717|13.5|537|o
S|805|41.794023|12.246163|347.0|539|o
S|806|41.794054|12.246878|346.4|540|o
S|807|41.794147|12.247469|346.3|541|o
S|703|41.794864|12.241375|24.7|534|o
S|702|41.795106|12.241802|340.0|535|o
S|704|41.795305|12.241250|69.2|533|o
S|701|41.795298|12.242712|339.7|536|o
S|601|41.795563|12.247124|69.4|525|o
S|602|41.795894|12.246840|69.9|524|o
S|705|41.795962|12.240925|69.2|532|o
S|711|41.796094|12.242781|276.3|526|o
S|706|41.796203|12.240662|128.6|531|o
S|603|41.796325|12.246744|69.8|523|o
S|707|41.796378|12.241188|160.0|530|o
S|710|41.796411|12.242627|249.7|527|o
S|614|41.796441|12.248544|250.1|514|o
S|708|41.796618|12.242070|160.5|529|o
S|604|41.796657|12.246544|70.2|522|o
S|709|41.796844|12.242406|219.4|528|o
S|613|41.796821|12.248355|250.2|515|o
S|229|41.796873|12.266099|69.8|702|o
S|238|41.796965|12.267023|249.9|711|o
S|605|41.797065|12.246385|69.3|521|o
S|612|41.797213|12.248165|250.5|516|o
S|501|41.797224|12.251093|114.9|513|o
S|228|41.797241|12.265913|70.1|701|o
S|237|41.797325|12.266847|249.8|710|o
S|606|41.797513|12.246226|92.5|520|o
S|611|41.797597|12.247972|249.7|517|o
S|227|41.797613|12.265730|69.8|700|o
S|503|41.797671|12.251444|115.7|512|o
S|236|41.797686|12.266679|249.8|709|o
S|502|41.797748|12.252813|294.8|503|o
S|607|41.798007|12.245980|131.3|611|o
S|610|41.797984|12.247788|250.0|518|o
S|226|41.798051|12.265518|69.9|699|o
S|235|41.798131|12.266456|249.9|708|o
S|608|41.798199|12.246677|158.4|519|o
S|504|41.798196|12.253120|294.9|504|o
S|609|41.798323|12.247268|203.5|583|o
S|505|41.798267|12.251834|115.4|511|o
S|225|41.798404|12.265346|70.2|698|o
S|234|41.798505|12.266277|249.5|707|o
S|506|41.798639|12.253402|294.3|505|o
S|507|41.798871|12.252254|115.1|510|o
S|224|41.798839|12.265134|69.9|697|o
S|323|41.798943|12.261233|73.8|485|o
S|233|41.798946|12.266066|250.0|706|o
S|518|41.799053|12.253694|294.5|506|o
S|508|41.799080|12.253606|256.0|507|o
S|322|41.799140|12.260604|74.0|484|o
S|223|41.799205|12.264951|69.9|696|o
S|510|41.799317|12.253163|205.3|508|o
S|232|41.799329|12.265882|250.3|705|o
S|509|41.799379|12.252437|167.6|509|o
S|321|41.799359|12.259999|71.6|483|o
S|231|41.800013|12.265532|249.6|704|o
S|222|41.800143|12.264487|69.5|695|o
S|201|41.800486|12.262048|204.6|681|o
S|230|41.800493|12.265319|250.5|703|o
S|221|41.800514|12.264303|69.9|694|o
S|202|41.800701|12.261442|204.2|680|o
S|203|41.800946|12.260739|204.3|482|o
S|206|41.802030|12.262983|24.2|691|o
S|207|41.802211|12.263136|204.3|689|o
S|205|41.802239|12.262376|24.7|692|o
S|208|41.802365|12.262687|204.9|688|o
S|204|41.802481|12.261674|24.7|693|o
S|209|41.802515|12.262250|204.5|687|o
S|210|41.802667|12.261805|204.4|690|o
S|105|41.803915|12.270566|159.8|272|o
S|104|41.804005|12.270886|159.8|270|o
S|102|41.804107|12.271250|159.8|268|o
S|103|41.804236|12.272166|119.9|275|o
S|101|41.804308|12.271997|159.9|266|o
G|A31|41.796276|12.255215
G|A32|41.796525|12.255362
G|A33|41.796833|12.255147
G|A34-A41|41.796730|12.255473
G|A42|41.796893|12.255577
G|A43|41.797184|12.255377
G|A44|41.797244|12.255790
G|A45|41.797556|12.255620
G|A46|41.797634|12.256007
G|A47|41.797975|12.256307
G|A48|41.797944|12.255751
G|A49|41.798122|12.255853
G|A50|41.798087|12.255965
G|A51-A52|41.798012|12.256074
G|A61|41.795095|12.258171
G|A62|41.795569|12.258030
G|A63|41.795437|12.258397
G|A64|41.795907|12.258248
G|A65|41.795785|12.258629
G|A66|41.796276|12.258451
G|A67|41.796149|12.258834
G|A68|41.796626|12.258696
G|A69|41.796495|12.259082
G|A70|41.796982|12.258909
G|A71|41.796858|12.259299
G|A72|41.797090|12.259066
G|A73|41.796989|12.259344
G|A74-83|41.795860|12.258461
G|E11|41.795933|12.247502
G|E12|41.796105|12.248148
G|E13|41.796295|12.247309
G|E14|41.796472|12.247955
G|E15|41.796657|12.247136
G|E16|41.796839|12.247787
G|E17|41.797029|12.246966
G|E18|41.797205|12.247597
G|E19|41.797392|12.246787
G|E20|41.797569|12.247429
G|E21|41.797763|12.246584
G|E22|41.797884|12.246713
G|E23|41.797970|12.247041
G|E24|41.797966|12.247262
G|E34|41.795587|12.242350
G|E36|41.795441|12.242054
G|E37|41.795450|12.241831
G|E38|41.795494|12.241653
G|E39|41.795664|12.241471
G|E40|41.795792|12.241400
G|E41|41.796011|12.241396
G|E42|41.796140|12.241484
G|E51|41.794554|12.247985
G|E52|41.794526|12.247839
G|E57|41.794440|12.245767
G|E59|41.794291|12.245397
G|E60|41.794131|12.245451
G|E61|41.794166|12.245881
G|G|41.795865|12.241930
P|A||41.788874,12.241511;41.789552,12.244028;41.788904,12.244349;41.788855,12.244292;41.788823,12.244220;41.788155,12.241858
P|A||41.792600,12.241535;41.793116,12.243269;41.793061,12.243392;41.792276,12.243753;41.791659,12.244055;41.790752,12.244478;41.790621,12.244459;41.790436,12.243870;41.790092,12.242750
P|A||41.787406,12.242352;41.788173,12.245629;41.788903,12.245330;41.788129,12.242051
P|A||41.786676,12.242660;41.785947,12.242968;41.786289,12.244427;41.786598,12.244297;41.786963,12.245855;41.787119,12.245790;41.787151,12.245928;41.787416,12.245816
P|A||41.794747,12.243483;41.794162,12.241200;41.794145,12.241005;41.794238,12.240784;41.796489,12.239652;41.796663,12.239651;41.796768,12.239773;41.797673,12.243060;41.795361,12.244170;41.795782,12.242978;41.795813,12.242914;41.796723,12.242466;41.796262,12.240780;41.794979,12.241414;41.795313,12.242636;41.795108,12.243284
P|A||41.794083,12.244423;41.794175,12.245150;41.793943,12.245234;41.794155,12.246503;41.794385,12.247703;41.793236,12.248069;41.792500,12.247769;41.792098,12.247020;41.791748,12.244751;41.792491,12.244428;41.792956,12.244256;41.793232,12.244174;41.793519,12.244119;41.793670,12.244138;41.793999,12.244258;41.794043,12.244319
P|A||41.789981,12.247116;41.789926,12.246499;41.787445,12.246904;41.787484,12.247410;41.787574,12.247497
P|A||41.798150,12.247469;41.798190,12.247410;41.798215,12.247337;41.798222,12.247258;41.798212,12.247179;41.797986,12.246375;41.797928,12.246308;41.797856,12.246271;41.797780,12.246270;41.795344,12.247454;41.795087,12.246461;41.798185,12.244947;41.798269,12.244912;41.798392,12.244915;41.798500,12.244959;41.798589,12.245043;41.798626,12.245105;41.798662,12.245175;41.798700,12.245306;41.799375,12.247728;41.799389,12.247805;41.799389,12.247873;41.799362,12.247933;41.799318,12.247982;41.799237,12.248048;41.796456,12.249417;41.796170,12.248446
P|A||41.796946,12.251076;41.797203,12.250338;41.799900,12.252022;41.799940,12.252065;41.799970,12.252133;41.799989,12.252204;41.800003,12.252287;41.800002,12.252364;41.799894,12.252768;41.799340,12.254403;41.797374,12.253220;41.797568,12.252681;41.799046,12.253634;41.799323,12.252863;41.799409,12.252612
P|A||41.796663,12.254715;41.796723,12.254540;41.796659,12.254370;41.796752,12.254099;41.798956,12.255505;41.798267,12.257447;41.795845,12.255925;41.796066,12.255338;41.798024,12.256567;41.798290,12.255819;41.798260,12.255732;41.797157,12.255033
P|A||41.795314,12.257683;41.795527,12.257088;41.797845,12.258626;41.797193,12.260455;41.794845,12.258990;41.795063,12.258374;41.797014,12.259616;41.797257,12.258921
P|A||41.801558,12.260681;41.801074,12.260382;41.801007,12.260564;41.800944,12.260530;41.800850,12.260798;41.800910,12.260832;41.800761,12.261265;41.800710,12.261234;41.800624,12.261473;41.800678,12.261509;41.800551,12.261878;41.800502,12.261847;41.800410,12.262113;41.800511,12.262185;41.800567,12.262432;41.800889,12.262641;41.801333,12.261330
P|A||41.802129,12.261098;41.802235,12.261167;41.802292,12.261131;41.802499,12.261263;41.802529,12.261472;41.802633,12.261529;41.802666,12.261430;41.803196,12.261763;41.802539,12.263662;41.801826,12.263227;41.801785,12.263268;41.801623,12.263176;41.801606,12.263141;41.801452,12.263051
P|A||41.794483,12.261252;41.794561,12.261017;41.794510,12.260898;41.794565,12.260739;41.794555,12.260598;41.794608,12.260575;41.794663,12.260564;41.794732,12.260561;41.794762,12.260571;41.796871,12.261876;41.796664,12.262461;41.796539,12.262545
P|A||41.798916,12.261434;41.798558,12.261217;41.798560,12.261090;41.799234,12.259186;41.799642,12.259441;41.798959,12.261394;41.798942,12.261425
P|A||41.800728,12.264335;41.799460,12.264949;41.796741,12.266281;41.796689,12.266228;41.796509,12.265567;41.800503,12.263669;41.801025,12.264003;41.801071,12.264171
P|A||41.800655,12.265175;41.800802,12.265676;41.800771,12.265772;41.800634,12.265864;41.796936,12.267672;41.796761,12.267052
P|A||41.804412,12.270049;41.804952,12.272022;41.804344,12.272328;41.804326,12.272265;41.804249,12.272302;41.803733,12.270384
P|A|Area Manutenzione|41.797904,12.262185;41.797336,12.263725;41.796810,12.264123;41.796526,12.263437;41.796872,12.263171;41.797046,12.262929;41.797273,12.262292;41.797501,12.262187;41.797584,12.261969
P|H||41.791445,12.258935;41.793071,12.259958;41.793028,12.260080;41.793629,12.260458;41.792608,12.263377;41.792214,12.263129;41.792328,12.262802;41.792098,12.262657;41.792051,12.262793;41.790466,12.261797;41.790829,12.260758;41.790881,12.260790;41.791151,12.260017;41.791082,12.259974
P|T||41.797907,12.246734;41.797976,12.246999;41.798294,12.247032;41.798299,12.246945;41.798511,12.246964;41.798502,12.247153;41.798289,12.247134;41.798291,12.247092;41.797990,12.247055;41.798041,12.247253;41.797987,12.247279;41.798187,12.247612;41.798223,12.247575;41.798233,12.247593;41.798252,12.247575;41.798379,12.247787;41.798363,12.247807;41.798377,12.247828;41.798305,12.247900;41.798293,12.247883;41.798272,12.247904;41.798143,12.247689;41.798168,12.247660;41.797946,12.247298;41.797594,12.247465;41.797683,12.247779;41.797716,12.247766;41.797753,12.247913;41.797751,12.247936;41.797740,12.247954;41.797719,12.247962;41.797701,12.247952;41.797693,12.247938;41.797655,12.247792;41.797568,12.247477;41.797229,12.247638;41.797315,12.247958;41.797349,12.247943;41.797388,12.248097;41.797386,12.248120;41.797375,12.248138;41.797354,12.248146;41.797336,12.248136;41.797328,12.248122;41.797289,12.247970;41.797198,12.247652;41.796862,12.247811;41.796950,12.248136;41.796984,12.248121;41.797024,12.248276;41.797022,12.248300;41.797011,12.248318;41.796990,12.248326;41.796971,12.248315;41.796964,12.248302;41.796926,12.248150;41.796836,12.247824;41.796495,12.247985;41.796586,12.248318;41.796619,12.248303;41.796660,12.248456;41.796658,12.248479;41.796647,12.248497;41.796626,12.248505;41.796608,12.248495;41.796600,12.248481;41.796468,12.247998;41.796129,12.248158;41.796222,12.248497;41.796252,12.248483;41.796291,12.248633;41.796289,12.248656;41.796278,12.248674;41.796258,12.248682;41.796239,12.248672;41.796231,12.248658;41.796195,12.248511;41.796101,12.248171;41.795605,12.248406;41.795358,12.247727;41.795899,12.247455;41.795770,12.246978;41.795772,12.246954;41.795783,12.246936;41.795804,12.246928;41.795822,12.246938;41.795830,12.246952;41.795869,12.247097;41.795840,12.247110;41.795928,12.247441;41.796263,12.247273;41.796138,12.246800;41.796140,12.246777;41.796151,12.246758;41.796172,12.246750;41.796190,12.246761;41.796198,12.246774;41.796237,12.246920;41.796204,12.246934;41.796293,12.247258;41.796627,12.247091;41.796544,12.246765;41.796502,12.246616;41.796504,12.246593;41.796515,12.246575;41.796536,12.246567;41.796554,12.246577;41.796562,12.246590;41.796602,12.246739;41.796570,12.246754;41.796658,12.247075;41.796991,12.246908;41.796865,12.246437;41.796867,12.246414;41.796878,12.246396;41.796899,12.246388;41.796917,12.246398;41.796925,12.246411;41.796968,12.246560;41.796935,12.246575;41.797020,12.246894;41.797361,12.246723;41.797234,12.246258;41.797236,12.246235;41.797247,12.246217;41.797268,12.246208;41.797286,12.246219;41.797294,12.246232;41.797333,12.246378;41.797301,12.246392;41.797387,12.246710;41.797738,12.246534;41.797784,12.246246;41.797739,12.246234;41.797786,12.245916;41.797874,12.245940;41.797870,12.245963;41.797896,12.245970;41.797855,12.246242;41.797826,12.246234;41.797785,12.246511;41.797842,12.246482;41.797891,12.246672;41.798082,12.246409;41.798049,12.246365;41.798062,12.246347;41.798048,12.246328;41.798193,12.246131;41.798208,12.246151;41.798221,12.246133;41.798284,12.246217;41.798272,12.246234;41.798292,12.246260;41.798147,12.246457;41.798125,12.246429
P|T||41.795739,12.248342;41.795754,12.248400;41.795705,12.248535;41.795651,12.248664;41.795699,12.248671;41.795740,12.248689;41.795767,12.248710;41.795902,12.248339;41.795921,12.248256
P|T||41.795075,12.258232;41.794955,12.258512;41.794960,12.258515;41.794907,12.258657;41.794900,12.258664;41.794885,12.258665;41.794880,12.258658;41.794877,12.258639;41.794929,12.258495;41.794934,12.258498;41.795051,12.258217;41.794886,12.258113;41.795051,12.257638;41.795111,12.257675;41.795402,12.256848;41.795503,12.256912;41.795212,12.257739;41.795576,12.257967;41.795647,12.257756;41.795643,12.257753;41.795695,12.257611;41.795702,12.257604;41.795717,12.257603;41.795722,12.257609;41.795725,12.257629;41.795674,12.257773;41.795669,12.257769;41.795598,12.257981;41.795926,12.258186;41.796017,12.257986;41.796013,12.257983;41.796065,12.257841;41.796072,12.257834;41.796087,12.257833;41.796092,12.257839;41.796095,12.257859;41.796044,12.258003;41.796039,12.257999;41.795948,12.258201;41.796283,12.258410;41.796381,12.258216;41.796377,12.258213;41.796429,12.258071;41.796436,12.258064;41.796451,12.258063;41.796456,12.258069;41.796459,12.258089;41.796408,12.258233;41.796403,12.258230;41.796306,12.258425;41.796639,12.258634;41.796755,12.258432;41.796750,12.258429;41.796803,12.258287;41.796810,12.258280;41.796824,12.258278;41.796830,12.258285;41.796832,12.258305;41.796782,12.258449;41.796776,12.258445;41.796663,12.258649;41.796993,12.258856;41.797121,12.258659;41.797116,12.258656;41.797169,12.258513;41.797176,12.258506;41.797190,12.258505;41.797196,12.258512;41.797198,12.258531;41.797148,12.258676;41.797142,12.258672;41.797018,12.258872;41.797164,12.258964;41.797136,12.259045;41.797489,12.258875;41.797533,12.258763;41.797540,12.258756;41.797555,12.258755;41.797560,12.258762;41.797563,12.258781;41.797514,12.258912;41.797508,12.258907;41.797115,12.259102;41.797030,12.259344;41.797244,12.259566;41.797246,12.259560;41.797353,12.259630;41.797360,12.259649;41.797359,12.259659;41.797354,12.259666;41.797339,12.259669;41.797232,12.259602;41.797234,12.259595;41.797021,12.259376;41.796999,12.259439;41.796844,12.259342;41.796783,12.259619;41.796788,12.259622;41.796738,12.259766;41.796731,12.259773;41.796716,12.259775;41.796711,12.259768;41.796708,12.259749;41.796756,12.259603;41.796761,12.259606;41.796820,12.259327;41.796486,12.259117;41.796416,12.259398;41.796421,12.259401;41.796371,12.259545;41.796364,12.259553;41.796349,12.259554;41.796344,12.259548;41.796341,12.259528;41.796389,12.259382;41.796394,12.259386;41.796465,12.259104;41.796134,12.258896;41.796047,12.259165;41.796052,12.259168;41.796001,12.259312;41.795994,12.259319;41.795979,12.259320;41.795974,12.259314;41.795971,12.259294;41.796020,12.259149;41.796025,12.259153;41.796111,12.258882;41.795778,12.258673;41.795679,12.258945;41.795683,12.258948;41.795630,12.259090;41.795623,12.259097;41.795609,12.259098;41.795603,12.259091;41.795601,12.259071;41.795652,12.258928;41.795657,12.258931;41.795758,12.258660;41.795425,12.258451;41.795311,12.258715;41.795315,12.258719;41.795262,12.258861;41.795255,12.258868;41.795240,12.258869;41.795235,12.258862;41.795233,12.258843;41.795284,12.258699;41.795289,12.258702;41.795403,12.258438
P|T|Boarding Area A|41.797582,12.252458;41.797200,12.252215;41.797247,12.252079;41.797182,12.252034;41.797213,12.251947;41.797259,12.251800;41.797222,12.251776;41.797236,12.251725;41.797095,12.251636;41.797137,12.251503;41.797231,12.251563;41.797325,12.251294;41.797320,12.251290;41.797357,12.251186;41.797429,12.251230;41.797393,12.251337;41.797347,12.251309;41.797250,12.251574;41.797397,12.251668;41.797416,12.251615;41.797800,12.251861;41.797874,12.251646;41.797869,12.251643;41.797906,12.251539;41.797979,12.251582;41.797943,12.251689;41.797897,12.251662;41.797821,12.251874;41.798415,12.252248;41.798492,12.252026;41.798487,12.252022;41.798524,12.251918;41.798596,12.251962;41.798560,12.252068;41.798514,12.252041;41.798435,12.252264;41.799030,12.252636;41.799105,12.252418;41.799100,12.252414;41.799137,12.252310;41.799210,12.252354;41.799174,12.252460;41.799127,12.252433;41.799052,12.252650;41.799272,12.252789;41.799260,12.252822;41.799323,12.252863;41.799364,12.252742;41.799356,12.252737;41.799376,12.252684;41.799518,12.252778;41.799500,12.252825;41.799387,12.252756;41.799331,12.252910;41.799247,12.252859;41.799089,12.253310;41.799168,12.253358;41.799175,12.253333;41.799295,12.253412;41.799275,12.253467;41.799077,12.253344;41.799060,12.253392;41.798949,12.253321;41.798884,12.253505;41.798889,12.253509;41.798852,12.253613;41.798780,12.253569;41.798816,12.253463;41.798862,12.253490;41.798925,12.253306;41.798531,12.253057;41.798465,12.253240;41.798470,12.253244;41.798433,12.253348;41.798360,12.253304;41.798396,12.253198;41.798442,12.253224;41.798505,12.253041;41.798049,12.252752;41.797983,12.252937;41.797988,12.252941;41.797951,12.253045;41.797879,12.253001;41.797915,12.252894;41.797961,12.252921;41.798025,12.252738;41.797607,12.252474;41.797541,12.252660;41.797545,12.252663;41.797478,12.252859;41.797434,12.252833;41.797469,12.252730;41.797478,12.252736;41.797510,12.252639;41.797517,12.252644
P|T|Boarding Area A|41.797566,12.256152;41.797502,12.256111;41.797526,12.256044;41.797242,12.255866;41.797164,12.256086;41.797168,12.256089;41.797115,12.256231;41.797108,12.256238;41.797093,12.256239;41.797088,12.256233;41.797086,12.256213;41.797137,12.256069;41.797142,12.256073;41.797220,12.255851;41.796891,12.255644;41.796805,12.255889;41.796810,12.255892;41.796757,12.256035;41.796750,12.256042;41.796735,12.256043;41.796729,12.256036;41.796727,12.256016;41.796778,12.255872;41.796783,12.255876;41.796871,12.255632;41.796514,12.255407;41.796428,12.255656;41.796432,12.255659;41.796379,12.255802;41.796372,12.255808;41.796357,12.255809;41.796352,12.255803;41.796350,12.255783;41.796401,12.255639;41.796406,12.255643;41.796495,12.255394;41.796254,12.255244;41.796054,12.255448;41.796059,12.255451;41.796006,12.255593;41.795999,12.255600;41.795984,12.255601;41.795979,12.255595;41.795976,12.255575;41.796028,12.255431;41.796033,12.255435;41.796235,12.255232;41.796290,12.255076;41.796198,12.255018;41.796166,12.255090;41.796147,12.255075;41.796110,12.255156;41.796095,12.255143;41.796090,12.255154;41.795843,12.254953;41.796013,12.254570;41.796114,12.254651;41.796130,12.254616;41.796275,12.254735;41.796267,12.254752;41.796285,12.254766;41.796252,12.254840;41.796268,12.254853;41.796247,12.254899;41.796331,12.254956;41.796382,12.254809;41.796841,12.255097;41.796930,12.254845;41.796926,12.254842;41.796976,12.254698;41.796983,12.254691;41.796998,12.254690;41.797004,12.254696;41.797006,12.254716;41.796957,12.254861;41.796952,12.254857;41.796862,12.255110;41.797187,12.255315;41.797277,12.255074;41.797272,12.255071;41.797323,12.254928;41.797330,12.254921;41.797345,12.254919;41.797350,12.254925;41.797353,12.254945;41.797304,12.255090;41.797299,12.255087;41.797210,12.255330;41.797562,12.255553;41.797650,12.255308;41.797645,12.255305;41.797696,12.255162;41.797703,12.255154;41.797718,12.255153;41.797723,12.255159;41.797726,12.255179;41.797677,12.255324;41.797672,12.255321;41.797584,12.255565;41.797662,12.255614;41.797691,12.255530;41.798005,12.255728;41.798067,12.255546;41.798063,12.255543;41.798113,12.255399;41.798120,12.255392;41.798135,12.255391;41.798140,12.255397;41.798143,12.255417;41.798094,12.255562;41.798089,12.255558;41.798027,12.255742;41.798177,12.255836;41.798162,12.255878;41.798310,12.255971;41.798313,12.255962;41.798371,12.255999;41.798378,12.255989;41.798391,12.255988;41.798397,12.255994;41.798401,12.256003;41.798400,12.256015;41.798374,12.256088;41.798290,12.256032;41.798293,12.256023;41.798143,12.255933;41.797915,12.256587;41.797921,12.256591;41.797894,12.256668;41.797901,12.256678;41.797901,12.256695;41.797897,12.256703;41.797890,12.256708;41.797881,12.256707;41.797827,12.256671;41.797869,12.256558;41.797876,12.256563;41.797937,12.256385;41.797587,12.256165;41.797532,12.256322;41.797537,12.256325;41.797484,12.256467;41.797470,12.256476;41.797462,12.256475;41.797457,12.256469;41.797454,12.256449;41.797506,12.256305;41.797511,12.256309
P|T|Boarding Area E|41.796382,12.241616;41.796406,12.241703;41.796540,12.241736;41.796539,12.241732;41.796606,12.241700;41.796634,12.241803;41.796567,12.241835;41.796551,12.241778;41.796417,12.241745;41.796558,12.242255;41.796690,12.242260;41.796688,12.242254;41.796755,12.242221;41.796782,12.242324;41.796716,12.242357;41.796700,12.242299;41.796569,12.242294;41.796593,12.242380;41.796565,12.242394;41.796733,12.242551;41.796739,12.242548;41.796763,12.242638;41.796688,12.242674;41.796664,12.242584;41.796701,12.242566;41.796535,12.242409;41.796113,12.242618;41.796223,12.242750;41.796229,12.242747;41.796253,12.242837;41.796177,12.242873;41.796153,12.242784;41.796194,12.242764;41.796085,12.242632;41.796001,12.242673;41.795913,12.242965;41.795919,12.242968;41.795894,12.243056;41.795820,12.243018;41.795844,12.242930;41.795887,12.242952;41.795966,12.242691;41.795788,12.242779;41.795749,12.242755;41.795721,12.242832;41.795706,12.242859;41.795688,12.242882;41.795667,12.242901;41.795644,12.242916;41.795619,12.242925;41.795592,12.242928;41.795566,12.242926;41.795541,12.242918;41.795516,12.242904;41.795494,12.242885;41.795475,12.242861;41.795459,12.242833;41.795446,12.242801;41.795438,12.242768;41.795434,12.242733;41.795435,12.242697;41.795440,12.242662;41.795467,12.242578;41.795427,12.242553;41.795358,12.242303;41.795284,12.242498;41.795286,12.242503;41.795219,12.242536;41.795191,12.242433;41.795258,12.242400;41.795271,12.242450;41.795345,12.242255;41.795317,12.242157;41.795184,12.242125;41.795185,12.242129;41.795118,12.242161;41.795090,12.242059;41.795157,12.242026;41.795172,12.242084;41.795306,12.242116;41.795164,12.241602;41.795040,12.241598;41.795041,12.241602;41.794975,12.241634;41.794947,12.241531;41.795013,12.241499;41.795029,12.241558;41.795153,12.241564;41.795130,12.241480;41.795158,12.241466;41.794989,12.241302;41.794937,12.241111;41.794966,12.241097;41.794975,12.241129;41.794994,12.241120;41.795014,12.241193;41.795039,12.241181;41.795053,12.241233;41.795059,12.241230;41.795033,12.241135;41.794872,12.241038;41.794882,12.241004;41.795055,12.241107;41.795085,12.241218;41.795088,12.241216;41.795097,12.241250;41.795023,12.241285;41.795191,12.241450;41.795593,12.241251;41.795464,12.241154;41.795460,12.241156;41.795436,12.241066;41.795512,12.241030;41.795536,12.241119;41.795501,12.241136;41.795626,12.241235;41.795692,12.241202;41.795714,12.241034;41.795689,12.240944;41.795764,12.240908;41.795788,12.240998;41.795745,12.241019;41.795721,12.241188;41.796107,12.240997;41.796110,12.240842;41.796107,12.240844;41.796083,12.240754;41.796159,12.240718;41.796183,12.240807;41.796139,12.240829;41.796135,12.240984;41.796198,12.240952;41.796210,12.240994;41.796333,12.240770;41.796330,12.240761;41.796397,12.240729;41.796425,12.240832;41.796358,12.240864;41.796344,12.240811;41.796221,12.241034;41.796370,12.241573;41.796447,12.241392;41.796445,12.241385;41.796512,12.241353;41.796540,12.241456;41.796473,12.241488;41.796460,12.241438
P|T|Boarding Area E|41.794914,12.248841;41.794807,12.248950;41.794749,12.248849;41.794630,12.248627;41.794572,12.248291;41.794504,12.247808;41.794271,12.246622;41.794304,12.246615;41.794405,12.246580;41.794666,12.248141;41.794739,12.248522
P|T|Boarding Area E|41.796360,12.251257;41.796297,12.251144;41.796401,12.251043;41.795932,12.250174;41.795826,12.250274;41.795764,12.250159;41.795869,12.250059;41.795407,12.249206;41.795301,12.249309;41.795238,12.249192;41.795344,12.249089;41.795280,12.248971;41.795585,12.248686;41.795620,12.248670;41.795651,12.248664;41.795699,12.248671;41.795740,12.248689;41.795805,12.248744;41.795843,12.248709;41.796864,12.250623;41.796841,12.250644;41.796904,12.250760;41.796743,12.250913;41.796555,12.251326;41.796468,12.251157
P|T|Departure Area C|41.797225,12.252537;41.797267,12.252572;41.796794,12.253596;41.796832,12.253628;41.796800,12.253699;41.796760,12.253667;41.796371,12.254495;41.796352,12.254481;41.796245,12.254710;41.796166,12.254644;41.796185,12.254600;41.796174,12.254593;41.796203,12.254529;41.796217,12.254538;41.796638,12.253606;41.796537,12.253526;41.796556,12.253415;41.796568,12.253320;41.796380,12.253279;41.796146,12.253222;41.796652,12.252117;41.796528,12.251751;41.796599,12.251718;41.796702,12.252019;41.796851,12.252147;41.796823,12.252207
P|T|Terminal 1|41.794656,12.255630;41.794605,12.255723;41.794484,12.255626;41.794326,12.255977;41.794524,12.256138;41.794511,12.256167;41.794777,12.256387;41.794789,12.256364;41.794848,12.256416;41.794910,12.256277;41.795108,12.256449;41.795032,12.256618;41.795130,12.256681;41.795048,12.256865;41.795128,12.256915;41.795209,12.256734;41.795402,12.256848;41.795503,12.256912;41.795554,12.256769;41.795459,12.256701;41.795890,12.255479;41.796054,12.255124;41.795843,12.254953;41.796013,12.254570;41.796095,12.254393;41.795885,12.254227;41.795877,12.254247;41.795591,12.254015;41.795459,12.253901;41.795470,12.253878;41.795363,12.253789;41.794549,12.255541
P|T|Terminal 3|41.796410,12.251327;41.796460,12.251226;41.796535,12.251288;41.796555,12.251326;41.796563,12.251311;41.796706,12.251432;41.796698,12.251448;41.796906,12.251617;41.796868,12.251711;41.796898,12.251735;41.796840,12.251867;41.796782,12.251831;41.796776,12.251847;41.796613,12.251711;41.796452,12.251787;41.796490,12.251951;41.796522,12.252125;41.796204,12.252225;41.796210,12.252257;41.795738,12.252414;41.795754,12.252548;41.795761,12.252698;41.795700,12.252703;41.795696,12.252612;41.795686,12.252503;41.795670,12.252391;41.795606,12.252405;41.795587,12.252285;41.795552,12.252165;41.795476,12.251957;41.795408,12.251820;41.795296,12.251603;41.795401,12.251503;41.795349,12.251393;41.795284,12.251454;41.794242,12.249524;41.794914,12.248841;41.794739,12.248522;41.794666,12.248141;41.794803,12.248398;41.794816,12.248385;41.794842,12.248313;41.794866,12.248262;41.794916,12.248189;41.794983,12.248136;41.795001,12.248100;41.795027,12.248090;41.795064,12.248083;41.795060,12.247956;41.795119,12.247955;41.795177,12.247970;41.795168,12.248040;41.795207,12.248057;41.795212,12.248036;41.795288,12.248091;41.795353,12.248163;41.795399,12.248253;41.795439,12.248385;41.795448,12.248530;41.795426,12.248659;41.795404,12.248651;41.795384,12.248712;41.795355,12.248771;41.795404,12.248857;41.795280,12.248971;41.795238,12.249006;41.795216,12.248965;41.795164,12.249015;41.795192,12.249068;41.795178,12.249083;41.796360,12.251257;41.796384,12.251307
P|T|Terminal T1 Extension|41.795700,12.252703;41.795761,12.252698;41.795763,12.252873;41.795756,12.252999;41.795743,12.253106;41.796146,12.253222;41.796380,12.253279;41.796568,12.253320;41.796556,12.253415;41.796537,12.253526;41.796488,12.253739;41.796408,12.253986;41.796314,12.254222;41.796210,12.254455;41.796114,12.254651;41.796013,12.254570;41.796095,12.254393;41.795885,12.254227;41.795877,12.254247;41.795591,12.254015;41.795459,12.253901;41.795470,12.253878;41.795418,12.253835;41.795516,12.253643;41.795564,12.253533;41.795615,12.253386;41.795653,12.253242;41.795682,12.253094;41.795700,12.252867
P|T|Terminal T5|41.791572,12.247272;41.791624,12.247847;41.790955,12.247947;41.790936,12.247766;41.790406,12.247845;41.790243,12.245884;41.791019,12.245768;41.791000,12.245536;41.791480,12.245464
P|T|Transit Junction|41.797225,12.252537;41.796823,12.252207;41.796851,12.252147;41.796702,12.252019;41.796782,12.251831;41.796894,12.251899;41.797007,12.251579;41.797236,12.251725;41.797222,12.251776;41.797259,12.251800;41.797213,12.251947;41.797168,12.251916;41.797114,12.252067;41.797158,12.252292;41.797213,12.252339;41.797247,12.252247;41.797321,12.252294;41.797287,12.252395
